Protein,Domain,Range,ECOD_num,ECOD_key,T-group,DPAM_prob,HH_prob,DALI_zscore,Hit_cov,Tgroup_cov,Judge,Hcount,Scount,subset,domain_length,bin,intracellular_percentage
P19801,nD1,31-140,1149190,e3hi7A6,243.5.1,0.998,1.0,10.4,0.909,0.909,good_domain,2,5,subset_415,110,1,0.0
P19801,nD2,141-285,1149189,e3hi7A5,243.5.1,0.998,1.0,20.2,0.837,1.198,good_domain,4,5,subset_415,145,1,0.0
P19801,nD3,301-750,1149188,e3hi7A4,12.3.1,1.0,1.0,46.3,0.996,1.601,good_domain,4,25,subset_415,450,2,0.0
P05771,nD1,31-95,167536,e2ennA1,376.1.2,0.997,0.878,9.2,0.829,1.048,good_domain,0,4,subset_415,65,0,100.0
P05771,nD2,96-155,2581364,e6ra0A2,376.1.2,0.996,0.937,9.1,1.0,0.968,simple_topology,0,2,subset_415,60,0,100.0
P05771,nD3,156-290,179750,e3pfqA2,11.2.1,0.998,1.0,26.1,0.971,0.957,good_domain,3,7,subset_415,135,1,100.0
P05771,nD4,326-665,1397996,e4ra5A1,206.1.1,0.999,1.0,46.6,0.97,1.13,good_domain,11,8,subset_415,340,2,100.0
P05019,nD1,51-113,88152,e1efeA1,367.1.1,0.986,0.995,3.7,0.85,0.94,good_domain,2,1,subset_415,63,0,0.0
Q9GZQ8,nD1,1-120,2628875,e7brnA1,221.1.1,0.997,1.0,18.4,0.872,1.277,good_domain,4,6,subset_98,120,1,100.0
P30968,nD1,21-328,2664758,e7br3A1,5001.1.1,1.0,1.0,29.9,0.882,1.079,good_domain,9,2,subset_98,308,2,31.493506493506494
O00763,nD1,246-380,1124183,e3u9tA1,2003.1.10,0.995,1.0,15.8,0.974,1.244,good_domain,5,4,subset_98,135,1,100.0
O00763,nD2,381-645,80656,e1t36A2,206.1.3,0.999,0.999,21.9,0.785,1.183,good_domain,7,8,subset_98,265,2,100.0
O00763,nD3,646-765,1488990,e4mv4A3,325.1.1,0.995,1.0,16.3,0.95,1.086,good_domain,3,5,subset_98,120,1,100.0
O00763,nD4,766-890,1699716,e5cslB1,3794.1.1,0.997,1.0,18.9,0.947,0.984,good_domain,1,8,subset_98,125,1,100.0
O00763,nD5,891-980,1701043,e5csaA6,325.1.7,0.999,1.0,15.0,1.0,1.125,good_domain,0,6,subset_98,90,1,100.0
O00763,nD6,981-1230,2401820,e6g2iA10,109.49.1,1.0,1.0,23.7,0.971,1.02,good_domain,11,0,subset_98,250,2,100.0
O00763,nD7,1236-1490,2401813,e6g2iA3,2008.6.1,0.999,1.0,7.7,0.813,1.154,good_domain,6,8,subset_98,255,2,100.0
O00763,nD8,1491-1700,2401812,e6g2iA2,2008.6.1,0.999,1.0,21.8,0.929,0.95,good_domain,3,8,subset_98,210,2,100.0
O00763,nD9,1701-2020,363351,e3ff6A2,2486.1.1,0.999,0.965,16.8,0.443,1.24,good_domain,9,15,subset_98,320,2,100.0
O00763,nD10,2021-2458,1694016,e5ctbB2,2486.1.1,0.999,0.956,15.1,0.542,1.698,good_domain,12,15,subset_98,438,2,100.0
Q99795,nD1,16-140,1162816,e4bfiA3,11.1.1,0.997,0.995,11.0,0.558,1.157,good_domain,1,10,subset_98,125,1,4.8
Q99795,nD2,141-230,2142323,e5w21C1,11.1.1,0.998,0.993,8.3,0.793,0.833,good_domain,1,6,subset_98,90,1,0.0
Q99795,nD3,236-260,2131603,e4wolB1,3470.1.1,0.876,0.72,0.0,0.667,0.806,simple_topology,1,0,subset_98,25,0,12.0
O15519,nD1,1-90,1127948,e2bbrA2,110.1.1,0.992,0.999,13.5,0.931,0.938,good_domain,6,0,subset_232,90,1,100.0
O15519,nD2,91-185,2793297,e7deeA1,110.1.1,0.993,0.999,15.3,0.957,0.99,good_domain,5,1,subset_232,95,1,100.0
O15519,nD3,241-480,134623,e3h11A1,7575.1.1,0.999,1.0,35.7,0.981,0.928,good_domain,7,9,subset_232,240,2,100.0
P18621,nD1,1-165,2786286,e6xu8CP1,218.2.1,0.997,0.999,23.1,0.881,1.071,good_domain,5,8,subset_232,165,2,100.0
Q09161,nD1,16-290,2146284,e5oobF3,109.4.1,0.999,1.0,35.1,1.0,0.962,good_domain,8,2,subset_232,275,2,100.0
Q09161,nD2,291-480,60002,e1h6kC2,109.4.1,0.997,1.0,24.4,1.0,0.664,good_domain,9,1,subset_232,190,2,100.0
Q09161,nD3,481-790,60011,e1h6kC3,109.4.1,1.0,1.0,26.0,0.939,1.084,good_domain,11,0,subset_232,310,2,100.0
P49915,nD1,26-215,104092,e1gpmC3,2007.1.1,0.997,1.0,30.1,0.927,0.896,good_domain,5,8,subset_88,190,2,100.0
P49915,nD2,"216-485,491-693",2832076,e7mo6B3,2005.1.1,0.992,1.0,19.6,0.933,2.21,good_domain,15,13,subset_88,473,2,100.0
P22455,nD1,31-120,2123352,e5vi4E1,11.1.1,0.996,0.998,7.1,0.68,0.833,good_domain,1,7,subset_88,90,1,0.0
P22455,nD2,136-245,2101631,e5w59B1,11.1.1,0.997,0.996,19.0,1.0,1.019,good_domain,3,9,subset_88,110,1,0.0
P22455,nD3,246-360,1218937,e3ojmB4,11.1.1,0.998,0.996,18.2,0.991,1.065,good_domain,1,7,subset_88,115,1,0.0
P22455,nD4,366-390,1764134,e2n2aA1,3569.1.1,0.893,0.547,0.0,0.293,0.431,simple_topology,1,0,subset_88,25,0,4.0
P22455,nD5,446-750,1674573,e5a46B1,206.1.1,1.0,1.0,35.2,0.916,1.013,good_domain,10,9,subset_88,305,2,100.0
P30291,nD1,282-580,146736,e2yleA1,206.1.1,0.984,0.922,11.4,0.616,0.993,good_domain,9,8,subset_88,299,2,100.0
P30291,nD2,581-620,2321841,e4xr7C2,1016.1.1,0.817,0.999,0.0,na,na,simple_topology,1,0,subset_88,40,0,100.0
Q99650,nD1,1-140,1162548,e3e0gA8,11.1.1,1.0,1.0,14.3,0.915,1.296,good_domain,1,7,subset_88,140,1,16.428571428571427
Q99650,nD2,146-235,1162549,e3e0gA9,11.1.1,1.0,1.0,11.3,0.94,0.833,good_domain,0,8,subset_88,90,1,0.0
Q99650,nD3,236-330,33112,e2d9qB1,11.1.1,1.0,0.998,10.0,0.821,0.88,good_domain,1,7,subset_88,95,1,0.0
Q99650,nD4,331-425,1549419,e4y5vF1,11.1.1,1.0,0.991,13.2,0.85,0.88,good_domain,0,7,subset_88,95,1,0.0
Q99650,nD5,426-525,2527388,e6mfaA3,11.1.1,1.0,0.998,12.2,0.934,0.926,good_domain,0,7,subset_88,100,1,0.0
Q99650,nD6,526-620,2768043,e6xayC2,11.1.1,1.0,0.994,9.6,0.828,0.88,good_domain,0,7,subset_88,95,1,0.0
Q99650,nD7,621-760,1883942,e5e4qA1,11.1.1,0.999,0.996,10.9,0.941,1.296,good_domain,1,8,subset_88,140,1,0.0
Q6ISB3,nD1,"246-435,466-485",2387776,e5mphA1,11.1.5,0.997,1.0,30.4,0.833,1.364,good_domain,4,11,subset_115,210,2,100.0
Q6ISB3,nD2,536-625,991026,e4dwfB1,221.1.1,0.984,0.0,4.9,0.899,0.957,good_domain,2,6,subset_115,90,1,100.0
Q16288,nD1,1-205,1406724,e4pbwA1,207.1.1,0.997,0.998,28.0,0.931,0.722,good_domain,3,7,subset_115,205,2,15.121951219512194
Q16288,nD2,206-300,1406713,e4pbvA2,11.1.1,0.997,0.998,15.4,0.929,0.88,good_domain,0,8,subset_115,95,1,0.0
Q16288,nD3,"301-405,431-455",1954718,e5t89Y2,11.1.1,0.993,0.992,8.8,0.386,1.204,good_domain,2,7,subset_115,130,1,1.5384615384615385
Q16288,nD4,516-839,2542775,e6kzdA1,206.1.1,0.993,1.0,38.3,0.887,1.076,good_domain,11,8,subset_115,324,2,100.0
P49768,nD1,"71-285,376-465",2429565,e6idfB1,3542.1.1,1.0,1.0,39.4,0.98,1.222,good_domain,10,1,subset_115,305,2,23.278688524590162
P49768,nD2,351-375,119235,e2kr6A1,3542.1.1,0.981,0.999,0.0,0.142,0.1,simple_topology,1,0,subset_115,25,0,100.0
P36888,nD1,36-160,415216,e3qs7F3,11.1.1,0.996,1.0,10.5,0.882,1.157,good_domain,2,10,subset_1,125,1,0.0
P36888,nD2,166-245,415217,e3qs7F4,11.1.1,1.0,1.0,12.4,0.817,0.741,good_domain,0,6,subset_1,80,0,0.0
P36888,nD3,246-345,415214,e3qs7F1,11.1.1,1.0,1.0,17.7,0.99,0.926,good_domain,1,8,subset_1,100,1,0.0
P36888,nD4,346-435,1874457,e3qs9G1,11.1.1,1.0,1.0,16.4,0.926,0.833,good_domain,0,8,subset_1,90,1,0.0
P36888,nD5,"436-565,576-715,771-960",1871755,e5k5xA1,206.1.1,0.992,0.999,45.5,0.939,1.528,good_domain,12,18,subset_1,460,2,72.3913043478261
P07437,nD1,1-240,151218,e4drxB2,2003.1.6,0.999,1.0,33.4,0.959,1.165,good_domain,9,7,subset_1,240,2,100.0
P07437,nD2,241-430,151217,e4drxB1,301.6.1,0.995,1.0,18.1,0.989,1.301,good_domain,5,5,subset_1,190,2,100.0
Q13003,nD1,"36-155,286-390",2122609,e5kc9A1,2007.1.2,0.996,1.0,25.6,0.684,1.573,good_domain,7,7,subset_1,225,2,0.0
Q13003,nD2,"156-285,391-415",1881769,e3qluB1,2007.1.2,0.999,1.0,21.9,0.56,1.084,good_domain,4,9,subset_1,155,2,0.0
Q13003,nD3,"431-535,766-810",1523290,e1yaeB2,7523.1.1,0.997,0.999,27.3,0.935,1.0,good_domain,4,5,subset_1,150,1,0.0
Q13003,nD4,"536-555,661-765",2062177,e4q0cC4,7523.1.1,0.998,0.977,16.4,0.336,0.833,good_domain,5,6,subset_1,125,1,0.0
Q13003,nD5,"556-660,816-870",2816920,e7f57A3,5054.1.1,0.987,1.0,12.3,0.528,0.702,good_domain,5,3,subset_1,160,2,53.125
P01854,nD1,6-105,1111492,e4lfhG1,11.1.1,0.998,0.972,11.6,0.816,0.926,good_domain,2,7,subset_1,100,1,0.0
P01854,nD2,111-210,404646,e2wqrB1,11.1.1,0.999,0.999,14.9,0.891,0.926,good_domain,1,7,subset_1,100,1,0.0
P01854,nD3,211-315,404647,e2wqrB2,11.1.1,0.999,0.999,19.4,0.962,0.972,good_domain,1,7,subset_1,105,1,0.0
P01854,nD4,"316-425,501-525",2141921,e5nqwB1,11.1.1,0.999,0.997,18.4,0.94,1.25,good_domain,3,7,subset_1,135,1,5.185185185185185
P21860,nD1,26-205,389598,e3h3bA1,207.1.1,0.993,0.999,27.9,0.927,0.634,good_domain,1,5,subset_84,180,2,0.0
P21860,nD2,206-325,1851307,e2ahxA5,389.6.1,0.998,1.0,12.2,0.768,0.902,good_domain,0,12,subset_84,120,1,0.0
P21860,nD3,326-530,1584712,e3p11A2,207.1.1,0.993,1.0,33.0,0.99,0.722,good_domain,2,8,subset_84,205,2,0.0
P21860,nD4,531-630,147709,e3qwqA4,389.6.1,0.999,1.0,11.7,0.746,0.752,good_domain,0,7,subset_84,100,1,0.0
P21860,nD5,"661-680,701-1003",379980,e3kexA1,206.1.1,0.99,1.0,40.4,0.936,1.073,good_domain,12,9,subset_84,323,2,98.76160990712074
P51160,nD1,"6-35,41-235",2697340,e6x88A1,223.1.1,0.994,1.0,27.3,0.964,1.541,good_domain,7,6,subset_84,225,2,100.0
P51160,nD2,"236-285,311-435",2697341,e6x88A2,223.1.1,0.995,1.0,27.2,0.898,1.199,good_domain,4,6,subset_84,175,2,100.0
P51160,nD3,461-835,2396734,e6c7eA1,131.1.1,0.999,1.0,41.8,0.974,1.623,good_domain,13,0,subset_84,375,2,100.0
P24941,nD1,1-298,2463870,e6q4kA1,206.1.1,0.999,1.0,41.9,0.963,0.99,good_domain,7,8,subset_84,298,2,100.0
P32942,nD1,31-115,1220114,e3rnqB4,11.1.1,1.0,0.994,9.3,0.44,0.787,good_domain,0,8,subset_84,85,0,0.0
P32942,nD2,116-215,1220114,e3rnqB4,11.1.1,0.999,0.994,9.3,0.419,0.926,good_domain,2,7,subset_84,100,1,0.0
P32942,nD3,216-315,1163639,e1p53A5,11.1.1,0.999,0.999,18.4,1.0,0.926,good_domain,2,8,subset_84,100,1,0.0
P32942,nD4,316-395,1697,e2oz4A1,11.1.1,1.0,0.999,13.8,0.929,0.741,good_domain,0,7,subset_84,80,0,0.0
P32942,nD5,"396-480,486-510",1707,e2oz4A3,11.1.1,1.0,0.999,15.1,0.976,1.019,good_domain,2,5,subset_84,110,1,0.0
Q96JJ3,nD1,6-80,2512599,e6idxA1,221.1.1,0.994,1.0,17.0,0.987,0.798,good_domain,3,4,subset_65,75,0,100.0
Q96JJ3,nD2,81-295,4617,e1xm9A1,109.4.1,0.997,0.962,13.0,0.473,0.752,good_domain,12,1,subset_65,215,2,100.0
Q96JJ3,nD3,296-520,2504397,e6ie1A1,7060.1.1,0.991,1.0,27.5,0.986,1.023,good_domain,9,1,subset_65,225,2,100.0
Q96JJ3,nD4,526-700,2643003,e6tgbB1,220.1.1,0.991,1.0,15.9,0.797,1.434,good_domain,5,6,subset_65,175,2,100.0
O75762,nD1,31-275,2136418,e5ma3A1,109.3.1,0.999,0.999,25.4,0.599,1.231,good_domain,13,0,subset_65,245,2,100.0
O75762,nD2,276-405,1842586,e5ja4D1,109.3.1,0.994,0.0,16.1,0.812,0.653,good_domain,8,3,subset_65,130,1,100.0
O75762,nD3,406-700,2494239,e6molA2,109.3.1,0.999,1.0,27.7,0.413,1.482,good_domain,15,3,subset_65,295,2,100.0
O75762,nD4,701-1070,2322773,e5wj9B2,5054.1.1,0.999,0.993,11.9,0.781,1.623,good_domain,10,4,subset_65,370,2,47.027027027027025
O15530,nD1,76-375,80269,e1h1wA1,206.1.1,0.999,1.0,45.2,0.972,0.997,good_domain,10,10,subset_65,300,2,100.0
O15530,nD2,401-555,28839,e1w1hB1,220.1.1,0.996,0.988,23.8,0.986,1.27,good_domain,3,7,subset_65,155,2,100.0
P04435,nD1,21-115,2604978,e6oo0H1,11.1.1,0.996,0.989,11.9,0.561,0.88,good_domain,2,8,subset_65,95,1,0.0
P62942,nD1,1-108,391539,e3mdyB1,284.1.1,0.998,0.994,23.0,0.991,0.973,good_domain,2,6,subset_433,108,1,100.0
Q06432,nD1,6-215,2496865,e6jpaE1,633.23.1,0.992,1.0,20.5,0.804,1.123,good_domain,4,5,subset_433,210,2,10.0
P08637,nD1,21-105,1747,e1fnlA1,11.1.1,0.999,0.997,16.5,1.0,0.787,good_domain,1,8,subset_433,85,0,0.0
P08637,nD2,"106-190,196-230",1748,e1fnlA2,11.1.1,0.999,0.997,17.4,0.955,1.111,good_domain,3,9,subset_433,120,1,0.8333333333333334
O75874,nD1,106-285,2601935,e1t0lA1,7510.1.1,1.0,1.0,24.4,0.994,0.986,good_domain,5,9,subset_470,180,2,100.0
O75874,nD2,"1-105,286-414",2601073,e4ja8A1,7510.1.1,0.999,1.0,36.2,0.979,1.282,good_domain,10,5,subset_470,234,2,100.0
P62861,nD1,1-70,141924,e2l7rA1,221.1.1,0.998,0.967,14.3,0.946,0.745,good_domain,2,5,subset_470,70,0,1.0
P62861,nD2,96-133,2512481,e6rm3SEE1,3168.1.1,0.968,0.997,0.0,0.661,0.655,simple_topology,1,0,subset_470,38,0,1.0
Q92854,nD1,26-500,43841,e1olzB2,5.1.4,0.971,1.0,61.7,0.985,1.323,good_domain,5,30,subset_470,475,2,0.0
Q92854,nD2,501-555,2512612,e6fkmB2,355.1.1,1.0,1.0,8.0,0.881,1.0,good_domain,1,2,subset_470,55,0,0.0
Q92854,nD3,556-655,39102,e1olzB1,11.1.1,0.999,1.0,16.8,0.989,0.926,good_domain,1,7,subset_470,100,1,0.0
Q9NZM3,nD1,6-105,1756093,e2jq6A1,108.1.1,0.998,0.98,13.5,0.922,1.124,good_domain,4,2,subset_50,100,1,100.0
Q9NZM3,nD2,236-330,134278,e2kgrA1,108.1.1,0.999,0.977,12.2,0.922,1.067,good_domain,4,2,subset_50,95,1,100.0
Q9NZM3,nD3,"396-425,481-530,626-695",1756673,e3vkgA15,148.1.3,0.95,0.929,0.0,0.51,1.613,simple_topology,2,0,subset_50,150,1,100.0
Q9NZM3,nD4,576-625,2816307,e6z26B1,192.8.1,0.932,0.886,2.3,0.359,0.68,simple_topology,1,0,subset_50,50,0,100.0
Q9NZM3,nD5,716-740,2085433,e5nugB13,148.1.3,0.897,0.286,0.0,0.196,0.269,simple_topology,1,0,subset_50,25,0,100.0
Q9NZM3,nD6,756-820,164565,e2gtjA1,4.1.1,0.999,0.885,5.8,0.667,0.812,good_domain,1,4,subset_50,65,0,100.0
Q9NZM3,nD7,891-960,2132365,e6b25A2,4.1.1,0.999,0.943,6.9,0.966,0.875,good_domain,1,4,subset_50,70,0,100.0
Q9NZM3,nD8,971-1040,2145750,e6b26A1,4.1.1,0.999,0.958,9.5,0.905,0.875,good_domain,1,4,subset_50,70,0,100.0
Q9NZM3,nD9,1041-1120,2145750,e6b26A1,4.1.1,0.998,0.884,8.7,0.921,1.0,good_domain,1,4,subset_50,80,0,100.0
Q9NZM3,nD10,1121-1195,2145750,e6b26A1,4.1.1,0.999,0.843,8.8,0.937,0.938,good_domain,1,4,subset_50,75,0,100.0
Q9NZM3,nD11,1196-1410,395045,e3jv3B1,133.1.1,0.997,0.998,30.5,0.933,1.024,good_domain,7,1,subset_50,215,2,100.0
Q9NZM3,nD12,1411-1560,929,e1ki1B1,220.1.1,0.997,1.0,18.6,0.915,1.23,good_domain,3,8,subset_50,150,1,100.0
Q9NZM3,nD13,1566-1695,136617,e3jzyA1,11.2.1,0.999,1.0,22.5,1.0,0.922,good_domain,1,8,subset_50,130,1,100.0
Q09428,nD1,6-215,2736827,e6z0cC1,150.1.1,0.96,0.0,10.4,0.646,1.296,good_domain,6,1,subset_50,210,2,29.523809523809526
Q09428,nD2,"216-325,331-400,416-455,461-560,576-630,981-1320",2487485,e6jb3B1,1075.4.1,1.0,1.0,27.3,0.944,2.217,good_domain,17,2,subset_50,715,3,54.40559440559441
Q09428,nD3,666-950,185615,e3zqjA1,2004.1.1,0.997,0.949,15.8,0.664,1.278,good_domain,8,10,subset_50,285,2,100.0
Q09428,nD4,1326-1575,185615,e3zqjA1,2004.1.1,0.998,0.988,15.8,0.664,1.121,good_domain,8,10,subset_50,250,2,100.0
P14555,nD1,21-144,88350,e1n28A1,371.1.1,0.999,1.0,23.8,1.0,1.016,good_domain,3,2,subset_50,124,1,0.0
P29279,nD1,41-95,1168850,e3tjqA5,389.6.1,0.983,0.879,4.3,0.7,0.414,good_domain,1,4,subset_50,55,0,0.0
P29279,nD2,101-165,2512605,e6n29A6,391.1.1,0.994,0.387,3.8,0.773,1.413,good_domain,0,7,subset_50,65,0,0.0
P29279,nD3,236-330,1125646,e4nt5A1,385.1.1,0.982,0.911,6.1,0.785,0.896,good_domain,0,4,subset_50,95,1,0.0
Q9BT81,nD1,41-120,2426,e1v64A1,190.1.1,0.995,0.974,4.3,0.685,0.964,good_domain,3,0,subset_367,80,0,100.0
Q9HC29,nD1,31-120,193851,e2dbhA1,110.1.1,0.99,0.0,7.0,0.794,0.938,good_domain,4,0,subset_367,90,1,100.0
Q9HC29,nD2,131-205,2410076,e6gwmA1,110.1.1,0.988,0.879,9.3,0.584,0.781,good_domain,5,0,subset_367,75,0,100.0
Q9HC29,nD3,216-445,1854642,e5irmC4,2004.1.1,0.997,1.0,30.6,0.902,1.031,good_domain,9,10,subset_367,230,2,100.0
Q9HC29,nD4,446-525,2809336,e7alvA3,148.1.3,0.991,1.0,8.3,0.892,0.86,good_domain,4,1,subset_367,80,0,100.0
Q9HC29,nD5,541-600,1854641,e5irmC3,101.1.2,0.988,1.0,10.0,0.853,0.632,good_domain,2,2,subset_367,60,0,100.0
Q9HC29,nD6,"601-630,656-760",2809335,e7alvA2,3736.1.1,0.992,1.0,6.5,0.748,1.0,good_domain,7,1,subset_367,135,1,100.0
Q9HC29,nD7,766-1040,2770911,e7mlmA1,207.1.1,0.998,0.984,14.4,0.38,0.968,good_domain,10,13,subset_367,275,2,100.0
Q99460,nD1,"1-275,316-345",2793095,e7d63RD1,109.4.1,0.986,0.253,6.4,0.396,1.066,good_domain,17,0,subset_367,305,2,100.0
Q99460,nD2,346-935,1884987,e5l4kN2,109.35.1,1.0,1.0,59.2,0.991,1.077,good_domain,26,7,subset_367,590,3,100.0
Q9UBH6,nD1,1-220,2793935,e7e40B2,1065.1.1,0.994,0.999,17.4,0.93,1.229,good_domain,8,0,subset_60,220,2,100.0
Q9UBH6,nD2,231-620,1868016,e5b0wA1,5001.1.1,0.978,0.0,9.7,0.766,1.366,good_domain,12,0,subset_60,390,2,32.30769230769231
O43613,nD1,21-380,2565169,e6todB1,5001.1.1,1.0,1.0,40.4,0.864,1.261,good_domain,10,2,subset_60,360,2,31.11111111111111
P06213,nD1,36-185,1559013,e4xssE2,207.1.1,0.996,1.0,28.2,0.949,0.528,good_domain,2,6,subset_60,150,1,0.0
P06213,nD2,"26-35,186-335",304137,e2hr7A1,389.6.1,0.998,1.0,18.2,0.98,1.203,good_domain,2,14,subset_60,160,2,1.25
P06213,nD3,336-490,2072368,e4zxbE7,207.1.1,0.997,1.0,31.2,0.945,0.546,good_domain,2,5,subset_60,155,2,0.0
P06213,nD4,491-620,2415083,e6hn5F2,11.1.1,0.998,1.0,19.1,0.696,1.204,good_domain,1,8,subset_60,130,1,0.0
P06213,nD5,"621-740,796-955",2573706,e6pxvA2,11.1.1,0.997,1.0,18.0,1.0,2.593,good_domain,2,14,subset_60,280,2,0.0
P06213,nD6,956-980,2449452,e6grtB3,11.1.1,0.989,0.0,6.0,0.07,0.231,simple_topology,1,0,subset_60,25,0,8.0
P06213,nD7,991-1333,7089,e1p4oA1,206.1.1,0.995,1.0,40.7,0.961,1.14,good_domain,9,8,subset_60,343,2,100.0
P12272,nD1,41-65,2105883,e5xtcW1,1132.1.1,0.388,0.0,2.4,na,na,simple_topology,1,0,subset_60,25,0,0.0
O75165,nD1,6-110,296642,e2d4qA2,220.1.1,0.995,0.569,11.8,0.784,0.861,good_domain,2,6,subset_197,105,1,100.0
O75165,nD2,111-215,1414921,e4r8gE1,220.1.1,0.993,0.244,10.9,0.523,0.861,good_domain,2,6,subset_197,105,1,100.0
O75165,nD3,216-335,1390080,e3a58A1,220.1.1,0.997,0.639,10.9,0.568,0.984,good_domain,3,8,subset_197,120,1,100.0
O75165,nD4,"336-745,751-835",1289025,e4cruB1,109.4.1,0.988,0.0,16.1,0.727,1.731,good_domain,22,3,subset_197,495,2,100.0
O75165,nD5,971-1025,379802,e3fmaC1,822.1.1,0.995,0.925,6.3,0.593,0.705,good_domain,2,4,subset_197,55,0,100.0
O75165,nD6,"841-970,1026-1150,1166-1190,1221-1240",2643005,e6tgbB3,109.4.1,1.0,0.271,10.5,0.823,1.049,good_domain,16,3,subset_197,300,2,100.0
O75165,nD7,"1151-1165,1191-1220,1241-1250,1271-1370",3693,e1gh6A1,650.1.1,0.993,0.832,4.6,0.579,1.95,good_domain,5,1,subset_197,155,2,100.0
O75165,nD8,"1251-1285,1371-1970",4581,e1wa5B1,109.4.1,1.0,0.985,15.0,0.528,2.22,good_domain,27,5,subset_197,635,3,100.0
O75165,nD9,"1976-2210,2216-2243",1307431,e4b8jA1,109.4.1,1.0,0.985,13.0,0.442,0.92,good_domain,12,1,subset_197,263,2,100.0
P36578,nD1,1-315,2819405,e6xu7CC2,7559.1.1,1.0,1.0,29.7,0.993,1.486,good_domain,9,8,subset_197,315,2,100.0
P36578,nD2,316-350,2603914,e6mteC1,3319.1.1,0.963,1.0,0.0,0.374,0.38,simple_topology,2,0,subset_197,35,0,100.0
Q04206,nD1,16-190,1236104,e2o61A5,11.1.5,0.997,1.0,30.1,1.0,1.136,good_domain,1,9,subset_197,175,2,100.0
Q04206,nD2,191-290,32461,e1oy3C1,11.1.1,0.999,0.999,21.0,0.935,0.926,good_domain,1,8,subset_197,100,1,100.0
P21802,nD1,36-135,1759213,e4kc3B1,11.1.1,0.996,0.998,10.5,0.856,0.926,good_domain,1,7,subset_83,100,1,0.0
P21802,nD2,136-250,2101631,e5w59B1,11.1.1,0.998,0.996,17.8,0.99,1.065,good_domain,1,9,subset_83,115,1,0.0
P21802,nD3,256-360,1218937,e3ojmB4,11.1.1,0.998,0.996,19.4,0.936,0.972,good_domain,2,7,subset_83,105,1,0.0
P21802,nD4,366-400,2100248,e5xsyB2,3774.1.1,0.963,0.976,0.0,0.738,0.833,simple_topology,1,0,subset_83,35,0,5.714285714285714
P21802,nD5,466-775,2163786,e6fekA1,206.1.1,1.0,1.0,36.0,0.962,1.03,good_domain,9,9,subset_83,310,2,100.0
P08922,nD1,16-40,2570371,e6p5mA1,206.1.1,1.0,0.0,23.1,0.04,0.083,simple_topology,1,0,subset_83,25,0,48.0
P08922,nD2,71-190,1319939,e4lxoA2,11.1.1,1.0,0.987,11.6,0.989,1.111,good_domain,2,7,subset_83,120,1,0.0
P08922,nD3,191-280,2806940,e7s7kA3,11.1.1,1.0,0.988,11.4,0.752,0.833,good_domain,0,7,subset_83,90,1,0.0
P08922,nD4,281-555,1867092,e5fwwA1,5.1.3,1.0,0.999,27.7,0.939,0.795,good_domain,2,22,subset_83,275,2,0.0
P08922,nD5,556-675,185592,e3va6A3,11.1.1,0.999,0.641,5.0,0.619,1.111,good_domain,0,7,subset_83,120,1,0.0
P08922,nD6,676-955,1204814,e4a0pA6,5.1.3,0.999,1.0,25.5,0.895,0.809,good_domain,1,23,subset_83,280,2,0.0
P08922,nD7,956-1040,1553,e1x5gA1,11.1.1,1.0,0.938,9.2,0.786,0.787,good_domain,0,7,subset_83,85,0,0.0
P08922,nD8,1041-1150,2806940,e7s7kA3,11.1.1,1.0,0.987,6.6,0.761,1.019,good_domain,0,8,subset_83,110,1,0.0
P08922,nD9,1151-1450,2712551,e6tpoA1,5.1.5,0.928,0.227,11.4,0.518,0.771,good_domain,3,22,subset_83,300,2,0.0
P08922,nD10,1456-1555,2163524,e5u8rA6,11.1.1,1.0,0.994,8.9,0.736,0.926,good_domain,0,7,subset_83,100,1,0.0
P08922,nD11,1556-1655,1482,e1tdqA2,11.1.1,1.0,0.992,10.0,0.913,0.926,good_domain,2,8,subset_83,100,1,0.0
P08922,nD12,1656-1750,2806940,e7s7kA3,11.1.1,1.0,0.983,9.6,0.718,0.88,good_domain,0,8,subset_83,95,1,0.0
P08922,nD13,"1751-1850,1861-1895,1926-2235",1030301,e3zbfA1,206.1.1,0.999,0.999,39.0,0.943,1.478,good_domain,10,14,subset_83,445,2,72.58426966292134
P45983,nD1,1-385,430078,e2xrwA1,206.1.1,0.999,1.0,48.0,0.956,1.279,good_domain,9,9,subset_83,385,2,100.0
O14763,nD1,76-140,1184748,e3u3qA6,389.1.3,0.996,0.973,6.9,0.756,1.204,good_domain,0,4,subset_83,65,0,0.0
O14763,nD2,141-188,1572594,e3alqT3,389.1.3,0.999,0.99,5.0,0.472,0.889,good_domain,1,4,subset_83,48,0,0.0
O14763,nD3,326-430,354353,e3ezqP1,110.1.1,0.995,0.966,11.6,0.929,1.094,good_domain,6,2,subset_83,105,1,100.0
Q9NX47,nD1,11-75,1288950,e2m6mA1,376.1.1,0.992,0.98,5.9,0.759,0.833,simple_topology,1,1,subset_153,65,0,100.0
Q9NX47,nD2,"96-170,206-265",2067093,e5kklB4,186.2.1,0.53,0.0,2.4,na,na,low_confidence,5,0,subset_153,135,1,24.444444444444443
Q01064,nD1,26-90,1871271,e5lcyB1,3826.1.1,0.946,0.0,7.3,0.879,0.739,simple_topology,2,0,subset_153,65,0,100.0
Q01064,nD2,"141-445,471-515",1734725,e5b25A1,131.1.1,1.0,1.0,52.7,0.991,1.515,good_domain,15,0,subset_153,350,2,100.0
P47900,nD1,31-365,2071219,e5nj6A1,5001.1.1,0.999,1.0,32.4,0.868,1.173,good_domain,8,2,subset_153,335,2,25.37313432835821
Q99814,nD1,16-70,2067459,e5v0lA2,105.1.1,0.966,0.99,3.3,0.738,0.821,simple_topology,2,0,subset_493,55,0,100.0
Q99814,nD2,71-240,2122134,e5y7yA1,223.1.1,0.993,0.993,15.8,0.871,1.164,good_domain,3,6,subset_493,170,2,100.0
Q99814,nD3,241-408,1678433,e4zphB3,223.1.1,0.998,1.0,23.2,0.968,1.151,good_domain,4,6,subset_493,168,2,100.0
P51788,nD1,"76-220,236-575,841-850",2478109,e6qvcA1,5053.1.1,1.0,1.0,53.5,0.961,1.1,good_domain,18,3,subset_493,495,2,46.86868686868687
P51788,nD2,"576-645,766-840",1124003,e4nocA1,282.1.1,0.996,0.984,11.1,0.824,1.094,good_domain,5,8,subset_493,145,1,100.0
Q9Y5C1,nD1,"31-200,241-455",2325429,e6euaA1,269.1.1,0.995,1.0,30.9,0.93,1.75,good_domain,6,11,subset_493,385,2,0.0
O15105,nD1,"6-15,86-200",002534041,e6h3rB1,378.1.1,0.99,0.998,12.5,0.805,0.772,good_domain,6,2,subset_340,125,1,100.0
O15105,nD2,251-425,002727695,e7cd1B1,73.1.1,0.998,1.0,27.3,0.922,1.458,good_domain,4,10,subset_340,175,2,100.0
P21709,nD1,26-205,002131245,e4m4rE4,10.1.2,0.999,1.0,26.0,0.752,1.146,good_domain,3,11,subset_340,180,2,0.0
P21709,nD2,206-265,001758626,e4m4pA2,389.1.1,1.0,1.0,9.9,0.455,1.412,good_domain,0,6,subset_340,60,0,0.0
P21709,nD3,266-330,001758626,e4m4pA2,389.1.1,1.0,1.0,9.9,0.512,1.529,simple_topology,0,2,subset_340,65,0,0.0
P21709,nD4,331-445,002723351,e7k7jA1,11.1.1,0.999,1.0,16.1,0.709,1.065,good_domain,0,9,subset_340,115,1,0.0
P21709,nD5,446-550,001162366,e3wcyA9,11.1.1,0.998,0.99,11.3,0.567,0.972,good_domain,0,7,subset_340,105,1,0.0
P21709,nD6,591-900,002706103,e7kjcA1,206.1.1,0.992,1.0,38.9,0.913,1.03,good_domain,9,11,subset_340,310,2,100.0
P21709,nD7,906-975,000002998,e1dxsA1,102.1.1,0.999,0.893,9.2,1.0,0.897,good_domain,4,0,subset_340,70,0,100.0
P45378,nD1,91-160,na,na,na,na,na,na,na,na,simple_topology,1,0,subset_340,70,0,100.0
P45378,nD2,186-245,002147331,e5y6pdz2,807.1.1,0.755,0.0,4.0,na,na,simple_topology,2,0,subset_340,60,0,100.0
O00548,nD1,21-180,1508348,e4xbmA1,11.2.1,0.996,1.0,21.0,0.892,1.135,good_domain,2,8,subset_290,160,2,0.625
O00548,nD2,181-225,1508349,e4xbmA2,389.1.1,0.999,1.0,4.0,0.957,1.059,good_domain,0,3,subset_290,45,0,0.0
O00548,nD3,226-255,2625949,e6pogB1,389.1.1,0.972,0.0,3.6,0.419,0.706,simple_topology,0,0,subset_290,30,0,0.0
O00548,nD4,256-290,1508350,e4xbmA3,389.1.1,1.0,1.0,3.8,0.971,0.824,good_domain,0,0,subset_290,35,0,0.0
O00548,nD5,291-330,1878263,e4xbmB6,389.1.1,0.999,0.998,5.0,0.949,0.941,good_domain,0,2,subset_290,40,0,0.0
O00548,nD6,331-365,2082918,e5mwbA3,389.1.1,0.996,0.299,5.9,0.854,0.824,simple_topology,0,2,subset_290,35,0,0.0
O00548,nD7,366-405,1878261,e4xbmB4,389.1.1,0.999,1.0,4.9,1.0,0.941,good_domain,1,2,subset_290,40,0,0.0
O00548,nD8,406-445,1821442,e5fmaA4,389.1.1,0.996,0.511,4.1,0.972,0.941,simple_topology,0,2,subset_290,40,0,0.0
O00548,nD9,446-480,1878263,e4xbmB6,389.1.1,1.0,0.992,5.7,0.897,0.824,good_domain,0,2,subset_290,35,0,0.0
O00548,nD10,481-520,2082918,e5mwbA3,389.1.1,1.0,0.897,6.2,0.927,0.941,simple_topology,0,2,subset_290,40,0,0.0
O95139,nD1,41-90,2798798,e7n8oX1,3493.1.1,0.787,0.0,3.1,na,na,simple_topology,2,0,subset_290,50,0,46.0
Q00537,nD1,"1-25,141-510",1921768,e5g6vA1,206.1.1,1.0,1.0,40.6,0.952,1.312,good_domain,14,8,subset_290,395,2,100.0
P40259,nD1,"41-145,151-180",140400,e3kg5A1,11.1.1,0.998,0.98,17.8,1.0,1.25,good_domain,2,9,subset_306,135,1,0.0
O14561,nD1,71-155,2644100,e6yj4U1,132.1.1,0.997,0.976,14.6,0.943,1.03,good_domain,3,0,subset_306,85,0,100.0
Q92569,nD1,56-170,2327585,e5xghB1,214.1.1,0.998,1.0,20.4,0.95,1.036,good_domain,2,4,subset_306,115,1,100.0
Q92569,nD2,"171-235,256-330",2537293,e6pyrB1,3755.4.1,1.0,0.995,16.0,0.828,0.828,good_domain,3,0,subset_306,140,1,100.0
Q92569,nD3,351-455,1838948,e5aulA1,214.1.1,0.998,0.979,21.7,0.945,0.946,good_domain,3,5,subset_306,105,1,100.0
P50591,nD1,16-45,4727,e1q90R1,5014.1.1,0.815,0.26,0.0,na,na,simple_topology,1,0,subset_187,30,0,3.3333333333333335
P50591,nD2,121-280,1952693,e5cirB1,10.3.1,0.997,1.0,26.2,0.908,1.127,good_domain,0,9,subset_187,160,2,0.0
P62424,nD1,36-265,2774679,e6zu5LG01,301.1.1,1.0,1.0,26.3,0.911,1.901,good_domain,9,5,subset_187,230,2,100.0
Q9Y6A2,nD1,1-490,2832300,e7n3mAAA1,149.1.1,1.0,1.0,59.9,0.98,1.216,good_domain,15,12,subset_187,490,2,97.75510204081633
P00390,nD1,"61-200,341-410",1270281,e2eq6B5,2003.1.2,0.999,1.0,36.4,0.601,0.894,good_domain,4,9,subset_453,210,2,100.0
P00390,nD2,201-355,1391129,e3djjA2,2003.1.2,0.997,1.0,26.0,1.0,0.66,good_domain,3,9,subset_453,155,2,100.0
P00390,nD3,411-520,76928,e1geuB1,244.2.1,0.998,1.0,19.4,0.957,0.894,good_domain,3,5,subset_453,110,1,100.0
P49840,nD1,81-440,1515954,e4nm3A1,206.1.1,1.0,1.0,47.3,0.905,1.196,good_domain,10,9,subset_453,360,2,100.0
P53420,nD1,1466-1570,271245,e1t60I1,352.1.1,0.998,1.0,8.6,0.938,0.905,good_domain,1,5,subset_453,105,1,0.0
P53420,nD2,1571-1690,2723128,e6wkuA6,352.1.1,0.996,1.0,14.3,1.0,1.034,good_domain,1,7,subset_453,120,1,0.0
Q9NR55,nD1,61-103,2430620,e6mg1A1,105.1.1,0.999,0.981,4.4,0.571,0.642,simple_topology,1,0,subset_360,43,0,100.0
A5X5Y0,nD1,46-245,2714268,e6w1mA1,11.12.1,0.996,1.0,16.2,0.93,0.948,good_domain,2,11,subset_360,200,2,0.0
A5X5Y0,nD2,"246-355,401-455",2761080,e7ektD2,5057.1.1,1.0,1.0,9.8,0.872,1.138,good_domain,5,0,subset_360,165,2,39.39393939393939
P51665,nD1,1-185,1885002,e5l4kU2,2492.1.1,0.996,1.0,24.4,0.989,1.142,good_domain,4,9,subset_360,185,2,100.0
P51665,nD2,"191-240,246-315",2043026,e4d10F2,3748.1.1,1.0,1.0,7.8,0.826,1.154,good_domain,3,0,subset_360,120,1,100.0
Q02548,nD1,21-90,2476,e1tc3C1,101.1.1,0.977,0.836,5.7,0.961,0.959,good_domain,3,1,subset_52,70,0,100.0
Q02548,nD2,91-140,131793,e1mdmA2,101.1.1,0.997,0.992,8.9,0.82,0.685,good_domain,3,0,subset_52,50,0,100.0
Q02548,nD3,226-250,141100,e2xsdC1,101.1.1,0.976,0.962,0.0,0.418,0.342,simple_topology,1,0,subset_52,25,0,100.0
P18507,nD1,66-270,2388936,e6d6tE1,11.12.1,0.997,1.0,27.8,0.751,0.972,good_domain,3,11,subset_52,205,2,0.0
P18507,nD2,"271-365,441-475",2656025,e6x3tE2,5057.1.1,0.996,1.0,21.4,0.969,0.897,good_domain,4,0,subset_52,130,1,17.692307692307693
P25774,nD1,21-90,1682900,e7pckA2,3998.1.1,0.997,1.0,6.1,0.707,0.761,good_domain,3,1,subset_52,70,0,0.0
P25774,nD2,91-330,1682292,e2c0yA1,219.1.1,0.999,1.0,36.9,0.973,1.071,good_domain,6,11,subset_52,240,2,0.0
Q9NPH3,nD1,26-135,2123360,e5vi4F3,11.1.1,0.999,1.0,20.2,0.957,1.019,good_domain,5,7,subset_52,110,1,0.0
Q9NPH3,nD2,136-235,2043151,e3o4oB1,11.1.1,0.998,1.0,12.3,0.942,0.926,good_domain,1,7,subset_52,100,1,0.0
Q9NPH3,nD3,236-350,2102015,e5y32B3,11.1.1,0.998,0.999,14.5,0.966,1.065,good_domain,0,8,subset_52,115,1,0.0
Q9NPH3,nD4,386-550,278131,e1t3gB1,2007.9.1,0.993,0.991,14.3,0.849,1.038,good_domain,7,5,subset_52,165,2,100.0
P05107,nD1,26-80,992397,e3k6sF3,355.1.1,0.999,1.0,9.3,0.932,1.0,good_domain,2,2,subset_473,55,0,0.0
P05107,nD2,126-365,1412983,e4wk0B2,2006.1.6,0.998,1.0,41.6,0.98,1.137,good_domain,6,8,subset_473,240,2,0.0
P05107,nD3,"81-125,366-455",1780225,e5e6vA1,11.1.1,0.997,1.0,22.9,0.978,1.25,good_domain,0,10,subset_473,135,1,0.0
P05107,nD4,456-485,1005448,e2p28B1,389.1.1,0.996,0.999,3.6,0.69,0.706,simple_topology,0,2,subset_473,30,0,0.0
P05107,nD5,491-540,1005449,e2p28B2,389.1.1,0.999,0.999,8.1,0.957,1.176,good_domain,2,2,subset_473,50,0,0.0
P05107,nD6,541-575,1005450,e2p28B3,389.1.1,1.0,0.999,5.9,0.814,0.824,good_domain,0,2,subset_473,35,0,0.0
P05107,nD7,576-615,2393139,e6bxjA6,389.1.1,1.0,1.0,4.6,0.76,0.941,good_domain,1,2,subset_473,40,0,0.0
P05107,nD8,621-695,992398,e3k6sF4,827.1.1,0.999,1.0,12.6,0.961,0.862,good_domain,1,4,subset_473,75,0,0.0
P05107,nD9,701-730,1764134,e2n2aA1,3569.1.1,0.933,0.839,0.0,0.517,0.517,simple_topology,1,0,subset_473,30,0,23.333333333333332
Q9HC35,nD1,11-70,4700,e2fo1D1,4991.1.1,0.989,0.0,3.8,0.921,0.952,simple_topology,1,0,subset_473,60,0,100.0
Q9HC35,nD2,261-590,1291898,e4ci8A1,5.1.4,0.981,1.0,50.2,0.997,0.919,good_domain,0,27,subset_473,330,2,100.0
Q9HC35,nD3,"216-260,591-865",1291899,e4ci8A2,5.1.4,0.989,1.0,52.3,0.979,0.891,good_domain,0,26,subset_473,320,2,100.0
P35225,nD1,36-145,4011,e1ik0A1,150.3.1,0.998,1.0,18.1,0.973,0.728,good_domain,5,2,subset_473,110,1,0.0
P52756,nD1,91-320,2137365,e5osgh2,304.9.1,0.983,0.99,6.5,0.95,2.421,good_domain,5,9,subset_225,230,2,100.0
P52756,nD2,451-510,1548124,e2mxwA1,3964.1.1,0.98,0.991,6.3,0.641,0.652,partial_domain,1,5,subset_225,60,0,100.0
P52756,nD3,536-560,2580640,e6l7pC1,3456.1.1,0.594,0.0,2.7,na,na,simple_topology,1,0,subset_225,25,0,100.0
P52756,nD4,636-695,8367,e1zu1A1,386.1.1,0.981,0.0,4.3,0.667,1.818,good_domain,3,1,subset_225,60,0,100.0
P46776,nD1,26-148,2774190,e6xywAl1,2490.3.1,0.994,0.997,4.7,0.439,0.826,good_domain,4,5,subset_225,123,1,100.0
P53041,nD1,16-155,4549,e1a17A1,109.4.1,0.997,0.993,22.7,0.862,0.49,good_domain,7,0,subset_225,140,1,100.0
P53041,nD2,156-490,2067734,e5jjtB1,246.2.1,1.0,1.0,54.7,0.978,1.132,good_domain,9,13,subset_225,335,2,100.0
Q9Y6K9,nD1,46-130,1551339,e5aj4Ad1,3967.1.1,0.896,0.0,5.4,0.407,0.521,simple_topology,1,0,subset_171,85,0,100.0
Q9Y6K9,nD2,131-195,2816307,e6z26B1,192.8.1,0.976,0.979,4.7,0.456,0.884,simple_topology,1,0,subset_171,65,0,100.0
Q9Y6K9,nD3,196-255,1560739,e5al7A3,3939.1.1,0.979,0.0,5.1,0.95,1.0,simple_topology,1,0,subset_171,60,0,100.0
Q9Y6K9,nD4,256-295,1494453,e4ll7A1,3939.1.1,0.9,0.971,0.0,0.319,0.667,simple_topology,1,0,subset_171,40,0,100.0
Q9Y6K9,nD5,301-360,1560739,e5al7A3,3939.1.1,0.968,0.0,5.1,0.95,1.0,simple_topology,1,0,subset_171,60,0,100.0
Q9Y6K9,nD6,391-419,1866104,e5aayA1,386.1.1,0.974,0.984,0.0,1.0,0.879,good_domain,1,0,subset_171,29,0,100.0
P84098,nD1,1-55,2418,e1vqoP1,637.1.1,0.997,1.0,12.5,0.982,1.0,good_domain,3,2,subset_171,55,0,100.0
P84098,nD2,56-195,2491382,e5wahA1,632.2.1,0.956,0.0,6.2,0.847,2.314,good_domain,4,0,subset_171,140,1,100.0
P50052,nD1,26-360,2570088,e6jodA1,5001.1.1,1.0,1.0,40.4,1.0,1.173,good_domain,9,2,subset_171,335,2,27.761194029850746
P06733,nD1,1-130,70119,e2akzB1,218.1.1,0.997,1.0,22.4,0.928,1.032,good_domain,3,3,subset_202,130,1,100.0
P06733,nD2,131-430,92611,e1pdzA2,2002.1.1,1.0,1.0,48.5,0.986,0.958,good_domain,11,10,subset_202,300,2,100.0
P30050,nD1,6-75,2641781,e6z1pAn2,3781.1.1,0.996,1.0,8.9,0.958,1.007,good_domain,2,3,subset_202,70,0,100.0
P30050,nD2,76-165,2755746,e7o7yBt1,101.1.16,0.998,1.0,15.9,0.978,1.146,good_domain,4,2,subset_202,90,1,100.0
Q9BUB5,nD1,"36-170,201-420",1166055,e3kn6A2,206.1.1,0.997,0.999,29.1,0.932,1.179,good_domain,10,9,subset_202,355,2,100.0
P26358,nD1,21-90,2319269,e5oaoA1,108.1.1,0.884,0.0,3.7,0.658,0.787,good_domain,4,0,subset_450,70,0,100.0
P26358,nD2,351-500,2162910,e5ydrB1,3497.1.1,0.984,1.0,23.3,0.974,0.987,good_domain,0,6,subset_450,150,1,100.0
P26358,nD3,"501-615,701-710",2043306,e4wxxB3,101.33.1,0.985,1.0,16.1,0.737,0.912,good_domain,4,0,subset_450,125,1,100.0
P26358,nD4,651-700,2043309,e4wxxB6,3109.1.1,0.952,1.0,0.0,0.757,0.909,simple_topology,2,0,subset_450,50,0,100.0
P26358,nD5,716-900,2043310,e4wxxB7,4.1.1,0.993,1.0,19.3,0.958,2.312,good_domain,3,9,subset_450,185,2,100.0
P26358,nD6,901-1135,2043304,e4wxxB1,4.1.1,1.0,1.0,26.6,0.927,2.938,good_domain,5,11,subset_450,235,2,100.0
P26358,nD7,1136-1600,988640,e3ubtA1,2003.1.5,0.992,1.0,28.8,0.851,2.022,good_domain,13,12,subset_450,465,2,100.0
O60840,nD1,"56-425,436-460,506-795,806-1040,1061-1150,1171-1450",1945922,e5mkeD2,5054.1.1,1.0,0.996,11.8,0.977,5.658,good_domain,36,5,subset_450,1290,3,35.65891472868217
O60840,nD2,1451-1585,2496856,e6jp8A4,108.1.1,0.994,1.0,8.1,0.988,1.517,good_domain,7,2,subset_450,135,1,100.0
O60840,nD3,1896-1945,1906996,e5hy7A2,101.1.1,0.94,0.0,2.8,0.376,0.685,good_domain,3,0,subset_450,50,0,100.0
P06401,nD1,566-645,1283298,e4nqaB2,377.1.1,0.991,1.0,10.1,0.606,1.6,simple_topology,2,0,subset_448,80,0,100.0
P06401,nD2,676-933,52849,e1sqnA1,188.1.1,0.999,0.999,35.7,0.988,1.066,good_domain,9,4,subset_448,258,2,100.0
Q92523,nD1,1-50,1102863,e2m76A1,3204.1.1,0.983,0.991,0.0,1.0,1.087,good_domain,1,2,subset_448,50,0,100.0
Q92523,nD2,"56-75,106-130",7519,e1nm8A1,323.1.1,0.981,0.0,6.2,0.106,0.197,simple_topology,2,0,subset_448,45,0,22.22222222222222
Q92523,nD3,131-765,997935,e4eywB1,323.1.1,1.0,1.0,35.9,0.875,2.785,good_domain,18,16,subset_448,635,3,100.0
P14784,nD1,26-130,232413,e4gs7B1,11.1.1,0.998,0.997,16.2,0.924,0.972,good_domain,1,7,subset_448,105,1,0.0
P14784,nD2,131-235,2071148,e5m5eB2,11.1.1,0.999,0.997,20.4,0.937,0.972,good_domain,0,7,subset_448,105,1,0.0
P14784,nD3,241-265,2105883,e5xtcW1,1132.1.1,0.386,0.0,2.6,na,na,simple_topology,1,0,subset_448,25,0,0.0
O95238,nD1,116-215,162206,e2dkxA1,102.1.1,0.994,0.996,15.0,0.938,1.282,good_domain,5,0,subset_114,100,1,100.0
O95238,nD2,246-335,2666,e1yo5C1,101.1.2,0.997,0.996,19.0,1.0,0.947,good_domain,3,3,subset_114,90,1,100.0
Q9ULX7,nD1,21-280,1700124,e5cjfA1,62.1.1,0.999,1.0,46.3,0.974,1.014,good_domain,3,9,subset_114,260,2,0.0
Q9ULX7,nD2,291-325,184906,e2rddB1,6055.1.1,0.863,0.643,0.0,0.568,0.824,simple_topology,1,0,subset_114,35,0,37.142857142857146
Q00535,nD1,1-290,2460572,e6j5tD1,206.1.1,0.985,1.0,13.8,0.748,0.963,good_domain,7,8,subset_114,290,2,100.0
P11049,nD1,"1-35,56-110,241-280",2627913,e6k4jA1,174.1.1,0.996,1.0,17.4,0.816,0.89,good_domain,4,0,subset_114,130,1,26.923076923076923
P11049,nD2,111-240,2804154,e7rdbA1,576.1.1,0.989,0.992,9.5,0.836,1.605,good_domain,6,2,subset_114,130,1,0.0
O43451,nD1,91-735,1632633,e3l4yA1,2002.1.1,0.971,1.0,54.2,1.0,2.061,good_domain,13,25,subset_419,645,3,0.0
O43451,nD2,736-815,1313723,e3wenA4,12.1.1,1.0,1.0,13.9,0.929,0.889,good_domain,0,6,subset_419,80,0,0.0
O43451,nD3,816-955,1587549,e3lppC5,4178.1.1,1.0,1.0,21.4,0.993,1.014,good_domain,0,10,subset_419,140,1,0.0
O43451,nD4,961-1130,2476298,e6jr7B1,2002.1.1,1.0,1.0,33.5,0.191,0.543,partial_domain,1,11,subset_419,170,2,0.0
O43451,nD5,"1116-1360,1376-1630",1611894,e3topB1,2002.1.1,0.976,1.0,59.1,0.958,1.597,good_domain,11,17,subset_419,500,2,0.0
O43451,nD6,1631-1715,1731746,e5dkxA2,12.1.1,1.0,1.0,13.9,0.965,0.944,good_domain,0,6,subset_419,85,0,0.0
O43451,nD7,1716-1855,1611897,e3topB4,4178.1.1,1.0,1.0,22.4,0.971,1.014,good_domain,0,11,subset_419,140,1,0.0
Q9NYK1,nD1,1-875,2323476,e5y3jB1,207.1.1,1.0,1.0,29.1,0.974,3.081,good_domain,11,32,subset_419,875,3,4.685714285714286
Q9NYK1,nD2,881-1049,1684203,e4w8hA1,2007.9.1,0.994,0.985,17.3,0.992,1.063,good_domain,7,5,subset_419,169,2,100.0
P17643,nD1,26-480,2092868,e5m8tC1,146.1.1,1.0,1.0,66.7,0.998,1.497,good_domain,11,9,subset_419,455,2,0.0
P17643,nD2,481-505,1548847,e5aj3O1,616.1.1,0.808,0.0,3.1,na,na,simple_topology,1,0,subset_419,25,0,16.0
Q15375,nD1,31-205,2131245,e4m4rE4,10.1.2,0.999,1.0,28.6,0.748,1.115,good_domain,2,11,subset_392,175,2,0.0
Q15375,nD2,206-265,1758626,e4m4pA2,389.1.1,1.0,1.0,18.6,0.472,1.412,good_domain,0,7,subset_392,60,0,0.0
Q15375,nD3,266-330,1758626,e4m4pA2,389.1.1,1.0,1.0,18.6,0.52,1.529,simple_topology,0,2,subset_392,65,0,0.0
Q15375,nD4,331-440,1770109,e4m4rE3,11.1.1,0.999,1.0,16.5,0.79,1.019,good_domain,0,9,subset_392,110,1,0.0
Q15375,nD5,441-545,2806940,e7s7kA3,11.1.1,0.998,1.0,15.2,0.838,0.972,good_domain,1,7,subset_392,105,1,0.0
Q15375,nD6,606-905,2706103,e7kjcA1,206.1.1,1.0,1.0,37.8,0.894,0.997,good_domain,11,8,subset_392,300,2,100.0
Q15375,nD7,906-998,2706104,e7kjcA2,102.1.1,0.996,1.0,12.2,0.91,1.192,good_domain,4,0,subset_392,93,1,100.0
P43119,nD1,1-295,2429323,e6iivA2,5001.1.1,0.999,1.0,29.3,0.772,1.033,good_domain,7,2,subset_392,295,2,23.389830508474578
Q9NZQ7,nD1,1-130,1220114,e3rnqB4,11.1.1,0.998,0.997,17.7,0.471,1.204,good_domain,4,8,subset_392,130,1,13.846153846153847
Q9NZQ7,nD2,"131-230,236-260",1220114,e3rnqB4,11.1.1,1.0,0.997,17.7,0.476,1.157,good_domain,1,7,subset_392,125,1,0.8
P68371,nD1,1-240,151218,e4drxB2,2003.1.6,0.999,1.0,33.6,0.959,1.165,good_domain,9,7,subset_55,240,2,100.0
P68371,nD2,241-430,151217,e4drxB1,301.6.1,0.995,1.0,18.1,0.989,1.301,good_domain,5,5,subset_55,190,2,100.0
P08913,nD1,"41-255,306-315,356-465",2554129,e6kuxA2,5001.1.1,0.999,1.0,32.3,0.902,1.173,good_domain,7,0,subset_55,335,2,36.11940298507463
P11597,nD1,26-240,137905,e3l6iA1,883.1.1,0.977,0.0,6.9,0.76,0.991,good_domain,4,8,subset_55,215,2,0.0
P11597,nD2,241-490,163195,e2obdA2,883.1.1,0.995,1.0,29.0,0.98,1.152,good_domain,8,11,subset_55,250,2,0.0
P05015,nD1,21-189,143314,e3oq3A1,150.3.1,0.999,1.0,24.9,0.994,1.119,good_domain,7,0,subset_55,169,2,1.7751479289940828
P20701,nD1,151-340,2530436,e5e6sC1,2006.1.6,0.999,1.0,33.8,0.886,0.9,good_domain,6,6,subset_371,190,2,0.0
P20701,nD2,"26-150,346-615",2530530,e5e6uA2,5.1.4,0.992,1.0,67.8,0.945,1.1,good_domain,3,29,subset_371,395,2,0.0
P20701,nD3,616-770,1140449,e4nehA1,11.1.1,0.998,1.0,17.1,0.911,1.435,good_domain,2,8,subset_371,155,2,0.0
P20701,nD4,776-920,1140450,e4nehA2,11.1.1,0.999,1.0,16.5,0.932,1.343,good_domain,1,9,subset_371,145,1,0.0
P20701,nD5,921-1085,1140451,e4nehA3,11.1.1,0.998,1.0,15.6,0.835,1.528,good_domain,2,11,subset_371,165,2,0.0
P05129,nD1,31-85,167536,e2ennA1,376.1.2,0.998,0.925,8.5,0.786,0.887,good_domain,0,4,subset_371,55,0,100.0
P05129,nD2,86-155,2028694,e5ue8A3,376.1.2,0.994,0.985,7.3,0.508,1.129,simple_topology,0,2,subset_371,70,0,100.0
P05129,nD3,156-290,179750,e3pfqA2,11.2.1,0.998,1.0,25.9,0.964,0.957,good_domain,3,8,subset_371,135,1,100.0
P05129,nD4,"331-680,686-695",80247,e1vzoA1,206.1.1,0.997,0.999,28.4,0.63,1.196,good_domain,11,8,subset_371,360,2,100.0
P62333,nD1,1-115,365206,e3h43I1,2.1.1,0.989,0.847,11.8,0.818,1.106,good_domain,1,5,subset_371,115,1,100.0
P62333,nD2,116-305,1885420,e5l4gL3,2004.1.1,0.997,1.0,25.5,0.989,0.852,good_domain,7,5,subset_371,190,2,100.0
P62333,nD3,306-389,1885414,e5l4gH3,148.1.3,0.993,0.999,8.8,0.776,0.903,good_domain,4,1,subset_371,84,0,100.0
P20839,nD1,111-225,2446656,e6i0oB2,282.1.1,0.998,1.0,22.6,0.874,0.868,good_domain,5,6,subset_485,115,1,100.0
P20839,nD2,"6-110,226-514",1714672,e4z0gB1,2002.1.1,0.999,1.0,62.3,0.912,1.259,good_domain,12,16,subset_485,394,2,100.0
P51170,nD1,"26-180,201-570",2593142,e6vtkA1,3223.1.1,1.0,1.0,26.7,0.884,1.29,good_domain,16,16,subset_485,525,2,8.19047619047619
P06734,nD1,"26-80,101-125",2321117,e6gapA2,3755.3.1,0.924,0.968,0.0,0.383,0.465,simple_topology,1,0,subset_485,80,0,0.0
P06734,nD2,126-150,1141882,e2ve7D2,4099.1.1,0.827,0.908,0.0,na,na,simple_topology,1,0,subset_485,25,0,0.0
P06734,nD3,151-290,1113200,e3whdC1,209.1.1,0.996,0.989,17.4,0.865,1.085,good_domain,2,8,subset_485,140,1,0.0
Q13464,nD1,"6-40,61-410,791-830,836-870",002570371,e6p5mA1,206.1.1,1.0,1.0,49.1,0.925,1.528,good_domain,14,9,subset_381,460,2,100.0
Q13464,nD2,486-520,001765872,e3vkhB14,148.1.3,0.912,0.975,0.0,0.189,0.376,simple_topology,1,0,subset_381,35,0,100.0
Q13464,nD3,"541-570,586-680",002817924,e7moqZ1,3755.3.1,0.974,0.985,4.8,0.473,0.727,simple_topology,1,0,subset_381,125,1,100.0
Q13464,nD4,706-765,na,na,na,na,na,na,na,na,simple_topology,1,0,subset_381,60,0,100.0
Q13464,nD5,766-790,001869356,e5czoB1,206.1.1,0.989,0.0,19.2,0.036,0.083,simple_topology,1,0,subset_381,25,0,100.0
Q13464,nD6,896-930,001447878,e4rh7A9,3187.1.1,0.917,0.975,0.0,0.292,0.254,simple_topology,1,0,subset_381,35,0,100.0
Q13464,nD7,931-1005,001756673,e3vkgA15,148.1.3,0.929,0.968,0.0,0.529,0.806,simple_topology,1,0,subset_381,75,0,100.0
Q13464,nD8,1021-1070,001756673,e3vkgA15,148.1.3,0.963,0.0,5.3,0.404,0.538,simple_topology,1,0,subset_381,50,0,100.0
Q13464,nD9,"1071-1095,1121-1210,1291-1330",000168216,e2rovA1,220.1.1,0.994,0.0,15.2,0.915,1.27,good_domain,5,6,subset_381,155,2,100.0
Q13464,nD10,1226-1285,001184526,e2rowA2,376.1.2,0.994,0.0,9.7,0.952,0.968,good_domain,1,3,subset_381,60,0,100.0
P48058,nD1,"21-135,266-370",001402082,e4u4gD2,2007.1.2,0.997,1.0,34.2,0.843,1.538,good_domain,6,7,subset_381,220,2,0.45454545454545453
P48058,nD2,"136-265,371-400",001873473,e4gpaA2,2007.1.2,0.999,1.0,28.4,0.588,1.119,good_domain,4,8,subset_381,160,2,0.0
P48058,nD3,"406-520,751-795",001521279,e4kcdB2,7523.1.1,0.996,0.996,20.5,0.781,1.067,good_domain,5,9,subset_381,160,2,0.0
P48058,nD4,"531-570,591-650,806-865",002821689,e7rz5A1,5054.1.1,0.999,1.0,19.3,0.417,0.702,good_domain,5,0,subset_381,160,2,44.375
P48058,nD5,"521-530,651-750,796-805",001887650,e5dtbA1,7523.1.1,0.994,0.998,21.8,0.972,0.8,good_domain,5,4,subset_381,120,1,0.0
Q9UBS0,nD1,46-405,000080240,e2jdoA1,206.1.1,0.999,1.0,43.7,0.932,1.196,good_domain,10,9,subset_381,360,2,100.0
Q96DA6,nD1,6-30,2323942,e5u1sA3,109.4.1,0.138,0.0,4.1,na,na,simple_topology,1,0,subset_358,25,0,100.0
Q96DA6,nD2,51-115,307112,e2guzG1,650.1.1,0.997,0.983,12.0,0.915,0.818,good_domain,3,0,subset_358,65,0,100.0
Q8TCC7,nD1,"6-49,71-305",1234866,e4gbzA4,5050.1.1,0.997,1.0,21.4,0.851,1.265,good_domain,9,4,subset_358,279,2,29.74910394265233
Q8TCC7,nD2,306-520,1567956,e4zw9A1,5050.1.1,0.995,1.0,20.7,0.857,0.975,good_domain,7,0,subset_358,215,2,33.02325581395349
P51812,nD1,"46-390,411-710,716-740",1886282,e5li9A1,206.1.1,1.0,1.0,43.1,0.939,2.226,good_domain,21,16,subset_358,670,3,100.0
Q93074,nD1,"451-625,726-765",315047,e2hm8A1,109.4.1,0.998,0.0,6.2,0.868,0.752,good_domain,9,0,subset_39,215,2,100.0
Q93074,nD2,"766-785,826-1005",1393770,e3lpzA1,109.4.1,0.998,0.0,7.5,0.437,0.699,good_domain,8,1,subset_39,200,2,100.0
Q93074,nD3,"116-310,346-435,1006-1235,1271-1325,1336-1640,2071-2105",4591,e1uw4B1,109.4.1,0.998,0.0,7.7,0.851,3.182,good_domain,34,1,subset_39,910,3,100.0
P54753,nD1,41-210,2131245,e4m4rE4,10.1.2,0.999,1.0,25.5,0.709,1.083,good_domain,2,11,subset_39,170,2,0.0
P54753,nD2,211-270,1758626,e4m4pA2,389.1.1,1.0,1.0,16.2,0.472,1.412,good_domain,0,5,subset_39,60,0,0.0
P54753,nD3,271-335,1758626,e4m4pA2,389.1.1,1.0,1.0,16.2,0.504,1.529,simple_topology,0,2,subset_39,65,0,0.0
P54753,nD4,336-450,2723351,e7k7jA1,11.1.1,0.999,1.0,15.9,0.728,1.065,good_domain,0,8,subset_39,115,1,0.0
P54753,nD5,451-555,2806940,e7s7kA3,11.1.1,0.999,1.0,17.1,0.803,0.972,good_domain,0,7,subset_39,105,1,0.0
P54753,nD6,591-910,2706103,e7kjcA1,206.1.1,1.0,1.0,40.9,0.929,1.063,good_domain,11,10,subset_39,320,2,100.0
P54753,nD7,911-995,2706104,e7kjcA2,102.1.1,0.999,1.0,12.7,0.885,1.09,good_domain,4,0,subset_39,85,0,100.0
Q8N183,nD1,11-100,2721738,e7b0nf1,1129.1.1,0.978,0.997,6.6,0.533,0.657,partial_domain,2,3,subset_39,90,1,100.0
Q9UHF1,nD1,91-135,146865,e2ygqA2,389.1.1,0.991,0.793,3.0,0.939,1.059,simple_topology,0,2,subset_39,45,0,0.0
Q9UHF1,nD2,136-180,2067660,e5b4xB4,389.1.1,0.996,0.973,4.1,1.0,1.059,good_domain,1,4,subset_39,45,0,0.0
Q9UHF1,nD3,196-220,1291130,e4c48C1,3878.1.1,0.951,0.0,3.7,0.543,0.543,simple_topology,1,0,subset_39,25,0,0.0
P06756,nD1,31-470,1948577,e5ffgA1,5.1.4,0.951,1.0,67.6,0.991,1.226,good_domain,2,30,subset_53,440,2,0.0
P06756,nD2,471-625,136547,e3ijeA3,11.1.1,0.998,1.0,25.5,0.969,1.435,good_domain,1,8,subset_53,155,2,0.0
P06756,nD3,631-765,136548,e3ijeA4,11.1.1,1.0,1.0,24.8,0.971,1.25,good_domain,0,10,subset_53,135,1,0.0
P06756,nD4,"771-865,901-990",136546,e3ijeA2,11.1.1,0.998,1.0,28.2,0.92,1.713,good_domain,1,11,subset_53,185,2,0.0
P06756,nD5,991-1015,2545203,e6kacj1,5031.1.1,0.992,0.652,0.0,0.639,0.694,simple_topology,1,0,subset_53,25,0,0.0
P08908,nD1,"26-250,276-415",1273987,e4amjB2,5001.1.1,0.999,1.0,33.3,0.97,1.278,good_domain,7,0,subset_53,365,2,40.0
P43235,nD1,16-90,1682900,e7pckA2,3998.1.1,0.997,1.0,10.9,0.758,0.815,good_domain,3,1,subset_53,75,0,0.0
P43235,nD2,91-329,2582864,e6qlmB1,219.1.1,0.998,1.0,38.2,1.0,1.067,good_domain,5,11,subset_53,239,2,0.0
P43630,nD1,"31-95,111-325,336-370",2449450,e6grtB1,11.1.1,0.994,0.999,17.9,0.854,2.917,good_domain,3,25,subset_53,315,2,2.857142857142857
Q9UKK6,nD1,6-135,6358,e1jkgA1,243.1.1,0.998,0.999,25.2,0.935,0.977,good_domain,2,6,subset_80,130,1,100.0
Q9NY46,nD1,"11-45,51-470,736-995,1001-1035,1156-1485,1501-1780",2770731,e7eebA1,5054.1.1,0.999,0.999,16.0,0.953,5.965,good_domain,38,9,subset_80,1360,3,40.0
Q9NY46,nD2,1781-1895,1412630,e4ovnJ1,108.1.1,0.995,0.997,14.7,0.869,1.292,good_domain,5,4,subset_80,115,1,100.0
Q9NY46,nD3,1896-1925,1154750,e4dckA2,6006.1.1,0.857,0.997,0.0,0.935,0.923,good_domain,1,1,subset_80,30,0,100.0
P20292,nD1,6-135,4246,e2uuiA1,5038.2.1,0.998,0.999,18.8,0.877,0.89,good_domain,3,0,subset_80,130,1,30.0
P01571,nD1,21-189,143314,e3oq3A1,150.3.1,0.998,1.0,23.4,0.988,1.119,good_domain,6,0,subset_80,169,2,1.7751479289940828
P30279,nD1,16-155,2706604,e7kpvB1,101.1.10,0.999,0.999,16.1,0.385,1.061,good_domain,6,0,subset_133,140,1,100.0
P30279,nD2,156-270,2561758,e6p8eA1,101.1.10,0.994,1.0,15.7,0.937,0.871,good_domain,5,0,subset_133,115,1,100.0
P15538,nD1,36-503,2755214,e7m8iA1,149.1.1,1.0,1.0,52.1,0.985,1.161,good_domain,14,11,subset_133,468,2,100.0
P26010,nD1,46-100,992397,e3k6sF3,355.1.1,0.999,1.0,10.0,0.915,1.0,good_domain,2,2,subset_133,55,0,0.0
P26010,nD2,151-390,1116939,e3v4vB2,2006.1.6,0.998,1.0,42.8,0.976,1.137,good_domain,6,8,subset_133,240,2,0.0
P26010,nD3,"101-150,391-475",1116938,e3v4vB1,11.1.1,0.998,1.0,22.2,0.984,1.25,good_domain,1,10,subset_133,135,1,0.0
P26010,nD4,476-560,2390272,e6bxbB5,389.1.1,1.0,1.0,5.9,0.685,2.0,good_domain,1,4,subset_133,85,0,0.0
P26010,nD5,561-600,1005450,e2p28B3,389.1.1,1.0,0.998,5.6,0.93,0.941,good_domain,1,2,subset_133,40,0,0.0
P26010,nD6,601-640,2772056,e7nxdB6,389.1.1,1.0,1.0,5.4,0.952,0.941,good_domain,1,2,subset_133,40,0,0.0
P26010,nD7,641-720,1665036,e3ijeB2,827.1.1,0.997,1.0,8.8,0.844,0.92,good_domain,1,4,subset_133,80,0,0.0
P26010,nD8,726-765,1002535,e3g9wD1,3661.1.1,0.966,0.985,0.0,0.5,0.92,simple_topology,1,0,subset_133,40,0,47.5
P29597,nD1,26-110,1285214,e4po6A4,221.1.1,0.997,1.0,17.7,0.817,0.904,good_domain,2,6,subset_488,85,0,100.0
P29597,nD2,111-270,1285212,e4po6A2,197.1.1,0.995,1.0,22.7,1.0,1.441,good_domain,6,1,subset_488,160,2,100.0
P29597,nD3,"271-330,361-440",984,e1e5wA1,220.1.1,0.993,0.977,8.4,0.595,1.148,good_domain,2,6,subset_488,140,1,100.0
P29597,nD4,441-565,1890584,e5l04A1,214.1.1,0.995,1.0,7.0,0.885,1.126,good_domain,3,8,subset_488,125,1,100.0
P29597,nD5,"571-610,636-880,886-1185",1447930,e4o7oB2,206.1.1,0.992,0.912,7.3,0.47,1.944,good_domain,20,17,subset_488,585,2,100.0
Q6PIU1,nD1,36-175,2820014,e7e87A1,226.1.1,0.99,1.0,13.7,0.991,1.197,good_domain,5,5,subset_488,140,1,100.0
Q6PIU1,nD2,181-500,2794037,e7e7zC1,5054.1.1,1.0,0.999,22.2,0.89,1.404,good_domain,8,0,subset_488,320,2,44.375
Q04721,nD1,26-65,1878261,e4xbmB4,389.1.1,1.0,0.0,5.2,1.0,0.941,simple_topology,0,2,subset_488,40,0,0.0
Q04721,nD2,66-105,1878263,e4xbmB6,389.1.1,0.999,0.0,3.2,0.949,0.941,simple_topology,0,2,subset_488,40,0,0.0
Q04721,nD3,106-145,1878261,e4xbmB4,389.1.1,1.0,0.0,4.5,1.0,0.941,simple_topology,0,2,subset_488,40,0,0.0
Q04721,nD4,146-185,2625951,e6pogB3,389.1.1,1.0,0.972,3.2,0.709,0.941,simple_topology,0,2,subset_488,40,0,0.0
Q04721,nD5,186-220,1855231,e5fm9A5,389.1.1,1.0,0.974,4.2,0.85,0.824,good_domain,0,2,subset_488,35,0,0.0
Q04721,nD6,221-260,1821441,e5fmaA3,389.1.1,1.0,0.974,6.2,0.975,0.941,good_domain,0,2,subset_488,40,0,0.0
Q04721,nD7,261-300,1821440,e5fmaA2,389.1.1,1.0,0.974,4.7,0.925,0.941,good_domain,0,2,subset_488,40,0,0.0
Q04721,nD8,301-335,1177863,e2w86A4,389.1.1,0.999,0.0,3.3,0.744,0.824,simple_topology,0,2,subset_488,35,0,0.0
Q04721,nD9,336-375,422115,e3qcwA6,389.1.1,1.0,0.0,5.3,0.884,0.941,simple_topology,0,2,subset_488,40,0,0.0
Q04721,nD10,376-425,222712,e4bdwA1,389.1.1,0.999,0.0,5.1,1.0,1.176,simple_topology,0,2,subset_488,50,0,0.0
Q04721,nD11,426-455,422115,e3qcwA6,389.1.1,1.0,0.0,5.2,0.698,0.706,good_domain,1,2,subset_488,30,0,0.0
Q04721,nD12,456-495,2075178,e5ky4B1,389.1.1,0.999,0.0,4.5,1.0,0.941,simple_topology,0,2,subset_488,40,0,0.0
Q04721,nD13,496-535,2082918,e5mwbA3,389.1.1,1.0,0.887,6.9,0.902,0.941,simple_topology,0,2,subset_488,40,0,0.0
Q04721,nD14,536-570,2771049,e7aljA2,389.1.1,1.0,0.856,4.0,0.875,0.824,simple_topology,0,2,subset_488,35,0,0.0
Q04721,nD15,571-610,140353,e3ltfD1,389.1.1,0.999,0.0,2.6,0.684,0.941,simple_topology,0,2,subset_488,40,0,0.0
Q04721,nD16,611-645,1821440,e5fmaA2,389.1.1,1.0,0.967,5.5,0.85,0.824,good_domain,0,2,subset_488,35,0,0.0
Q04721,nD17,646-685,1878263,e4xbmB6,389.1.1,1.0,0.998,3.4,0.949,0.941,good_domain,0,2,subset_488,40,0,0.0
Q04721,nD18,686-720,1508351,e4xbmA4,389.1.1,0.996,0.998,0.0,0.969,0.824,good_domain,0,2,subset_488,35,0,0.0
Q04721,nD19,721-760,2392015,e6cxoA4,389.1.1,1.0,0.0,4.6,0.973,0.941,simple_topology,0,2,subset_488,40,0,0.0
Q04721,nD20,761-795,1878263,e4xbmB6,389.1.1,1.0,0.998,6.3,0.897,0.824,good_domain,0,2,subset_488,35,0,0.0
Q04721,nD21,796-830,1878265,e4xbmB8,389.1.1,1.0,0.0,3.9,0.737,0.824,simple_topology,0,2,subset_488,35,0,0.0
Q04721,nD22,836-870,2799915,e7nydC9,389.1.1,1.0,0.0,2.5,0.805,0.824,simple_topology,0,2,subset_488,35,0,0.0
Q04721,nD23,876-910,422115,e3qcwA6,389.1.1,1.0,0.0,5.2,0.814,0.824,simple_topology,0,2,subset_488,35,0,0.0
Q04721,nD24,916-950,2099484,e5ms9A3,389.1.1,1.0,0.0,4.2,0.391,0.824,simple_topology,0,2,subset_488,35,0,0.0
Q04721,nD25,951-985,422115,e3qcwA6,389.1.1,1.0,0.0,6.4,0.814,0.824,simple_topology,0,2,subset_488,35,0,0.0
Q04721,nD26,986-1025,1156275,e2vj3A4,389.1.1,1.0,0.854,5.8,0.93,0.941,simple_topology,0,2,subset_488,40,0,0.0
Q04721,nD27,1026-1060,422115,e3qcwA6,389.1.1,1.0,0.0,6.0,0.814,0.824,simple_topology,0,2,subset_488,35,0,0.0
Q04721,nD28,1061-1105,2102583,e5uk5A4,389.1.1,1.0,0.0,5.9,1.0,1.059,simple_topology,0,2,subset_488,45,0,0.0
Q04721,nD29,1106-1150,8456,e1g1tA2,389.1.1,1.0,0.0,4.4,1.0,1.059,good_domain,1,2,subset_488,45,0,0.0
Q04721,nD30,1151-1190,1156275,e2vj3A4,389.1.1,0.999,0.0,4.3,0.907,0.941,simple_topology,0,2,subset_488,40,0,0.0
Q04721,nD31,1191-1225,2102583,e5uk5A4,389.1.1,1.0,0.976,5.0,0.875,0.824,good_domain,0,2,subset_488,35,0,0.0
Q04721,nD32,1226-1265,1855231,e5fm9A5,389.1.1,1.0,0.972,6.3,0.925,0.941,good_domain,1,2,subset_488,40,0,0.0
Q04721,nD33,1266-1305,1821441,e5fmaA3,389.1.1,1.0,0.971,4.7,0.9,0.941,good_domain,0,2,subset_488,40,0,0.0
Q04721,nD34,1306-1345,1821440,e5fmaA2,389.1.1,1.0,0.971,4.1,0.9,0.941,good_domain,1,2,subset_488,40,0,0.0
Q04721,nD35,1376-1415,2075181,e5ky5B1,389.1.1,1.0,0.0,6.5,0.95,0.941,simple_topology,0,2,subset_488,40,0,0.0
Q04721,nD36,1421-1460,1680289,e4zlpA3,917.1.1,0.994,1.0,0.0,0.974,1.026,good_domain,1,0,subset_488,40,0,0.0
Q04721,nD37,1461-1500,184851,e2oo4A2,917.1.1,0.994,1.0,0.0,1.0,1.026,good_domain,1,0,subset_488,40,0,0.0
Q04721,nD38,1501-1535,2786199,e6xswJ2,917.1.1,1.0,1.0,4.3,0.778,0.897,simple_topology,2,0,subset_488,35,0,0.0
Q04721,nD39,1541-1670,184853,e2oo4A4,304.127.1,1.0,1.0,17.9,0.973,1.15,good_domain,2,6,subset_488,130,1,0.0
Q04721,nD40,1786-2090,2524053,e6py8F1,109.3.1,1.0,0.999,31.5,0.875,1.533,good_domain,14,2,subset_488,305,2,100.0
Q02763,nD1,26-120,1148141,e2gy5A1,11.1.1,1.0,1.0,19.2,0.96,0.88,good_domain,0,7,subset_383,95,1,0.0
Q02763,nD2,121-210,1148142,e2gy5A2,11.1.1,1.0,1.0,18.1,1.0,0.833,good_domain,2,8,subset_383,90,1,0.0
Q02763,nD3,211-255,1148144,e2gy5A4,389.1.1,1.0,1.0,7.6,0.956,1.059,good_domain,0,0,subset_383,45,0,0.0
Q02763,nD4,256-300,1148145,e2gy5A5,389.1.1,1.0,1.0,9.2,0.957,1.059,good_domain,0,2,subset_383,45,0,0.0
Q02763,nD5,301-345,1148146,e2gy5A6,389.1.1,1.0,1.0,8.1,0.978,1.059,good_domain,1,3,subset_383,45,0,0.0
Q02763,nD6,346-445,1148143,e2gy5A3,11.1.1,1.0,1.0,20.0,1.0,0.926,good_domain,1,8,subset_383,100,1,0.0
Q02763,nD7,446-540,1220397,e2v5yA9,11.1.1,1.0,0.999,17.7,0.979,0.88,good_domain,0,7,subset_383,95,1,0.0
Q02763,nD8,541-635,1220396,e2v5yA8,11.1.1,1.0,0.999,11.9,0.852,0.88,good_domain,0,7,subset_383,95,1,0.0
Q02763,nD9,636-745,2794032,e7e72F1,11.1.1,1.0,0.993,13.6,0.971,1.019,good_domain,0,7,subset_383,110,1,0.0
Q02763,nD10,791-1124,2419119,e6mweA1,206.1.1,0.99,0.999,35.3,0.922,1.11,good_domain,9,9,subset_383,334,2,100.0
P34903,nD1,66-275,2432618,e6hugD1,11.12.1,0.998,1.0,32.1,0.977,0.995,good_domain,3,12,subset_383,210,2,0.0
P34903,nD2,"276-375,441-490",2656025,e6x3tE2,5057.1.1,0.992,1.0,18.9,0.953,1.034,good_domain,4,0,subset_383,150,1,24.666666666666668
Q12884,nD1,6-35,157022,e1yr2A2,5.1.4,0.949,0.0,10.3,0.039,0.084,simple_topology,1,0,subset_383,30,0,3.3333333333333335
Q12884,nD2,41-495,2323871,e5n4aA2,5.1.4,0.918,0.996,10.0,0.897,1.267,good_domain,4,29,subset_383,455,2,0.0
Q12884,nD3,501-755,281022,e1z68A2,7579.1.1,0.997,1.0,37.9,0.992,0.895,good_domain,9,9,subset_383,255,2,0.0
O75431,nD1,21-100,1153934,e4mp4A3,2485.1.1,0.971,0.997,5.4,0.807,0.708,good_domain,2,4,subset_137,80,0,100.0
O75431,nD2,"11-20,101-255",1778160,e4kf9A2,109.1.1,0.997,0.998,8.4,0.533,1.25,good_domain,7,0,subset_137,165,2,100.0
P35610,nD1,61-90,4700,e2fo1D1,4991.1.1,0.223,0.0,3.0,na,na,simple_topology,1,0,subset_137,30,0,100.0
P35610,nD2,"126-175,316-420",2494941,e6buhF1,7022.1.1,0.895,0.989,6.0,0.583,0.859,good_domain,4,1,subset_137,155,2,32.903225806451616
P35610,nD3,"176-315,421-470",2820089,e7f40B2,7023.1.1,0.91,0.987,0.0,0.0,1.545,partial_domain,6,0,subset_137,190,2,55.26315789473684
P35610,nD4,471-525,2414893,e6hcyB1,129.1.1,0.117,0.0,3.8,na,na,simple_topology,2,0,subset_137,55,0,20.0
P08183,nD1,376-640,1155778,e4f4cA5,2004.1.1,0.997,1.0,38.5,0.981,1.188,good_domain,8,10,subset_137,265,2,100.0
P08183,nD2,"31-155,171-320,326-370,681-1015",2462953,e5mkkA2,1075.4.1,1.0,1.0,22.8,0.994,2.031,good_domain,12,0,subset_137,655,3,44.42748091603053
P08183,nD3,1016-1275,1924156,e5kpdA3,2004.1.1,0.997,1.0,36.2,0.996,1.166,good_domain,9,11,subset_137,260,2,100.0
Q8IVL0,nD1,71-205,1225339,e2wa5A3,193.1.1,0.992,0.962,18.1,0.906,1.089,good_domain,4,0,subset_364,135,1,100.0
Q8IVL0,nD2,1566-1645,1494453,e4ll7A1,3939.1.1,0.957,0.899,0.0,0.83,1.333,simple_topology,1,0,subset_364,80,0,100.0
Q8IVL0,nD3,1911-2025,1398009,e4rfbA2,221.1.1,0.953,0.0,5.0,0.829,1.223,good_domain,1,5,subset_364,115,1,100.0
Q8IVL0,nD4,2026-2185,2648724,e7jgsD1,2004.1.1,0.994,0.972,8.9,0.673,0.717,good_domain,7,5,subset_364,160,2,100.0
Q8IVL0,nD5,2186-2295,1447876,e4rh7A7,148.1.3,0.97,0.971,5.3,0.662,1.183,good_domain,4,0,subset_364,110,1,100.0
P62955,nD1,1-210,2821690,e7rz5A2,633.23.1,1.0,0.998,21.0,0.929,1.123,good_domain,5,5,subset_364,210,2,13.333333333333334
P17980,nD1,6-30,2420863,e6fpdA1,3758.1.1,0.896,0.791,0.0,0.118,0.071,simple_topology,1,0,subset_364,25,0,100.0
P17980,nD2,31-165,1885415,e5l4gI1,2.1.1,0.984,1.0,8.5,0.719,1.298,good_domain,1,5,subset_364,135,1,100.0
P17980,nD3,166-355,1910278,e5l4gK2,2004.1.1,0.997,1.0,27.5,0.979,0.852,good_domain,7,6,subset_364,190,2,100.0
P17980,nD4,356-439,1910281,e5l4gM2,148.1.3,0.997,1.0,15.3,0.964,0.903,good_domain,4,1,subset_364,84,0,100.0
Q9UQC2,nD1,6-120,957,e1u5eA1,220.1.1,0.996,0.973,11.1,0.607,0.943,good_domain,2,6,subset_15,115,1,100.0
Q14524,nD1,"56-65,86-430,686-975,1171-1460,1481-1505,1511-1780",176798,e3lutB1,5054.1.1,0.998,0.997,10.2,0.79,5.395,good_domain,37,12,subset_15,1230,3,35.36585365853659
Q14524,nD2,1781-1895,1412630,e4ovnJ1,108.1.1,0.996,0.997,14.4,0.861,1.292,good_domain,5,4,subset_15,115,1,100.0
Q14524,nD3,1896-1930,1154750,e4dckA2,6006.1.1,0.873,0.998,0.0,1.0,1.077,good_domain,1,1,subset_15,35,0,100.0
Q9UQ05,nD1,1-145,2644070,e6y7qAAA1,223.1.1,0.994,0.955,20.0,1.0,0.993,good_domain,3,5,subset_15,145,1,100.0
Q9UQ05,nD2,216-480,2071554,e5va1A3,5054.1.1,0.995,1.0,25.3,0.859,1.162,good_domain,9,1,subset_15,265,2,32.075471698113205
Q9UQ05,nD3,481-690,2639169,e6welD2,10.12.1,1.0,1.0,17.8,0.946,1.193,good_domain,6,8,subset_15,210,2,100.0
Q9UQ05,nD4,866-910,2738141,e6bpqC2,5054.1.1,0.983,0.0,6.8,0.114,0.197,simple_topology,1,0,subset_15,45,0,100.0
O43653,nD1,11-85,2485353,e6ob0E1,382.1.1,0.998,0.992,9.9,0.88,1.0,good_domain,1,6,subset_15,75,0,1.3333333333333333
P50213,nD1,"21-120,271-365",2645791,e6kdfE1,7510.1.1,0.998,1.0,31.6,0.979,1.068,good_domain,8,6,subset_129,195,2,100.0
P50213,nD2,121-270,2644721,e3blvH1,7510.1.1,0.997,1.0,24.9,0.987,0.822,good_domain,4,7,subset_129,150,1,100.0
O75116,nD1,21-420,2409984,e6bg2A1,206.1.1,0.999,0.999,36.3,0.696,1.329,good_domain,13,11,subset_129,400,2,100.0
O75116,nD2,"436-630,651-715",2325068,e5y06A1,3755.3.1,0.921,0.0,8.7,0.736,1.512,simple_topology,2,0,subset_129,260,2,100.0
O75116,nD3,716-860,2817924,e7moqZ1,3755.3.1,0.971,0.983,0.0,0.744,0.843,simple_topology,1,0,subset_129,145,1,100.0
O75116,nD4,861-1000,2330459,e6fkfp1,5046.1.1,0.875,0.0,4.1,0.783,0.9,simple_topology,1,0,subset_129,140,1,100.0
O75116,nD5,1001-1040,1756673,e3vkgA15,148.1.3,0.875,0.968,0.0,0.346,0.43,simple_topology,1,0,subset_129,40,0,100.0
O75116,nD6,1056-1100,2647775,e6wg3B4,3922.1.1,0.906,0.999,3.2,0.283,0.349,simple_topology,1,0,subset_129,45,0,100.0
O75116,nD7,"1101-1125,1151-1240,1321-1350",417709,e3rcpA1,220.1.1,0.989,0.0,8.3,0.845,1.189,good_domain,5,6,subset_129,145,1,100.0
O75116,nD8,1256-1320,167536,e2ennA1,376.1.2,0.991,0.0,6.6,0.829,1.048,good_domain,1,4,subset_129,65,0,100.0
P27695,nD1,46-318,1406790,e4qheA1,246.3.1,0.999,1.0,47.9,0.972,1.034,good_domain,7,11,subset_129,273,2,100.0
P35498,nD1,491-515,1788158,e5dqqA1,108.1.1,0.869,1.0,0.0,0.229,0.281,simple_topology,1,0,subset_34,25,0,100.0
P35498,nD2,706-730,1843715,e5dlqB1,109.4.1,0.33,0.0,4.5,na,na,simple_topology,1,0,subset_34,25,0,100.0
P35498,nD3,"11-280,316-470,731-1010,1121-1135,1166-1520,1526-1795",2063598,e5v4sD1,5054.1.1,0.997,0.985,10.1,0.457,5.899,good_domain,39,8,subset_34,1345,3,42.75092936802974
P35498,nD4,1011-1040,1788529,e5hk7A1,5054.1.1,0.997,0.0,12.5,0.165,0.132,simple_topology,1,0,subset_34,30,0,100.0
P35498,nD5,1796-1910,1412630,e4ovnJ1,108.1.1,0.997,0.997,14.7,0.869,1.292,good_domain,5,4,subset_34,115,1,100.0
Q9H2M3,nD1,11-360,2043234,e1umyD1,2002.1.1,1.0,1.0,57.1,0.871,1.118,good_domain,12,6,subset_34,350,2,100.0
P51671,nD1,21-95,26741,e1dokB1,1170.1.1,0.997,0.998,12.1,0.972,1.079,good_domain,2,3,subset_34,75,0,4.0
O00408,nD1,21-195,1558592,e3jabB1,223.1.1,0.997,0.975,12.3,0.703,1.199,good_domain,4,6,subset_409,175,2,100.0
O00408,nD2,226-400,6845,e1mc0A1,223.1.1,0.996,0.999,26.7,0.936,1.199,good_domain,6,5,subset_409,175,2,100.0
O00408,nD3,401-570,1534102,e3lfvA1,223.1.1,0.997,0.981,22.2,0.69,1.164,good_domain,4,6,subset_409,170,2,100.0
O00408,nD4,581-910,2396734,e6c7eA1,131.1.1,0.999,1.0,51.4,0.95,1.429,good_domain,13,0,subset_409,330,2,100.0
P13945,nD1,"31-250,271-370",1273987,e4amjB2,5001.1.1,0.999,1.0,38.1,0.987,1.121,good_domain,9,1,subset_409,320,2,31.5625
P05231,nD1,41-210,1288631,e4cniD1,150.3.1,0.999,1.0,27.2,0.988,1.126,good_domain,6,0,subset_409,170,2,0.0
P35968,nD1,31-120,1758365,e4expX1,11.1.1,1.0,0.997,13.7,0.441,0.833,good_domain,1,7,subset_370,90,1,0.0
P35968,nD2,121-220,1758365,e4expX1,11.1.1,1.0,0.997,13.7,0.452,0.926,good_domain,1,9,subset_370,100,1,0.0
P35968,nD3,221-325,1954714,e5t89X3,11.1.1,1.0,1.0,15.4,0.935,0.972,good_domain,1,8,subset_370,105,1,0.0
P35968,nD4,326-420,2165997,e5oyjD2,11.1.1,1.0,0.994,16.7,0.5,0.88,good_domain,2,8,subset_370,95,1,0.0
P35968,nD5,421-550,1954718,e5t89Y2,11.1.1,1.0,1.0,17.6,0.482,1.204,good_domain,1,8,subset_370,130,1,0.0
P35968,nD6,551-665,1954716,e5t89X5,11.1.1,0.999,1.0,10.8,0.687,1.065,good_domain,1,8,subset_370,115,1,0.0
P35968,nD7,666-770,142564,e3lafA4,11.1.1,1.0,0.999,15.1,1.0,0.972,good_domain,3,8,subset_370,105,1,0.0
P35968,nD8,"801-965,996-1175",1166011,e4aseA2,206.1.1,0.991,1.0,39.3,0.949,1.146,good_domain,11,11,subset_370,345,2,100.0
P16499,nD1,1-40,2392348,e6e09C2,223.1.1,0.849,0.0,5.7,na,na,simple_topology,1,0,subset_370,40,0,100.0
P16499,nD2,46-235,2697340,e6x88A1,223.1.1,0.994,1.0,26.5,0.958,1.301,good_domain,5,6,subset_370,190,2,100.0
P16499,nD3,456-485,1562401,e4y21A1,109.4.1,0.372,0.0,5.0,na,na,simple_topology,0,0,subset_370,30,0,100.0
P16499,nD4,"236-285,311-455,486-835",2396734,e6c7eA1,131.1.1,0.999,1.0,42.3,0.942,2.359,good_domain,17,6,subset_370,545,2,100.0
P62195,nD1,21-130,365206,e3h43I1,2.1.1,0.979,0.566,11.8,0.818,1.058,good_domain,1,5,subset_370,110,1,100.0
P62195,nD2,131-320,1910278,e5l4gK2,2004.1.1,0.998,1.0,26.6,0.979,0.852,good_domain,7,5,subset_370,190,2,100.0
P62195,nD3,321-405,365212,e3h4mB1,148.1.3,0.997,0.999,15.3,0.928,0.914,good_domain,4,1,subset_370,85,0,100.0
P00338,nD1,1-160,2544917,e6k13A1,2003.1.1,0.995,1.0,18.9,0.988,0.816,good_domain,5,6,subset_333,160,2,100.0
P00338,nD2,161-330,1852556,e3ldhA1,279.1.1,0.997,1.0,17.4,0.982,0.988,good_domain,5,5,subset_333,170,2,100.0
Q14957,nD1,"26-145,281-355",2816819,e7eu7B2,2007.1.2,0.997,1.0,26.5,0.805,1.364,good_domain,6,5,subset_333,195,2,0.0
Q14957,nD2,"146-280,356-390",2761273,e7epcB4,2007.1.2,0.998,0.997,17.8,0.519,1.189,good_domain,6,8,subset_333,170,2,0.0
Q14957,nD3,"391-530,756-805",2816821,e7eu7B4,7523.1.1,0.995,1.0,22.8,0.915,1.267,good_domain,5,8,subset_333,190,2,0.0
Q14957,nD4,"541-575,596-655,811-850",2816920,e7f57A3,5054.1.1,0.993,1.0,10.6,0.783,0.592,good_domain,4,0,subset_333,135,1,34.81481481481482
Q14957,nD5,"531-540,656-755",1614831,e4tlmD1,7523.1.1,0.996,1.0,16.6,0.929,0.733,good_domain,4,3,subset_333,110,1,0.0
Q14957,nD6,886-910,2121148,e5n9jE1,4207.1.2,0.825,0.0,3.8,na,na,simple_topology,1,0,subset_333,25,0,100.0
P13533,nD1,31-80,2575667,e6rwmN1,4.1.1,0.995,0.0,4.7,0.681,0.625,good_domain,1,4,subset_333,50,0,100.0
P13533,nD2,"1-30,81-840,846-890,896-975,981-1025,1186-1365,1391-1415,1446-1470,1486-1570,1586-1785,1811-1920",1577446,e4byfA1,2004.1.1,1.0,1.0,37.1,0.947,7.108,good_domain,38,19,subset_333,1585,3,100.0
P13533,nD3,1026-1060,1756673,e3vkgA15,148.1.3,0.802,0.98,0.0,na,na,simple_topology,0,0,subset_333,35,0,100.0
P13533,nD4,1061-1155,1756673,e3vkgA15,148.1.3,0.923,0.96,0.0,0.529,1.022,simple_topology,1,0,subset_333,95,1,100.0
P12268,nD1,111-225,2446656,e6i0oB2,282.1.1,0.998,1.0,21.1,0.874,0.868,good_domain,5,6,subset_431,115,1,100.0
P12268,nD2,"6-110,226-514",2825998,e7rfiG1,2002.1.1,1.0,1.0,62.4,0.881,1.259,good_domain,12,15,subset_431,394,2,100.0
O60391,nD1,"26-150,286-365",2122609,e5kc9A1,2007.1.2,0.996,0.999,20.3,0.625,1.434,good_domain,6,8,subset_431,205,2,0.0
O60391,nD2,"151-285,366-405",2761273,e7epcB4,2007.1.2,0.997,0.997,15.6,0.519,1.224,good_domain,4,8,subset_431,175,2,0.0
O60391,nD3,"406-550,771-810",1521279,e4kcdB2,7523.1.1,0.996,0.999,25.1,0.956,1.233,good_domain,5,7,subset_431,185,2,0.0
O60391,nD4,"551-565,671-770",2062177,e4q0cC4,7523.1.1,0.998,0.978,18.4,0.332,0.767,good_domain,3,4,subset_431,115,1,0.0
O60391,nD5,"566-670,826-885",1165465,e3ukmD1,5054.1.1,0.995,0.544,8.5,0.426,0.724,good_domain,5,0,subset_431,165,2,47.27272727272727
O60391,nD6,986-1010,2736839,e6z0lD1,604.1.1,0.898,0.444,0.0,0.0,0.227,simple_topology,1,0,subset_431,25,0,100.0
P78423,nD1,31-95,1503527,e4xt3B1,1170.1.1,0.998,0.994,11.3,0.913,0.935,good_domain,2,3,subset_431,65,0,0.0
P78423,nD2,341-365,1291151,e2mkvA1,6033.1.1,0.868,0.463,0.0,0.375,0.391,simple_topology,1,0,subset_431,25,0,12.0
Q13547,nD1,6-375,1064636,e4bkxB1,2006.1.5,1.0,1.0,58.7,0.997,1.16,good_domain,11,9,subset_87,370,2,100.0
P21728,nD1,1-355,1273987,e4amjB2,5001.1.1,0.998,1.0,34.3,0.973,1.243,good_domain,8,1,subset_87,355,2,30.985915492957748
O14757,nD1,"1-270,311-335",964450,e2yexA1,206.1.1,0.998,1.0,40.0,0.967,0.98,good_domain,8,11,subset_87,295,2,100.0
O14757,nD2,351-465,2124147,e5wi2B1,331.4.1,0.993,0.991,15.6,0.968,0.966,good_domain,2,5,subset_87,115,1,100.0
P26842,nD1,26-105,2083170,e5tl5A2,389.1.3,0.998,0.988,12.5,0.95,1.481,good_domain,0,6,subset_87,80,0,0.0
P26842,nD2,191-215,1889975,e2ndjA1,3793.1.1,0.896,0.924,0.0,0.243,0.203,simple_topology,1,0,subset_87,25,0,16.0
P07550,nD1,21-350,1273987,e4amjB2,5001.1.1,0.999,1.0,39.0,0.997,1.156,good_domain,9,0,subset_389,330,2,32.72727272727273
Q9UK17,nD1,41-150,2820014,e7e87A1,226.1.1,0.994,1.0,17.7,0.948,0.94,good_domain,5,5,subset_389,110,1,100.0
Q9UK17,nD2,151-460,2794037,e7e7zC1,5054.1.1,1.0,0.999,24.5,0.969,1.36,good_domain,7,2,subset_389,310,2,38.70967741935484
P03951,nD1,21-105,1811483,e5i25A1,390.1.1,0.999,1.0,18.8,0.955,0.904,good_domain,1,5,subset_389,85,0,0.0
P03951,nD2,111-195,2455645,e6i44A3,390.1.1,1.0,1.0,20.0,0.934,0.904,good_domain,1,4,subset_389,85,0,0.0
P03951,nD3,196-285,2455644,e6i44A2,390.1.1,0.999,1.0,18.3,1.0,0.957,good_domain,1,5,subset_389,90,1,0.0
P03951,nD4,286-380,2455646,e6i44A4,390.1.1,0.999,1.0,16.2,0.937,1.011,good_domain,1,4,subset_389,95,1,0.0
P03951,nD5,381-625,2455643,e6i44A1,1.1.17,0.994,1.0,39.6,0.92,1.061,good_domain,4,13,subset_389,245,2,0.0
Q96JC9,nD1,16-110,1141979,e4bjjB1,59.1.1,0.991,0.0,6.2,0.798,0.833,good_domain,1,7,subset_212,95,1,100.0
P62851,nD1,31-115,2810717,e7rr5SZ1,101.1.2,0.997,0.998,10.1,0.82,0.895,good_domain,2,3,subset_212,85,0,100.0
P40306,nD1,11-240,2755900,e7aweI1,210.1.1,0.997,1.0,32.9,0.901,1.009,good_domain,5,12,subset_212,230,2,100.0
P48431,nD1,36-114,2423,e2lefA1,190.1.1,0.996,0.983,4.2,0.884,0.952,good_domain,3,0,subset_166,79,0,100.0
Q02878,nD1,32-288,1550967,e4v8pFE1,4.1.1,0.995,1.0,18.1,0.795,3.212,good_domain,4,7,subset_166,257,2,100.0
P23946,nD1,21-245,166117,e2rdlA1,1.1.17,0.997,1.0,39.9,0.991,0.974,good_domain,3,12,subset_166,225,2,0.0
Q96BN2,nD1,6-70,143586,e2ld7B1,509.1.1,0.953,0.745,6.1,0.8,0.812,good_domain,3,0,subset_255,65,0,100.0
Q96BN2,nD2,"141-205,271-330",2537257,e6px3C1,148.1.1,0.982,0.0,6.3,0.678,1.344,good_domain,5,1,subset_255,125,1,100.0
P16444,nD1,11-380,95809,e1ituB1,2002.1.1,1.0,1.0,69.3,0.986,1.182,good_domain,13,11,subset_255,370,2,1.6216216216216217
O43283,nD1,131-450,2460572,e6j5tD1,206.1.1,0.985,0.999,14.4,0.67,1.063,good_domain,11,8,subset_255,320,2,100.0
O43283,nD2,456-509,2758216,e7emfG1,4207.1.2,0.74,0.0,4.9,na,na,simple_topology,1,0,subset_255,54,0,100.0
P49354,nD1,61-370,4533,e2h6fA1,109.4.1,1.0,1.0,36.0,0.981,1.084,good_domain,15,0,subset_487,310,2,100.0
Q9BQ31,nD1,11-135,1760353,e3dryC1,226.1.1,0.993,0.993,10.7,0.59,1.068,good_domain,4,5,subset_487,125,1,100.0
Q9BQ31,nD2,"141-425,436-460",176798,e3lutB1,5054.1.1,0.992,1.0,10.6,0.738,1.36,good_domain,9,1,subset_487,310,2,38.70967741935484
P22301,nD1,31-175,4014,e2ilkA1,150.3.1,1.0,1.0,17.8,0.935,0.96,good_domain,5,0,subset_487,145,1,0.0
P03956,nD1,21-95,3397,e1su3A2,144.1.1,0.996,1.0,7.5,0.776,0.974,good_domain,3,0,subset_477,75,0,0.0
P03956,nD2,96-265,1410803,e1su3A3,2498.1.1,0.998,1.0,31.1,0.975,0.677,good_domain,3,6,subset_477,170,2,0.0
P03956,nD3,271-469,2166,e1su3A1,5.1.1,0.989,1.0,36.2,1.0,1.01,good_domain,3,13,subset_477,199,2,0.0
P55017,nD1,136-640,2157355,e6f34A1,5051.1.1,0.998,1.0,27.9,0.874,1.078,good_domain,14,3,subset_477,505,2,24.15841584158416
P55017,nD2,641-780,2391911,e6hcdD1,2005.1.1,0.993,0.907,6.9,0.85,0.654,good_domain,4,5,subset_477,140,1,100.0
P55017,nD3,"826-915,941-1015",1260957,e3mt0A3,2005.1.1,0.992,0.0,6.6,0.898,0.771,good_domain,6,7,subset_477,165,2,100.0
P04275,nD1,61-245,2832400,e7pmvB10,6129.1.1,0.994,1.0,27.3,1.0,1.045,good_domain,3,14,subset_477,185,2,0.0
P04275,nD2,251-350,1125646,e4nt5A1,385.1.1,0.995,0.0,11.7,0.989,0.943,good_domain,0,5,subset_477,100,1,0.0
Q15759,nD1,6-360,002462119,e5z33A1,206.1.1,0.999,1.0,44.3,0.909,1.179,good_domain,10,10,subset_445,355,2,100.0
Q8IZS8,nD1,"116-190,216-245",na,na,na,na,na,na,na,na,low_confidence,2,4,subset_445,105,1,0.0
Q8IZS8,nD2,"246-445,1056-1065",000235688,e3txaA1,2006.1.6,0.994,0.985,16.0,0.463,0.995,good_domain,7,6,subset_445,210,2,0.0
Q8IZS8,nD3,"71-115,191-225,446-625,881-900,976-1020",000352473,e2zbbA1,223.1.1,0.992,0.96,11.2,0.725,2.226,good_domain,7,17,subset_445,325,2,0.0
Q8IZS8,nD4,651-690,na,na,na,na,na,na,na,na,simple_topology,1,1,subset_445,40,0,0.0
Q8IZS8,nD5,"41-70,631-650,691-880",002524055,e6pzjA1,223.1.1,0.992,0.941,12.4,0.617,1.644,good_domain,5,9,subset_445,240,2,0.0
Q9NYZ4,nD1,21-155,001854700,e2n7aA1,11.1.1,0.998,0.982,22.8,0.971,1.25,good_domain,1,9,subset_445,135,1,0.0
Q9NYZ4,nD2,156-250,002048252,e5ihbC2,11.1.1,0.999,0.997,14.2,0.935,0.88,good_domain,0,7,subset_445,95,1,0.0
Q9NYZ4,nD3,251-345,000001711,e1qz1A3,11.1.1,0.998,0.998,11.2,0.81,0.88,good_domain,1,9,subset_445,95,1,0.0
P18085,nD1,6-180,133873,e3doeA1,2004.1.1,0.998,0.998,27.1,0.918,0.785,good_domain,6,7,subset_180,175,2,100.0
P62847,nD1,6-125,1421656,e4btsBP1,304.109.1,1.0,1.0,16.8,0.811,0.992,good_domain,5,3,subset_180,120,1,100.0
P25787,nD1,1-230,1885387,e5l4gB1,210.1.1,0.998,1.0,36.2,0.953,1.009,good_domain,6,10,subset_180,230,2,100.0
Q6ZN55,nD1,16-40,153732,e2m0dA1,386.1.1,0.982,0.0,3.1,0.833,0.758,simple_topology,1,0,subset_184,25,0,100.0
Q6ZN55,nD2,66-100,8341,e1x6fA1,386.1.1,0.992,0.866,2.9,0.44,1.061,simple_topology,1,0,subset_184,35,0,100.0
Q6ZN55,nD3,126-150,165832,e2eomA1,386.1.1,0.982,0.0,3.5,0.727,0.758,simple_topology,1,0,subset_184,25,0,100.0
Q6ZN55,nD4,211-235,165957,e2ytjA1,386.1.1,0.982,0.0,3.6,0.758,0.758,simple_topology,1,0,subset_184,25,0,100.0
Q6ZN55,nD5,306-330,167067,e2ebtA1,386.1.1,0.992,0.974,2.3,0.714,0.758,simple_topology,1,0,subset_184,25,0,100.0
Q6ZN55,nD6,336-360,1579647,e2ma7A1,386.1.1,0.994,0.857,2.3,0.714,0.758,simple_topology,1,0,subset_184,25,0,100.0
Q6ZN55,nD7,361-385,2465523,e6jnmB2,386.1.1,0.991,0.968,2.3,0.833,0.758,simple_topology,1,0,subset_184,25,0,100.0
Q6ZN55,nD8,391-415,8340,e2ctdA2,386.1.1,0.973,0.948,0.0,0.8,0.758,simple_topology,1,0,subset_184,25,0,100.0
Q6ZN55,nD9,466-490,2170662,e5v3jF1,386.1.1,0.991,0.998,3.2,0.429,0.758,simple_topology,1,0,subset_184,25,0,100.0
Q6ZN55,nD10,491-520,2714969,e6wmiD2,386.1.1,0.992,0.988,2.5,0.933,0.909,good_domain,1,0,subset_184,30,0,100.0
Q6ZN55,nD11,521-545,2170663,e5v3jF2,386.1.1,0.994,0.998,8.1,0.446,0.758,simple_topology,1,0,subset_184,25,0,100.0
Q6ZN55,nD12,546-575,2772210,e7eyiH1,386.1.1,0.998,0.983,8.4,0.341,0.909,simple_topology,1,0,subset_184,30,0,100.0
Q6ZN55,nD13,576-605,2103569,e5v3gD1,386.1.1,0.997,0.997,7.5,0.537,0.909,simple_topology,1,0,subset_184,30,0,100.0
Q6ZN55,nD14,606-630,2103569,e5v3gD1,386.1.1,0.998,0.997,7.5,0.444,0.758,simple_topology,1,0,subset_184,25,0,100.0
Q6ZN55,nD15,631-655,1758193,e2i13A1,386.1.1,0.99,0.996,7.0,0.472,0.758,simple_topology,1,0,subset_184,25,0,100.0
Q6ZN55,nD16,656-690,2410199,e6e93A2,386.1.1,0.992,0.98,3.2,0.903,1.061,good_domain,1,0,subset_184,35,0,100.0
Q6ZN55,nD17,736-790,2772210,e7eyiH1,386.1.1,0.995,0.984,9.3,0.625,1.667,simple_topology,2,0,subset_184,55,0,100.0
Q6ZN55,nD18,791-860,1758193,e2i13A1,386.1.1,0.99,0.0,7.3,1.0,2.121,simple_topology,2,0,subset_184,70,0,100.0
P62910,nD1,6-130,2755740,e7o7yBe1,2490.1.1,1.0,1.0,17.3,0.962,0.984,good_domain,2,2,subset_184,125,1,100.0
P27361,nD1,21-375,1316440,e4qteA1,206.1.1,1.0,1.0,53.5,1.0,1.179,good_domain,9,10,subset_184,355,2,100.0
O15297,nD1,"6-30,86-385",1031158,e4jndA1,210.2.1,0.992,1.0,26.9,0.604,1.109,good_domain,7,14,subset_31,325,2,100.0
P51787,nD1,106-350,1281106,e4g80I1,5054.1.1,0.991,0.978,9.1,0.856,1.075,good_domain,9,0,subset_31,245,2,33.06122448979592
P51787,nD2,"356-395,506-535",2166090,e6b8mA1,6170.1.1,0.984,0.99,7.4,0.821,0.838,good_domain,3,0,subset_31,70,0,100.0
P51787,nD3,536-565,217386,e3vouA1,5054.1.1,0.981,0.0,9.8,0.216,0.132,simple_topology,1,0,subset_31,30,0,100.0
P51787,nD4,586-615,2511874,e6h3cB1,1008.1.1,0.104,0.0,2.7,na,na,simple_topology,1,0,subset_31,30,0,100.0
Q06203,nD1,11-270,87478,e1ecgA1,210.1.3,0.985,1.0,32.2,0.952,1.106,good_domain,4,13,subset_31,260,2,100.0
Q06203,nD2,276-515,2393417,e6czfA2,7573.1.1,0.992,1.0,24.4,0.843,1.319,good_domain,7,8,subset_31,240,2,100.0
Q8WTT0,nD1,71-213,1557213,e4zesA1,209.1.1,0.998,0.994,26.6,0.973,1.109,good_domain,2,7,subset_31,143,1,0.0
Q9ULH0,nD1,11-195,220760,e4b93B1,109.3.1,1.0,0.996,17.8,0.947,0.93,good_domain,11,1,subset_141,185,2,100.0
Q9ULH0,nD2,196-430,2577333,e6mcaA4,109.3.1,0.995,0.99,12.7,0.644,1.181,good_domain,14,1,subset_141,235,2,100.0
Q9ULH0,nD3,491-575,1562401,e4y21A1,109.4.1,0.554,0.0,4.1,na,na,low_confidence,3,0,subset_141,85,0,45.88235294117647
Q9ULH0,nD4,"436-490,591-640,656-845,901-925",1166578,e1w5tB4,2004.1.1,0.998,0.973,11.9,0.82,1.435,good_domain,12,5,subset_141,320,2,85.3125
Q9ULH0,nD5,931-1055,2976,e2e1fA1,102.1.1,0.972,0.0,5.0,0.67,1.603,good_domain,6,2,subset_141,125,1,100.0
Q9ULH0,nD6,1206-1289,2999,e1kw4A1,102.1.1,0.991,0.0,6.8,0.914,1.077,good_domain,5,0,subset_141,84,0,100.0
Q9ULH0,nD7,1366-1395,224052,e4h9nC1,6103.1.1,0.876,0.0,5.4,0.073,0.146,simple_topology,1,0,subset_141,30,0,100.0
Q9UBN7,nD1,76-445,1868268,e5g0jA2,2006.1.5,1.0,1.0,63.8,1.0,1.16,good_domain,11,9,subset_141,370,2,100.0
Q9UBN7,nD2,466-840,1868149,e5eduB2,2006.1.5,1.0,1.0,64.1,0.994,1.176,good_domain,13,10,subset_141,375,2,100.0
Q9UBN7,nD3,1111-1210,2104062,e5wpbA1,376.1.1,0.997,0.99,21.4,0.951,1.282,good_domain,2,5,subset_141,100,1,100.0
P15144,nD1,11-40,389331,e3mhhC1,386.1.1,0.923,0.0,4.3,0.323,0.909,simple_topology,1,0,subset_141,30,0,0.0
P15144,nD2,66-285,1182296,e4fytA6,4081.1.1,0.997,1.0,37.6,0.991,1.063,good_domain,1,14,subset_141,220,2,0.0
P15144,nD3,286-550,1780698,e4fkeA2,2498.1.1,0.997,1.0,41.6,0.996,1.056,good_domain,9,6,subset_141,265,2,0.0
P15144,nD4,551-635,2561035,e6ea4B1,11.1.1,0.989,1.0,9.7,0.868,0.787,good_domain,2,7,subset_141,85,0,0.0
P15144,nD5,636-965,1724689,e4fytA2,109.4.1,0.997,1.0,46.1,0.991,1.154,good_domain,16,1,subset_141,330,2,0.0
Q14687,nD1,326-400,na,na,na,na,na,na,na,na,simple_topology,1,0,subset_40,75,0,100.0
Q14687,nD2,481-525,002732149,e7lt3H2,3939.1.1,0.887,0.0,4.3,0.425,0.75,simple_topology,1,0,subset_40,45,0,100.0
Q14687,nD3,791-818,na,na,na,na,na,na,na,na,simple_topology,2,0,subset_40,28,0,100.0
Q14687,nD4,1126-1200,002330459,e6fkfp1,5046.1.1,0.553,0.0,3.9,na,na,simple_topology,1,0,subset_40,75,0,100.0
Q16832,nD1,31-190,000137631,e2wuhA1,10.1.2,0.998,0.993,32.7,0.963,1.019,good_domain,2,6,subset_40,160,2,0.0
Q16832,nD2,"21-30,191-365",001158406,e4ag4A4,10.1.2,0.997,0.999,29.7,0.961,1.178,good_domain,1,10,subset_40,185,2,1.6216216216216217
Q16832,nD3,401-430,002452528,e6ithA1,6169.1.1,0.903,0.821,0.0,0.514,0.769,simple_topology,1,0,subset_40,30,0,33.333333333333336
Q16832,nD4,541-850,000259768,e3zosB1,206.1.1,0.998,0.999,39.2,0.917,1.03,good_domain,10,7,subset_40,310,2,100.0
Q9Y375,nD1,81-105,001866223,e5hlyA2,10.2.1,0.326,0.0,3.2,na,na,simple_topology,1,1,subset_40,25,0,100.0
Q9Y375,nD2,111-315,002576345,e6r3mA1,10.1.2,0.987,0.988,16.9,0.892,1.306,good_domain,5,12,subset_40,205,2,100.0
P30203,nD1,"43-100,126-155",001568678,e5a2eA1,358.1.1,0.999,1.0,15.8,0.772,0.822,good_domain,2,7,subset_40,88,1,0.0
P30203,nD2,161-260,001568679,e5a2eA2,358.1.1,0.999,1.0,24.9,0.943,0.935,good_domain,2,7,subset_40,100,1,0.0
P30203,nD3,261-365,001568680,e5a2eA3,358.1.1,0.998,1.0,21.6,0.99,0.981,good_domain,3,7,subset_40,105,1,0.0
P17787,nD1,31-235,2527151,e6pv7B2,11.12.1,0.997,1.0,28.0,0.967,0.972,good_domain,3,11,subset_417,205,2,0.0
P17787,nD2,"236-350,446-500",2527150,e6pv7B1,5057.1.1,0.994,1.0,18.8,0.838,1.172,good_domain,5,0,subset_417,170,2,29.41176470588235
P17787,nD3,"351-375,426-445",1694477,e3jboA31,192.4.1,0.051,0.0,5.8,na,na,simple_topology,2,0,subset_417,45,0,100.0
Q15878,nD1,"56-430,441-740,1101-1435,1456-1730",2563975,e6uz0A2,5054.1.1,1.0,1.0,19.9,0.885,5.636,good_domain,38,7,subset_417,1285,3,36.42023346303502
Q15878,nD2,1736-1855,1412630,e4ovnJ1,108.1.1,0.987,0.996,5.2,0.615,1.348,good_domain,6,2,subset_417,120,1,100.0
Q15878,nD3,1856-1895,1154750,e4dckA2,6006.1.1,0.52,0.996,0.0,na,na,simple_topology,1,1,subset_417,40,0,100.0
Q01973,nD1,46-160,2464252,e6fwxA1,11.1.1,0.993,0.992,14.7,1.0,1.065,good_domain,1,8,subset_417,115,1,0.0
Q01973,nD2,166-300,2797881,e7me4A2,543.1.1,0.994,0.997,14.2,0.906,0.828,good_domain,3,3,subset_417,135,1,0.0
Q01973,nD3,311-389,985510,e4a5tS2,380.1.1,0.832,0.992,0.0,na,na,simple_topology,0,2,subset_417,79,0,0.0
Q01973,nD4,"447-760,821-830",1228922,e4gt4B2,206.1.1,0.998,0.999,38.7,0.945,1.076,good_domain,11,8,subset_417,324,2,100.0
Q99471,nD1,11-150,1000632,e2zqmA1,192.2.1,0.994,0.986,10.3,0.934,1.308,good_domain,2,4,subset_222,140,1,100.0
P18124,nD1,6-248,2096253,e5tbwCI1,887.1.1,0.999,1.0,30.4,0.914,1.568,good_domain,8,7,subset_222,243,2,100.0
Q6P179,nD1,51-270,2814163,e7pfsA3,4081.1.1,0.997,1.0,35.2,0.987,1.063,good_domain,1,13,subset_222,220,2,0.0
Q6P179,nD2,271-545,2814162,e7pfsA2,2498.1.1,0.997,1.0,41.0,0.996,1.096,good_domain,8,6,subset_222,275,2,0.0
Q6P179,nD3,546-640,2561035,e6ea4B1,11.1.1,0.991,1.0,14.9,1.0,0.88,good_domain,2,7,subset_222,95,1,0.0
Q6P179,nD4,641-960,2814164,e7pfsA4,109.4.1,0.997,1.0,39.8,0.982,1.119,good_domain,16,0,subset_222,320,2,0.0
Q14344,nD1,81-200,3526,e1zcbA1,135.1.1,0.996,1.0,15.6,0.952,0.984,good_domain,5,0,subset_230,120,1,100.0
Q14344,nD2,"21-75,201-375",350848,e3cx8A2,2004.1.1,0.998,1.0,26.6,0.98,1.031,good_domain,7,7,subset_230,230,2,100.0
P62273,nD1,1-55,2755690,e7o7yAG1,377.1.1,0.998,0.999,9.0,0.982,1.1,good_domain,1,1,subset_230,55,0,100.0
Q92835,nD1,1-105,167641,e2ysxA1,214.1.1,0.999,0.974,18.5,0.938,0.946,good_domain,2,4,subset_230,105,1,100.0
Q92835,nD2,"156-220,261-285",60618,e1sryB1,192.7.1,0.938,0.0,7.4,0.536,0.804,good_domain,4,0,subset_230,90,1,100.0
Q92835,nD3,296-385,1159136,e4ekuA4,220.1.1,0.995,0.0,10.9,0.759,0.738,good_domain,2,6,subset_230,90,1,100.0
Q92835,nD4,386-720,2711140,e5rybA2,246.3.1,0.994,1.0,53.2,1.0,1.269,good_domain,6,12,subset_230,335,2,100.0
Q92835,nD5,721-855,2584159,e6xy7AAA1,11.2.1,0.999,1.0,25.5,0.978,0.957,good_domain,0,8,subset_230,135,1,100.0
P62993,nD1,1-55,2322692,e6amwA2,4.1.1,0.997,0.965,6.2,0.399,0.688,good_domain,1,4,subset_20,55,0,100.0
P62993,nD2,56-160,221371,e4fl2A3,214.1.1,0.992,0.866,14.0,0.748,0.946,good_domain,2,4,subset_20,105,1,100.0
P62993,nD3,161-215,505,e1griA2,4.1.1,0.999,0.984,12.7,0.902,0.688,good_domain,1,4,subset_20,55,0,100.0
Q12879,nD1,"31-145,286-340",2816819,e7eu7B2,2007.1.2,0.998,1.0,29.1,0.714,1.189,good_domain,6,4,subset_20,170,2,0.0
Q12879,nD2,"146-285,341-400",2761273,e7epcB4,2007.1.2,0.997,0.996,18.7,0.58,1.399,good_domain,5,8,subset_20,200,2,0.0
Q12879,nD3,"401-530,761-810",2816821,e7eu7B4,7523.1.1,0.996,1.0,25.7,0.91,1.2,good_domain,4,6,subset_20,180,2,0.0
Q12879,nD4,"546-655,811-840",2816920,e7f57A3,5054.1.1,0.993,1.0,11.3,0.733,0.614,good_domain,4,0,subset_20,140,1,35.0
Q12879,nD5,"531-545,656-760",1614831,e4tlmD1,7523.1.1,0.996,1.0,16.9,0.973,0.8,good_domain,4,4,subset_20,120,1,0.0
Q9UJ96,nD1,16-140,1760353,e3dryC1,226.1.1,0.988,0.994,9.0,0.596,1.068,good_domain,5,5,subset_20,125,1,100.0
Q9UJ96,nD2,156-440,1165465,e3ukmD1,5054.1.1,0.998,0.985,10.5,0.395,1.25,good_domain,9,0,subset_20,285,2,33.333333333333336
P79483,nD1,11-120,2576582,e4d8pD3,233.1.1,0.995,0.999,13.4,0.702,0.621,good_domain,3,4,subset_20,110,1,17.272727272727273
P79483,nD2,121-230,154648,e4i0pH1,11.1.1,0.998,0.998,17.8,0.971,1.019,good_domain,1,8,subset_20,110,1,0.0
P15056,nD1,41-105,2636645,e6vmeC1,192.15.1,0.984,0.0,9.0,0.955,0.605,simple_topology,2,0,subset_117,65,0,100.0
P15056,nD2,156-235,395073,e2l05A1,221.1.1,0.996,0.994,14.2,0.917,0.851,good_domain,2,6,subset_117,80,0,100.0
P15056,nD3,236-280,2716480,e6xgvB2,376.1.2,0.998,0.997,9.8,0.849,0.726,good_domain,1,3,subset_117,45,0,100.0
P15056,nD4,441-720,2814018,e7mfdA1,206.1.1,0.998,1.0,32.2,0.9,0.93,good_domain,9,8,subset_117,280,2,100.0
Q14654,nD1,31-170,1040791,e4gx0A4,5054.1.1,0.995,0.979,9.7,0.967,0.614,good_domain,4,0,subset_117,140,1,32.857142857142854
Q14654,nD2,176-355,2487481,e6jb1E1,11.1.1,0.997,1.0,28.0,0.962,1.667,good_domain,3,11,subset_117,180,2,100.0
O15496,nD1,46-165,2392097,e6g5jB1,371.1.1,0.999,1.0,23.8,0.976,0.984,good_domain,3,2,subset_117,120,1,0.0
P29274,nD1,"6-145,166-315",419894,e2ydvA1,5001.1.1,0.999,1.0,33.9,0.876,1.016,good_domain,7,1,subset_414,290,2,34.13793103448276
Q9Y2I1,nD1,16-125,158729,e2ettA1,277.1.1,0.989,0.973,8.9,0.793,0.827,good_domain,4,3,subset_414,110,1,100.0
Q9Y2I1,nD2,126-470,2779087,e7k58Q1,207.1.1,0.993,0.972,16.8,0.922,1.215,good_domain,8,13,subset_414,345,2,100.0
Q9Y2I1,nD3,"591-620,701-820",1393973,e3ml4C2,220.1.1,0.983,0.0,9.6,0.843,1.23,good_domain,3,6,subset_414,150,1,100.0
Q9Y2I1,nD4,"826-865,891-1010",1285211,e4po6A1,220.1.1,0.98,0.0,7.4,0.71,1.311,good_domain,4,6,subset_414,160,2,100.0
Q9Y2I1,nD5,"1106-1195,1221-1280,1311-1320",1393973,e3ml4C2,220.1.1,0.985,0.0,9.2,0.861,1.311,good_domain,6,8,subset_414,160,2,100.0
Q9Y2I1,nD6,"1321-1435,1466-1504",2067724,e5jhhE1,220.1.1,0.985,0.0,11.6,0.815,1.262,good_domain,3,7,subset_414,154,2,100.0
P02751,nD1,51-90,8549,e1o9aA2,391.1.1,1.0,0.998,6.3,0.909,0.87,good_domain,0,5,subset_414,40,0,0.0
P02751,nD2,96-135,91856,e2rkyC2,391.1.1,1.0,0.998,6.9,0.87,0.87,good_domain,0,4,subset_414,40,0,0.0
P02751,nD3,136-180,8549,e1o9aA2,391.1.1,1.0,0.997,4.9,0.909,0.978,good_domain,0,5,subset_414,45,0,0.0
P02751,nD4,181-230,170159,e3ejhA1,391.1.1,1.0,0.997,6.3,0.896,1.087,good_domain,1,5,subset_414,50,0,0.0
P02751,nD5,231-275,167222,e2ec3A1,391.1.1,1.0,0.997,5.8,0.689,0.978,good_domain,0,5,subset_414,45,0,0.0
P02751,nD6,306-345,1245465,e3m7pA16,391.1.1,1.0,1.0,6.8,0.8,0.87,good_domain,0,5,subset_414,40,0,0.0
P02751,nD7,346-405,90101,e1qo6A1,380.1.1,1.0,0.992,8.7,0.966,0.723,good_domain,0,4,subset_414,60,0,0.0
P02751,nD8,406-465,90101,e1qo6A1,380.1.1,1.0,0.982,8.7,1.0,0.723,good_domain,0,4,subset_414,60,0,0.0
P02751,nD9,466-510,1245468,e3m7pA18,391.1.1,1.0,0.998,0.0,0.755,0.978,good_domain,1,5,subset_414,45,0,0.0
P02751,nD10,511-570,1245468,e3m7pA18,391.1.1,1.0,1.0,0.0,0.857,1.304,good_domain,1,5,subset_414,60,0,0.0
P02751,nD11,"571-605,611-700",2141613,e5mzvC1,11.1.1,1.0,0.992,7.5,0.847,1.157,good_domain,0,10,subset_414,125,1,0.0
P02751,nD12,716-810,2413283,e6eg1A1,11.1.1,1.0,0.507,4.3,0.694,0.88,good_domain,0,6,subset_414,95,1,0.0
P02751,nD13,811-900,39103,e1nbqA2,11.1.1,1.0,0.688,3.4,0.615,0.833,good_domain,0,7,subset_414,90,1,0.0
P02751,nD14,906-995,139234,e3l5hA4,11.1.1,1.0,0.999,11.8,0.926,0.833,good_domain,0,6,subset_414,90,1,0.0
P02751,nD15,996-1085,145325,e2xwxA2,11.1.1,1.0,0.891,7.6,0.861,0.833,good_domain,0,7,subset_414,90,1,0.0
P02751,nD16,1091-1170,1660,e1f97A1,11.1.1,1.0,0.775,2.2,0.461,0.741,good_domain,0,7,subset_414,80,0,0.0
P02751,nD17,1176-1265,2527386,e6mfaA1,11.1.1,1.0,0.998,16.9,0.938,0.833,good_domain,0,7,subset_414,90,1,0.0
P02751,nD18,1266-1355,2768036,e6xaxA1,11.1.1,0.997,0.0,14.4,0.915,0.833,good_domain,0,7,subset_414,90,1,0.0
P02751,nD19,1356-1445,1162560,e2q7nA13,11.1.1,1.0,0.997,6.3,0.96,0.833,good_domain,0,7,subset_414,90,1,0.0
P02751,nD20,1446-1540,1509,e1i1rA3,11.1.1,1.0,0.985,6.0,0.73,0.88,good_domain,0,7,subset_414,95,1,0.0
P02751,nD21,1541-1630,1807490,e5fmvA3,11.1.1,1.0,0.993,12.3,0.915,0.833,good_domain,0,7,subset_414,90,1,0.0
P02751,nD22,1631-1725,1807490,e5fmvA3,11.1.1,1.0,0.993,12.9,0.957,0.88,good_domain,0,7,subset_414,95,1,0.0
P02751,nD23,1726-1810,2453082,e6e3kC1,11.1.1,1.0,0.976,10.3,0.828,0.787,good_domain,0,6,subset_414,85,0,0.0
P02751,nD24,1811-1905,1807490,e5fmvA3,11.1.1,1.0,0.993,12.8,0.957,0.88,good_domain,0,7,subset_414,95,1,0.0
P02751,nD25,1906-1995,1807490,e5fmvA3,11.1.1,1.0,0.995,12.5,0.915,0.833,good_domain,0,7,subset_414,90,1,0.0
P02751,nD26,1996-2090,1163903,e3v6oB4,11.1.1,1.0,0.985,8.2,0.753,0.88,good_domain,0,7,subset_414,95,1,0.0
P02751,nD27,2201-2295,1652463,e3mx0A2,11.1.1,1.0,0.38,4.1,0.493,0.88,good_domain,0,6,subset_414,95,1,0.0
P02751,nD28,2296-2340,8548,e2cg7A2,391.1.1,1.0,0.999,7.5,0.936,0.978,good_domain,0,5,subset_414,45,0,0.0
P02751,nD29,2341-2385,91856,e2rkyC2,391.1.1,1.0,0.998,7.4,0.891,0.978,good_domain,0,5,subset_414,45,0,0.0
P02751,nD30,2386-2425,170159,e3ejhA1,391.1.1,1.0,0.998,5.2,0.833,0.87,good_domain,0,5,subset_414,40,0,0.0
O60658,nD1,76-220,10033,e1p2fA2,2007.1.3,0.995,0.0,14.9,0.942,1.137,good_domain,5,5,subset_495,145,1,100.0
O60658,nD2,221-340,2644070,e6y7qAAA1,223.1.1,0.994,0.924,14.5,0.923,0.822,good_domain,3,4,subset_495,120,1,100.0
O60658,nD3,371-405,1177461,e3a0rA6,605.1.1,0.884,0.976,0.0,0.478,0.479,simple_topology,2,0,subset_495,35,0,100.0
O60658,nD4,476-820,169534,e3ecmA1,131.1.1,1.0,1.0,52.8,1.0,1.494,good_domain,17,0,subset_495,345,2,100.0
P17658,nD1,41-135,166293,e2r9rB2,226.1.1,0.996,1.0,19.1,0.931,0.812,good_domain,5,4,subset_495,95,1,100.0
P17658,nD2,"141-210,251-480",1281106,e4g80I1,5054.1.1,0.994,0.983,8.2,0.921,1.316,good_domain,7,0,subset_495,300,2,28.333333333333332
P24394,nD1,26-120,1497,e1iarB1,11.1.1,0.998,0.997,20.6,0.99,0.88,good_domain,2,7,subset_495,95,1,0.0
P24394,nD2,121-235,2522012,e6oelB1,11.1.1,0.996,0.997,13.8,1.0,1.065,good_domain,4,7,subset_495,115,1,0.0
Q9Y575,nD1,1-135,1489133,e4ot9A1,109.3.1,0.999,1.0,20.9,0.372,0.678,good_domain,8,0,subset_110,135,1,100.0
Q9Y575,nD2,136-340,1735014,e5et1B1,109.3.1,1.0,1.0,25.1,0.583,1.03,good_domain,11,0,subset_110,205,2,100.0
Q9Y575,nD3,341-460,4525,e1dcqA1,109.3.1,0.974,0.993,5.4,0.675,0.603,good_domain,8,0,subset_110,120,1,100.0
Q9Y575,nD4,461-510,136382,e3ifqA1,109.4.1,0.539,0.0,2.3,na,na,low_confidence,4,0,subset_110,50,0,100.0
P08173,nD1,"21-240,356-479",2420829,e5zkcA2,5001.1.1,0.999,1.0,38.1,0.937,1.205,good_domain,7,1,subset_110,344,2,36.04651162790697
P39900,nD1,21-105,51858,e1slmA1,144.1.1,0.995,1.0,7.8,0.862,1.104,good_domain,3,0,subset_110,85,0,0.0
P39900,nD2,106-265,1094878,e4fu4A2,2498.1.1,0.998,1.0,28.5,0.925,0.637,good_domain,3,6,subset_110,160,2,0.0
P39900,nD3,266-470,168459,e3ba0A1,5.1.1,0.982,1.0,31.8,0.985,1.041,good_domain,3,13,subset_110,205,2,0.0
Q9NP84,nD1,36-70,119220,e2kmzA1,389.1.3,0.971,0.998,0.0,0.66,0.648,good_domain,1,2,subset_110,35,0,0.0
Q9NP84,nD2,71-113,184835,e2m20A1,3569.1.1,0.891,0.828,0.0,0.55,0.741,simple_topology,1,0,subset_110,43,0,27.906976744186046
Q9NP72,nD1,1-180,2642555,e6s5fA1,2004.1.1,0.998,0.998,26.7,0.941,0.807,good_domain,5,6,subset_186,180,2,100.0
P27635,nD1,6-200,1421045,e3j7oI1,325.1.5,0.995,1.0,27.6,0.901,1.114,good_domain,3,11,subset_186,195,2,100.0
Q9NXG6,nD1,"61-85,111-500",2741615,e6tp5B1,10.12.1,0.996,1.0,27.4,0.955,2.358,good_domain,13,15,subset_186,415,2,0.24096385542168675
P08581,nD1,"1-400,416-515",2328895,e5y2zH1,5.1.4,0.951,0.0,19.3,0.906,1.393,good_domain,5,30,subset_164,500,2,4.8
P08581,nD2,516-560,2724218,e6wvzM1,355.1.1,0.999,1.0,6.5,0.86,0.818,good_domain,2,2,subset_164,45,0,0.0
P08581,nD3,561-655,1311521,e2uzxD2,11.1.1,1.0,1.0,17.0,0.918,0.88,good_domain,0,10,subset_164,95,1,0.0
P08581,nD4,656-740,2116971,e5lspP2,11.1.1,1.0,0.996,18.4,1.0,0.787,good_domain,0,8,subset_164,85,0,0.0
P08581,nD5,741-840,1862373,e5l5kA3,11.1.1,1.0,0.995,10.2,0.965,0.926,good_domain,2,7,subset_164,100,1,0.0
P08581,nD6,"841-925,931-955",2116971,e5lspP2,11.1.1,1.0,0.978,8.0,0.892,1.019,good_domain,1,7,subset_164,110,1,0.0
P08581,nD7,1041-1365,2706103,e7kjcA1,206.1.1,0.993,0.998,33.5,0.907,1.08,good_domain,11,8,subset_164,325,2,100.0
Q07020,nD1,1-188,2765716,e7o7yBQ1,2490.3.1,1.0,1.0,24.8,1.0,1.262,good_domain,7,6,subset_164,188,2,100.0
P48067,nD1,"101-235,261-665",1551987,e4xp9C1,5051.1.1,1.0,1.0,50.9,0.974,1.153,good_domain,19,3,subset_164,540,2,30.0
Q9UH73,nD1,36-240,993497,e3mlpE1,11.1.5,0.996,1.0,35.4,0.945,1.331,good_domain,3,12,subset_315,205,2,100.0
Q9UH73,nD2,261-345,393651,e3n50F1,11.1.1,0.999,1.0,18.5,0.552,0.787,good_domain,0,9,subset_315,85,0,100.0
Q9UH73,nD3,346-390,153761,e4ayaA1,105.1.1,0.99,0.42,5.0,0.695,0.672,simple_topology,2,0,subset_315,45,0,100.0
Q12809,nD1,1-135,2644070,e6y7qAAA1,223.1.1,0.995,0.968,21.1,1.0,0.925,good_domain,3,5,subset_315,135,1,100.0
Q12809,nD2,391-665,2071554,e5va1A3,5054.1.1,0.996,1.0,26.9,0.863,1.206,good_domain,9,1,subset_315,275,2,28.727272727272727
Q12809,nD3,666-860,1095708,e4lloA1,10.12.1,0.995,0.994,21.3,0.803,1.108,good_domain,7,8,subset_315,195,2,100.0
Q7L1I2,nD1,96-365,1234866,e4gbzA4,5050.1.1,0.995,1.0,19.6,0.875,1.224,good_domain,9,1,subset_315,270,2,40.74074074074074
Q7L1I2,nD2,426-520,2042175,e5moyB1,207.9.1,0.985,0.0,18.7,0.864,0.534,good_domain,0,12,subset_315,95,1,0.0
Q7L1I2,nD3,"346-420,531-683",2811150,e7sp5A1,5050.1.1,0.993,1.0,20.3,0.887,1.034,good_domain,6,0,subset_315,228,2,32.89473684210526
Q01543,nD1,106-195,001170643,e2ytuA2,102.1.1,0.995,0.998,9.2,0.89,1.154,good_domain,2,1,subset_146,90,1,100.0
Q01543,nD2,281-375,000045835,e1gvjB1,101.1.2,0.995,0.993,8.5,0.627,1.0,good_domain,4,3,subset_146,95,1,100.0
Q9UQL6,nD1,77-165,na,na,na,na,na,na,na,na,simple_topology,1,0,subset_146,89,1,100.0
Q9UQL6,nD2,681-1090,002572567,e6j6tB1,2006.1.5,1.0,1.0,55.5,0.962,1.285,good_domain,12,10,subset_146,410,2,100.0
Q14832,nD1,"31-195,326-360,381-465",001567052,e5c5cA1,2007.1.2,0.997,1.0,39.8,0.761,1.993,good_domain,8,10,subset_146,285,2,0.0
Q14832,nD2,"196-325,466-505",002442129,e6n51B3,2007.1.2,0.999,1.0,29.9,0.526,1.189,good_domain,5,8,subset_146,170,2,0.0
Q14832,nD3,506-565,001645448,e2e4xA3,389.1.3,0.991,1.0,6.4,0.868,1.111,good_domain,0,6,subset_146,60,0,0.0
Q14832,nD4,571-845,001291848,e4or2B1,5001.1.1,0.996,0.999,31.6,0.959,0.963,good_domain,7,2,subset_146,275,2,25.818181818181817
Q13480,nD1,1-120,957,e1u5eA1,220.1.1,0.996,0.969,14.0,0.631,0.984,good_domain,3,6,subset_168,120,1,100.0
P39023,nD1,1-400,2755728,e7o7yBB1,1.1.7,1.0,1.0,52.6,0.997,3.604,good_domain,7,13,subset_168,400,2,100.0
Q15722,nD1,11-305,2141734,e5o9hB1,5001.1.1,0.999,1.0,33.3,0.934,1.033,good_domain,8,2,subset_168,295,2,25.76271186440678
Q02153,nD1,1-190,432783,e3tfgA1,873.1.1,0.996,0.999,25.2,1.0,1.111,good_domain,5,5,subset_461,190,2,100.0
Q02153,nD2,206-355,2816576,e7d9rB3,223.1.1,0.997,1.0,20.4,0.794,1.027,good_domain,7,5,subset_461,150,1,100.0
Q02153,nD3,376-605,2773694,e6jt1B2,304.48.1,1.0,1.0,31.9,0.987,1.053,good_domain,7,9,subset_461,230,2,100.0
Q9Y2D0,nD1,41-295,44626,e1keqA1,62.1.1,0.997,1.0,36.5,0.992,0.994,good_domain,5,12,subset_461,255,2,100.0
P18564,nD1,26-80,2772052,e7nxdB2,355.1.1,0.999,1.0,6.9,0.869,1.0,good_domain,2,2,subset_461,55,0,0.0
P18564,nD2,131-375,2531248,e5neuB1,2006.1.6,0.998,1.0,35.6,0.598,1.161,good_domain,7,8,subset_461,245,2,0.0
P18564,nD3,"81-130,376-450",2772057,e7nxdB7,11.1.1,0.994,1.0,15.9,0.84,1.157,good_domain,1,9,subset_461,125,1,0.0
P18564,nD4,451-490,1005450,e2p28B3,389.1.1,0.967,0.0,4.5,0.698,0.941,simple_topology,0,2,subset_461,40,0,0.0
P18564,nD5,491-540,2390272,e6bxbB5,389.1.1,0.999,1.0,7.2,0.87,1.176,good_domain,1,3,subset_461,50,0,0.0
P18564,nD6,541-575,2772054,e7nxdB4,389.1.1,1.0,1.0,3.6,0.875,0.824,good_domain,1,2,subset_461,35,0,0.0
P18564,nD7,581-615,2393139,e6bxjA6,389.1.1,1.0,1.0,6.5,0.7,0.824,good_domain,1,2,subset_461,35,0,0.0
P18564,nD8,621-705,1665036,e3ijeB2,827.1.1,0.992,1.0,7.0,0.833,0.977,good_domain,3,4,subset_461,85,0,0.0
P18564,nD9,711-755,1002535,e3g9wD1,3661.1.1,0.962,0.982,0.0,0.675,1.034,simple_topology,1,0,subset_461,45,0,55.55555555555556
O75925,nD1,6-65,3131,e1v66A1,130.1.1,0.998,0.996,9.7,0.923,1.091,good_domain,4,0,subset_254,60,0,100.0
O75925,nD2,136-285,1391774,e4fo9A2,10.1.2,0.987,1.0,19.0,0.909,0.955,good_domain,1,6,subset_254,150,1,100.0
O75925,nD3,286-415,1158365,e4mvtA4,376.1.1,0.998,1.0,20.9,0.942,1.667,good_domain,4,6,subset_254,130,1,100.0
P48547,nD1,6-120,6270,e3kvtA1,226.1.1,0.992,0.99,17.4,1.0,0.983,good_domain,5,4,subset_254,115,1,100.0
P48547,nD2,"161-455,486-510",2794037,e7e7zC1,5054.1.1,0.999,0.999,21.6,0.945,1.404,good_domain,8,2,subset_254,320,2,33.4375
Q9Y243,nD1,6-120,935,e1unqA1,220.1.1,0.997,0.98,19.2,0.924,0.943,good_domain,1,7,subset_254,115,1,100.0
Q9Y243,nD2,131-475,80240,e2jdoA1,206.1.1,0.998,1.0,47.0,0.926,1.146,good_domain,8,8,subset_254,345,2,100.0
P41743,nD1,16-135,6188,e1wmhA1,221.1.1,0.993,0.988,14.5,1.0,1.277,good_domain,3,6,subset_429,120,1,100.0
P41743,nD2,136-190,167536,e2ennA1,376.1.2,0.997,0.958,8.4,0.786,0.887,good_domain,0,4,subset_429,55,0,100.0
P41743,nD3,236-590,1886282,e5li9A1,206.1.1,0.999,1.0,48.6,0.959,1.179,good_domain,11,9,subset_429,355,2,100.0
P35913,nD1,"1-30,51-235",2697340,e6x88A1,223.1.1,0.995,1.0,27.3,0.964,1.473,good_domain,6,6,subset_429,215,2,100.0
P35913,nD2,"236-280,311-455",2697341,e6x88A2,223.1.1,1.0,1.0,27.7,0.973,1.301,good_domain,4,6,subset_429,190,2,100.0
P35913,nD3,456-830,2396734,e6c7eA1,131.1.1,0.999,1.0,42.4,0.971,1.623,good_domain,12,0,subset_429,375,2,100.0
Q9NPF7,nD1,21-189,1227226,e3d87A2,150.3.1,0.998,1.0,21.3,0.94,1.119,good_domain,5,0,subset_429,169,2,0.0
P00747,nD1,21-100,985515,e4a5tS7,390.1.1,0.999,1.0,17.6,0.988,0.851,good_domain,2,5,subset_478,80,0,0.0
P00747,nD2,101-180,1867096,e5fwwB1,380.1.1,0.999,0.969,10.3,0.397,0.964,simple_topology,0,2,subset_478,80,0,0.0
P00747,nD3,181-265,985511,e4a5tS3,380.1.1,0.999,1.0,17.8,0.954,1.024,good_domain,1,2,subset_478,85,0,0.0
P00747,nD4,266-350,2797880,e7me4A1,380.1.1,0.998,0.981,13.7,0.892,1.024,good_domain,0,2,subset_478,85,0,0.0
P00747,nD5,376-465,2766160,e7ocmA2,380.1.1,0.999,0.996,15.4,0.956,1.084,good_domain,0,2,subset_478,90,1,0.0
P00747,nD6,481-560,2642574,e6szwD1,380.1.1,0.962,0.0,2.4,0.865,0.964,simple_topology,0,2,subset_478,80,0,0.0
P00747,nD7,566-810,1097601,e4a5tS8,1.1.17,0.994,1.0,39.4,0.96,1.061,good_domain,4,12,subset_478,245,2,0.0
Q14721,nD1,21-160,1760353,e3dryC1,226.1.1,0.993,0.99,11.0,0.607,1.197,good_domain,6,5,subset_478,140,1,100.0
Q14721,nD2,"161-445,451-475",1281106,e4g80I1,5054.1.1,0.99,0.982,9.4,0.928,1.36,good_domain,8,0,subset_478,310,2,39.67741935483871
Q30154,nD1,26-120,2711730,e6t3yB1,233.1.1,0.992,0.999,12.7,0.715,0.537,good_domain,1,4,subset_478,95,1,4.2105263157894735
Q30154,nD2,121-220,1346549,e4p5mD1,11.1.1,0.999,0.999,18.1,0.892,0.926,good_domain,0,8,subset_478,100,1,0.0
Q9H0Q0,nD1,"16-160,181-323",1117660,e3p8cA1,3289.1.1,0.997,1.0,19.9,0.201,0.244,partial_domain,13,1,subset_221,288,2,100.0
P61927,nD1,1-90,2774669,e6zj3Ly1,375.1.1,1.0,1.0,9.6,0.83,1.607,good_domain,2,2,subset_221,90,1,100.0
Q9C0B1,nD1,26-325,1412674,e4qknA2,10.12.1,0.999,1.0,41.9,0.928,1.705,good_domain,6,13,subset_221,300,2,100.0
Q9C0B1,nD2,326-500,1386808,e4ie5A2,603.8.1,0.998,1.0,26.8,0.931,0.931,good_domain,5,1,subset_221,175,2,100.0
P11177,nD1,31-220,002396954,e6cerH2,7574.1.1,0.999,1.0,37.9,0.984,0.962,good_domain,5,8,subset_92,190,2,100.0
P11177,nD2,221-359,000107623,e2ozlD1,7522.1.1,0.999,1.0,28.8,1.0,1.015,good_domain,4,6,subset_92,139,1,100.0
P22001,nD1,106-200,000166293,e2r9rB2,226.1.1,0.995,1.0,18.4,0.931,0.812,good_domain,5,4,subset_92,95,1,100.0
P22001,nD2,201-505,000176798,e3lutB1,5054.1.1,0.992,1.0,10.6,0.744,1.338,good_domain,8,0,subset_92,305,2,28.524590163934427
P52732,nD1,6-375,002427744,e6a20A1,2004.1.1,0.997,1.0,42.0,0.753,1.659,good_domain,7,17,subset_92,370,2,100.0
P52732,nD2,406-435,002547375,e6jlbB1,3755.3.1,0.874,0.963,0.0,0.063,0.174,simple_topology,1,0,subset_92,30,0,100.0
P52732,nD3,"436-470,491-520",001765872,e3vkhB14,148.1.3,0.913,0.951,0.0,0.361,0.699,simple_topology,1,0,subset_92,65,0,100.0
P52732,nD4,"586-635,641-685,761-845",002537293,e6pyrB1,3755.4.1,0.903,0.0,8.8,0.497,1.065,simple_topology,2,0,subset_92,180,2,100.0
P52732,nD5,"521-585,846-915",na,na,na,na,na,na,na,na,simple_topology,2,0,subset_92,135,1,100.0
P52732,nD6,686-760,002085433,e5nugB13,148.1.3,0.776,0.887,0.0,na,na,simple_topology,2,0,subset_92,75,0,100.0
P43489,nD1,31-110,002492305,e6nypH1,389.1.3,0.997,0.987,6.5,0.987,1.481,good_domain,1,6,subset_92,80,0,0.0
P43489,nD2,111-165,002415464,e6mgpY1,389.1.3,0.999,0.99,7.8,0.735,1.019,good_domain,0,3,subset_92,55,0,0.0
Q9H6H4,nD1,1-85,2713490,e6vgiA1,5038.2.1,0.75,0.0,7.1,na,na,low_confidence,3,0,subset_41,85,0,25.88235294117647
Q9H6H4,nD2,101-150,2154779,e5y9dA4,633.6.1,0.227,0.0,6.4,na,na,simple_topology,1,0,subset_41,50,0,100.0
P54762,nD1,21-195,2131245,e4m4rE4,10.1.2,0.999,1.0,26.8,0.731,1.115,good_domain,2,11,subset_41,175,2,0.0
P54762,nD2,196-265,1758626,e4m4pA2,389.1.1,1.0,1.0,15.8,0.553,1.647,good_domain,0,6,subset_41,70,0,0.0
P54762,nD3,256-320,1758626,e4m4pA2,389.1.1,1.0,1.0,15.8,0.52,1.529,simple_topology,0,2,subset_41,65,0,0.0
P54762,nD4,321-430,2723351,e7k7jA1,11.1.1,0.999,1.0,17.6,0.69,1.019,good_domain,0,8,subset_41,110,1,0.0
P54762,nD5,431-565,2806940,e7s7kA3,11.1.1,0.999,1.0,18.4,0.94,1.25,good_domain,2,7,subset_41,135,1,2.2222222222222223
P54762,nD6,591-905,2706103,e7kjcA1,206.1.1,1.0,1.0,41.1,0.936,1.047,good_domain,11,9,subset_41,315,2,100.0
P54762,nD7,906-980,2706104,e7kjcA2,102.1.1,0.999,1.0,12.8,0.885,0.962,good_domain,4,0,subset_41,75,0,100.0
Q9BU61,nD1,56-170,160394,e2gm2A1,7538.1.1,0.997,1.0,12.5,0.897,0.966,good_domain,3,8,subset_41,115,1,100.0
Q495A1,nD1,26-135,1221182,e3ucrC2,11.1.1,0.998,0.984,19.9,0.954,1.019,good_domain,2,10,subset_41,110,1,0.0
Q495A1,nD2,146-170,1764134,e2n2aA1,3569.1.1,0.887,0.907,0.0,0.276,0.431,simple_topology,1,0,subset_41,25,0,32.0
Q96GM8,nD1,"31-285,441-505",1188306,e2a1sC2,2484.1.1,0.998,1.0,29.4,0.809,1.633,good_domain,13,9,subset_37,320,2,100.0
Q96GM8,nD2,296-325,8600,e2fc6A1,906.1.1,0.97,0.991,0.0,0.703,0.759,simple_topology,1,1,subset_37,30,0,100.0
Q96GM8,nD3,326-350,1831777,e5iyaB6,4010.1.1,0.275,0.0,2.4,na,na,simple_topology,1,0,subset_37,25,0,100.0
P30542,nD1,1-315,2772582,e7ld3R1,5001.1.1,0.998,1.0,32.8,0.966,1.103,good_domain,8,3,subset_37,315,2,28.88888888888889
Q9NRF9,nD1,6-125,2142364,e5y27A1,148.1.1,0.997,0.999,11.1,0.888,1.29,good_domain,4,0,subset_37,120,1,100.0
O95760,nD1,116-270,2123347,e5vi4A1,6.1.1,0.995,1.0,22.4,0.947,1.033,good_domain,2,11,subset_37,155,2,100.0
P26006,nD1,"1-30,36-465",200063,e2qc5A1,5.1.4,0.935,0.0,30.2,0.966,1.281,good_domain,4,28,subset_270,460,2,6.521739130434782
P26006,nD2,466-615,136547,e3ijeA3,11.1.1,0.996,1.0,16.0,0.844,1.389,good_domain,0,8,subset_270,150,1,0.0
P26006,nD3,621-755,1222328,e3fcsA6,11.1.1,0.999,1.0,14.5,0.884,1.25,good_domain,0,10,subset_270,135,1,0.0
P26006,nD4,"761-860,897-990",136546,e3ijeA2,11.1.1,0.994,1.0,14.8,0.876,1.796,good_domain,1,11,subset_270,194,2,0.0
O75380,nD1,31-124,2755025,e7b93R1,375.1.8,1.0,1.0,11.6,0.969,1.0,good_domain,2,4,subset_270,94,1,100.0
Q9UKP6,nD1,41-335,1125533,e4n6hA1,5001.1.1,0.998,1.0,29.0,0.93,1.033,good_domain,8,2,subset_270,295,2,25.084745762711865
P16234,nD1,26-210,1678261,e4wrlA2,11.1.1,0.994,0.997,16.0,0.902,1.713,good_domain,1,16,subset_305,185,2,0.0
P16234,nD2,211-310,2722006,e7lbfD2,11.1.1,0.999,1.0,15.9,0.931,0.926,good_domain,1,8,subset_305,100,1,0.0
P16234,nD3,311-410,1954718,e5t89Y2,11.1.1,1.0,1.0,12.7,0.395,0.926,good_domain,1,8,subset_305,100,1,0.0
P16234,nD4,"411-520,526-550",1954718,e5t89Y2,11.1.1,0.999,1.0,12.7,0.432,1.25,good_domain,1,7,subset_305,135,1,1.4814814814814814
P16234,nD5,"556-695,776-999",1871755,e5k5xA1,206.1.1,0.986,1.0,48.1,0.966,1.209,good_domain,12,12,subset_305,364,2,100.0
Q9HCU8,nD1,41-89,1788755,e2n5jA1,103.1.1,0.658,0.153,0.0,na,na,low_confidence,3,0,subset_305,49,0,100.0
Q92851,nD1,21-110,1907276,e5jqeA3,110.1.1,0.996,0.997,16.8,0.9,0.938,good_domain,6,1,subset_305,90,1,100.0
Q92851,nD2,111-200,2832705,e7lvjA1,110.1.1,0.991,0.999,13.6,0.954,0.938,good_domain,4,0,subset_305,90,1,100.0
Q92851,nD3,271-510,1107294,e4m9rA1,7575.1.1,0.993,0.999,24.6,0.746,0.928,good_domain,4,8,subset_305,240,2,100.0
Q4ADV7,nD1,"6-685,711-790,821-905",2547822,e6u62A1,5.1.4,0.989,0.997,13.8,0.74,2.354,good_domain,16,53,subset_361,845,3,100.0
Q4ADV7,nD2,906-985,2781419,e7mq8LP1,109.4.1,0.972,0.0,7.3,0.112,0.28,partial_domain,5,0,subset_361,80,0,100.0
Q4ADV7,nD3,"1056-1125,1256-1345",2774818,e6lsuA1,109.4.1,0.443,0.0,5.6,na,na,low_confidence,9,0,subset_361,160,2,100.0
Q70Z44,nD1,36-225,165129,e2qc1B1,11.12.1,0.984,0.997,18.0,0.882,0.9,good_domain,2,9,subset_361,190,2,0.0
Q70Z44,nD2,"226-360,421-454",2761080,e7ektD2,5057.1.1,0.991,1.0,14.5,0.798,1.166,good_domain,5,0,subset_361,169,2,29.585798816568047
O43242,nD1,26-50,2103693,e5vhhV3,109.4.1,0.981,1.0,0.0,0.066,0.087,simple_topology,1,0,subset_361,25,0,100.0
O43242,nD2,51-395,2036928,e5mpdS3,109.4.1,1.0,1.0,30.6,0.895,1.206,good_domain,14,0,subset_361,345,2,100.0
O43242,nD3,396-465,1320570,e4d10C1,101.1.2,0.997,1.0,17.8,0.479,0.737,good_domain,4,2,subset_361,70,0,100.0
O43242,nD4,"471-495,501-530",1884991,e5l4kS3,3749.5.1,0.981,1.0,0.0,0.775,1.25,simple_topology,2,0,subset_361,55,0,100.0
Q9ULK4,nD1,1-220,2491368,e6h02A1,109.4.1,0.999,1.0,21.1,0.986,0.769,good_domain,11,0,subset_95,220,2,100.0
Q9ULK4,nD2,"221-465,471-750,756-1035",2491371,e6h02A4,109.4.1,0.999,1.0,23.9,0.989,2.815,good_domain,33,2,subset_95,805,3,100.0
Q9ULK4,nD3,"1041-1080,1096-1335",2491372,e6h02A5,109.4.1,1.0,1.0,28.5,0.923,0.979,good_domain,13,0,subset_95,280,2,100.0
P11229,nD1,"21-235,276-300,326-445",2420829,e5zkcA2,5001.1.1,0.999,1.0,34.5,0.979,1.261,good_domain,8,0,subset_95,360,2,41.388888888888886
P62508,nD1,126-215,160262,e2ff0A1,377.1.1,0.994,0.98,8.9,0.873,1.8,good_domain,2,2,subset_95,90,1,100.0
P62508,nD2,231-458,2627912,e6k3nA1,188.1.1,0.999,0.999,37.2,1.0,0.942,good_domain,10,2,subset_95,228,2,100.0
Q96B86,nD1,46-120,1806538,e4uhyC1,604.33.1,0.997,0.998,10.0,0.914,1.056,good_domain,3,0,subset_95,75,0,2.6666666666666665
Q96B86,nD2,161-340,2723100,e7ne0D1,6129.1.1,0.992,1.0,20.8,0.915,1.017,good_domain,4,10,subset_95,180,2,0.0
Q96B86,nD3,356-405,2502911,e6n29A4,7061.1.1,0.972,0.955,4.3,0.558,0.585,partial_domain,3,0,subset_95,50,0,0.0
P00734,nD1,51-105,8560,e1nl1A2,393.1.1,0.99,0.997,6.7,0.723,1.25,good_domain,4,0,subset_375,55,0,0.0
P00734,nD2,106-195,2604990,e6osnA1,380.1.1,0.997,0.967,12.9,0.929,1.084,good_domain,0,2,subset_375,90,1,0.0
P00734,nD3,211-295,1771593,e1a0hA2,380.1.1,0.994,0.993,12.6,0.779,1.024,good_domain,1,2,subset_375,85,0,0.0
P00734,nD4,311-620,2388873,e6bjrA4,1.1.5,0.998,1.0,40.0,0.957,1.829,good_domain,6,13,subset_375,310,2,0.0
Q07001,nD1,26-245,2831894,e7ql6C2,11.12.1,0.999,1.0,31.9,0.982,1.043,good_domain,4,12,subset_375,220,2,0.0
Q07001,nD2,"246-360,426-495",2831893,e7ql6C1,5057.1.1,1.0,1.0,16.1,0.876,1.276,good_domain,5,0,subset_375,185,2,42.7027027027027
P43686,nD1,"21-60,81-145",2391238,e6fvtK1,2.1.1,1.0,1.0,11.0,0.831,1.01,good_domain,1,5,subset_375,105,1,100.0
P43686,nD2,146-335,1910278,e5l4gK2,2004.1.1,0.997,1.0,28.6,0.984,0.852,good_domain,7,6,subset_375,190,2,100.0
P43686,nD3,336-418,1910279,e5l4gK3,148.1.3,0.998,1.0,14.0,0.988,0.892,good_domain,3,1,subset_375,83,0,100.0
Q9UHF7,nD1,221-245,000139147,e3mjhB1,386.1.1,0.973,0.945,0.0,0.676,0.758,simple_topology,1,0,subset_105,25,0,100.0
Q9UHF7,nD2,306-360,002642986,e6skgBo1,386.1.1,0.995,0.0,4.0,0.953,1.667,good_domain,1,4,subset_105,55,0,100.0
Q9UHF7,nD3,402-460,001117612,e3ax1A2,386.1.1,0.995,0.0,3.6,0.927,1.788,good_domain,1,4,subset_105,59,0,100.0
Q9UHF7,nD4,521-555,002170662,e5v3jF1,386.1.1,0.961,0.995,0.0,0.482,1.061,good_domain,1,2,subset_105,35,0,100.0
Q9UHF7,nD5,561-610,002077433,e5undB2,386.1.1,0.87,0.991,0.0,0.483,1.515,simple_topology,1,0,subset_105,50,0,100.0
Q9UHF7,nD6,611-635,002671500,e6u9qA3,386.1.1,0.999,0.956,3.6,0.806,0.758,simple_topology,1,0,subset_105,25,0,100.0
Q9UHF7,nD7,666-690,000008316,e2drpA1,386.1.1,0.996,0.73,3.0,0.676,0.758,simple_topology,1,0,subset_105,25,0,100.0
Q9UHF7,nD8,896-930,002443811,e5o9bA1,377.1.1,0.99,0.628,3.5,0.515,0.7,good_domain,1,2,subset_105,35,0,100.0
Q9UHF7,nD9,1212-1260,000008316,e2drpA1,386.1.1,0.979,0.905,2.2,0.811,1.485,good_domain,2,1,subset_105,49,0,100.0
P43116,nD1,6-340,002429323,e6iivA2,5001.1.1,0.998,1.0,29.1,0.788,1.173,good_domain,7,3,subset_105,335,2,32.23880597014925
P80192,nD1,51-120,002322692,e6amwA2,4.1.1,0.992,0.926,5.6,0.435,0.875,good_domain,1,4,subset_105,70,0,100.0
P80192,nD2,126-445,001823373,e4uy9B1,206.1.1,0.998,1.0,33.3,0.971,1.063,good_domain,9,7,subset_105,320,2,100.0
P80192,nD3,446-495,001840073,e5b3dB1,603.5.1,0.83,0.0,4.6,na,na,simple_topology,1,0,subset_105,50,0,100.0
P80192,nD4,751-780,001567624,e4tyhA1,206.1.1,0.961,0.0,11.1,0.06,0.1,simple_topology,1,0,subset_105,30,0,100.0
Q53GD3,nD1,66-185,001142272,e4cdkE1,389.6.1,0.065,0.0,2.5,na,na,low_confidence,4,6,subset_105,120,1,0.0
Q53GD3,nD2,"56-65,381-440",000167314,e3ce2A1,2498.1.1,0.029,0.0,4.1,na,na,low_confidence,1,3,subset_105,70,0,0.0
Q53GD3,nD3,"26-55,356-380,441-575,671-685",002161068,e5vr3A1,3602.1.1,0.724,0.0,4.7,na,na,low_confidence,7,2,subset_105,205,2,55.609756097560975
Q53GD3,nD4,"221-355,576-670,686-695",na,na,na,na,na,na,na,na,low_confidence,5,1,subset_105,240,2,26.666666666666668
Q16790,nD1,141-390,136313,e3iaiA1,62.1.1,0.997,1.0,41.1,0.973,0.975,good_domain,3,12,subset_474,250,2,0.0
Q16790,nD2,416-440,2715699,e6x0ap1,101.1.11,0.884,0.0,3.4,0.287,0.407,simple_topology,1,0,subset_474,25,0,20.0
Q16204,nD1,"56-105,111-235",2816307,e6z26B1,192.8.1,0.938,0.97,0.0,0.786,2.381,simple_topology,1,0,subset_474,175,2,100.0
Q16204,nD2,256-280,2321117,e6gapA2,3755.3.1,0.897,0.979,0.0,0.121,0.145,simple_topology,1,0,subset_474,25,0,100.0
Q16204,nD3,281-320,2074718,e5dfzD2,3922.1.1,0.862,0.908,0.0,0.125,0.31,simple_topology,1,0,subset_474,40,0,100.0
Q16204,nD4,321-345,2647774,e6wg3B3,2004.1.1,0.896,0.987,0.0,0.109,0.112,simple_topology,1,0,subset_474,25,0,100.0
P32927,nD1,26-120,33100,e2gysB1,11.1.1,0.999,1.0,17.9,0.922,0.88,good_domain,0,7,subset_474,95,1,0.0
P32927,nD2,126-240,33103,e2gysB2,11.1.1,0.999,1.0,18.9,0.947,1.065,good_domain,1,7,subset_474,115,1,0.0
P32927,nD3,241-330,33106,e2gysB3,11.1.1,0.999,1.0,11.7,0.889,0.833,good_domain,1,6,subset_474,90,1,0.0
P32927,nD4,"331-435,441-465",1687240,e4nkqA1,11.1.1,0.999,1.0,19.0,0.938,1.204,good_domain,1,7,subset_474,130,1,0.0
Q9GZZ9,nD1,41-325,2414537,e6h77B1,2003.1.9,1.0,1.0,46.4,0.91,1.105,good_domain,8,9,subset_21,285,2,100.0
O75899,nD1,"51-180,321-420",2121159,e4f11A2,2007.1.2,0.998,1.0,35.7,0.819,1.608,good_domain,6,7,subset_21,230,2,0.0
O75899,nD2,"181-320,421-465",2761260,e7epaB4,2007.1.2,0.997,1.0,19.3,0.52,1.294,good_domain,6,8,subset_21,185,2,0.0
O75899,nD3,466-765,2702809,e7d76R1,5001.1.1,0.993,0.948,14.5,0.845,1.051,good_domain,8,3,subset_21,300,2,24.666666666666668
O75899,nD4,786-815,2724370,e7eknF1,1134.1.2,0.908,0.421,0.0,0.595,0.659,simple_topology,1,0,subset_21,30,0,100.0
Q9NS40,nD1,11-145,2644070,e6y7qAAA1,223.1.1,0.996,0.953,20.7,1.0,0.925,good_domain,3,5,subset_21,135,1,100.0
Q9NS40,nD2,381-715,2038406,e5u6oD2,5054.1.1,0.997,1.0,20.8,0.799,1.469,good_domain,12,1,subset_21,335,2,38.93805309734513
O00220,nD1,121-190,1066084,e4kgqC1,389.1.3,0.995,0.988,7.6,0.805,1.296,good_domain,0,4,subset_21,70,0,0.0
O00220,nD2,191-230,1572594,e3alqT3,389.1.3,0.999,0.988,4.1,0.404,0.741,simple_topology,0,2,subset_21,40,0,0.0
O00220,nD3,352-455,354353,e3ezqP1,110.1.1,0.994,0.961,11.6,0.929,1.083,good_domain,7,1,subset_21,104,1,100.0
Q5JPH6,nD1,26-360,2539698,e6b1zA2,2005.1.1,1.0,1.0,28.5,0.968,1.565,good_domain,11,13,subset_185,335,2,100.0
Q5JPH6,nD2,361-523,169311,e2ja2A2,101.8.1,0.989,1.0,11.8,0.88,0.976,good_domain,6,0,subset_185,163,2,100.0
P61247,nD1,"11-110,231-248",2755693,e7o7yAa2,239.5.1,0.994,1.0,9.3,0.875,1.229,good_domain,3,5,subset_185,118,1,100.0
P61247,nD2,111-230,1313672,e3j7aB1,230.6.1,0.998,1.0,14.1,0.975,1.0,good_domain,4,4,subset_185,120,1,100.0
P16615,nD1,361-600,84393,e2zbeB4,267.1.1,0.997,1.0,40.7,0.996,1.455,good_domain,6,11,subset_185,240,2,100.0
P16615,nD2,"1-40,46-110,116-240,246-345,736-1000",1132115,e2zbeB6,5073.1.1,1.0,1.0,30.2,0.911,1.262,good_domain,19,9,subset_185,595,3,51.09243697478992
P16615,nD3,"346-360,601-735",2523992,e6jxhA3,2006.1.1,0.998,1.0,23.7,0.785,0.75,good_domain,8,7,subset_185,150,1,100.0
Q8NC56,nD1,6-55,48733,e2odcI1,130.1.1,0.873,0.983,0.0,0.804,0.909,good_domain,2,0,subset_274,50,0,100.0
Q8NC56,nD2,206-230,2137468,e5nenB1,5086.1.1,0.702,0.0,5.4,na,na,simple_topology,1,0,subset_274,25,0,28.0
Q8NC56,nD3,251-495,1285611,e2mh2A1,101.1.2,0.989,0.0,5.6,1.0,2.579,good_domain,7,6,subset_274,245,2,40.0
O75489,nD1,46-230,2049418,e5gupD1,4272.1.1,1.0,1.0,24.1,0.889,1.088,good_domain,3,7,subset_274,185,2,100.0
Q8WW43,nD1,6-245,1680004,e5a63C1,1076.1.1,0.999,1.0,34.6,0.979,0.978,good_domain,8,0,subset_274,240,2,20.833333333333332
P39086,nD1,"36-150,281-390",2122609,e5kc9A1,2007.1.2,0.996,1.0,26.4,0.698,1.573,good_domain,6,7,subset_413,225,2,0.0
P39086,nD2,"151-280,391-430",1873473,e4gpaA2,2007.1.2,0.998,1.0,21.0,0.549,1.189,good_domain,5,8,subset_413,170,2,0.0
P39086,nD3,"446-550,776-825",2062177,e4q0cC4,7523.1.1,0.997,0.974,19.1,0.462,1.033,good_domain,4,8,subset_413,155,2,0.0
P39086,nD4,"566-675,826-860",2816822,e7eu7B5,5054.1.1,0.988,1.0,8.1,0.688,0.636,good_domain,4,2,subset_413,145,1,42.06896551724138
P39086,nD5,"551-565,676-775",2600647,e3g3kB3,7523.1.1,0.996,0.998,22.4,0.981,0.767,good_domain,5,5,subset_413,115,1,0.0
P07947,nD1,96-150,2322692,e6amwA2,4.1.1,0.992,0.993,5.6,0.384,0.688,good_domain,1,4,subset_413,55,0,100.0
P07947,nD2,151-260,2055666,e5mtjA1,214.1.1,0.997,0.981,19.8,0.982,0.991,good_domain,2,3,subset_413,110,1,100.0
P07947,nD3,261-540,2782594,e7ng7A1,206.1.1,0.999,1.0,40.0,0.924,0.93,good_domain,10,7,subset_413,280,2,100.0
P15941,nD1,101-180,7190,e1jl5A1,207.1.1,0.903,0.0,9.2,0.144,0.282,simple_topology,0,1,subset_413,80,0,0.0
P15941,nD2,181-900,7211,e1ee6A1,207.2.1,0.952,0.0,10.2,0.492,1.895,good_domain,0,36,subset_413,720,3,0.0
P15941,nD3,901-965,2756180,e7akvG1,207.2.1,0.894,0.0,10.5,0.134,0.171,simple_topology,0,2,subset_413,65,0,0.0
P15941,nD4,1041-1145,5125,e1ivzA1,304.47.1,0.999,0.989,10.4,0.773,0.837,good_domain,2,4,subset_413,105,1,0.0
P15941,nD5,1161-1185,1070457,e3j2wE1,6074.1.1,0.972,0.836,0.0,0.543,0.455,simple_topology,1,0,subset_413,25,0,8.0
P48736,nD1,"26-140,146-325",2770106,e7mezA5,221.1.1,0.995,1.0,11.7,0.922,3.138,good_domain,11,12,subset_399,295,2,100.0
P48736,nD2,326-540,2770105,e7mezA4,11.2.1,0.995,1.0,26.4,0.933,1.525,good_domain,1,8,subset_399,215,2,100.0
P48736,nD3,541-725,1412316,e4uwhA2,109.4.1,0.996,1.0,11.4,0.72,0.647,good_domain,9,0,subset_399,185,2,100.0
P48736,nD4,726-1090,1833039,e1e8yA4,206.1.1,0.995,1.0,36.7,0.902,1.213,good_domain,11,9,subset_399,365,2,100.0
Q04844,nD1,26-240,2831894,e7ql6C2,11.12.1,0.998,1.0,29.6,0.942,1.019,good_domain,3,11,subset_399,215,2,0.0
Q04844,nD2,"241-355,411-420,441-490",2617457,e6uwzE2,5057.1.1,0.994,1.0,19.9,0.838,1.207,good_domain,5,0,subset_399,175,2,34.285714285714285
P09871,nD1,21-130,31417,e1nziB1,10.4.1,0.999,0.99,20.9,0.948,0.948,good_domain,0,8,subset_399,110,1,0.0
P09871,nD2,131-175,2150904,e6f1hB2,389.1.1,1.0,0.999,3.5,1.0,1.059,good_domain,0,4,subset_399,45,0,0.0
P09871,nD3,176-290,1088424,e4losA1,10.4.1,0.999,0.993,24.8,0.958,0.991,good_domain,1,8,subset_399,115,1,0.0
P09871,nD4,291-355,8492,e1qubA1,389.1.2,1.0,0.98,7.5,0.952,1.032,good_domain,0,5,subset_399,65,0,0.0
P09871,nD5,356-425,2791636,e7arxA2,389.1.2,1.0,0.982,11.9,0.814,1.111,good_domain,0,6,subset_399,70,0,0.0
P09871,nD6,426-688,225026,e4j1yA1,1.1.17,0.99,1.0,42.3,0.938,1.139,good_domain,3,12,subset_399,263,2,0.0
Q13887,nD1,371-400,151389,e2lvrA1,386.1.1,0.997,0.959,2.5,0.933,0.909,good_domain,1,0,subset_77,30,0,100.0
Q13887,nD2,401-430,2103569,e5v3gD1,386.1.1,1.0,0.966,8.6,0.519,0.909,simple_topology,1,0,subset_77,30,0,100.0
Q13887,nD3,431-455,1758193,e2i13A1,386.1.1,1.0,0.969,9.2,0.472,0.758,simple_topology,1,0,subset_77,25,0,100.0
P09917,nD1,1-115,142083,e3o8yA2,10.10.1,0.994,1.0,21.9,0.982,0.983,good_domain,0,8,subset_77,115,1,100.0
P09917,nD2,116-674,142082,e3o8yA1,158.1.1,1.0,1.0,62.8,0.998,0.993,good_domain,19,4,subset_77,559,2,100.0
Q14289,nD1,36-140,149640,e4ekuA3,221.1.1,0.992,1.0,13.9,0.858,1.117,good_domain,5,7,subset_77,105,1,100.0
Q14289,nD2,141-260,164738,e2j0jA2,197.1.1,0.994,1.0,18.7,0.976,1.081,good_domain,6,0,subset_77,120,1,100.0
Q14289,nD3,261-365,2443875,e6cb0A1,220.1.1,0.997,1.0,17.2,0.705,0.861,good_domain,2,5,subset_77,105,1,100.0
Q14289,nD4,406-700,146736,e2yleA1,206.1.1,0.985,0.949,8.3,0.621,0.98,good_domain,9,9,subset_77,295,2,100.0
Q14289,nD5,796-830,2721645,e6w1sW1,4207.1.1,0.79,0.0,5.3,na,na,simple_topology,1,0,subset_77,35,0,100.0
Q14289,nD6,871-1005,1721597,e4xekA1,601.16.1,0.989,1.0,22.5,0.956,0.985,good_domain,4,0,subset_77,135,1,100.0
P01562,nD1,26-189,143314,e3oq3A1,150.3.1,0.999,1.0,25.0,0.988,1.086,good_domain,7,0,subset_77,164,2,0.0
Q969M3,nD1,126-255,1700505,e4akgA11,148.1.3,0.864,0.0,5.2,0.734,1.398,good_domain,6,0,subset_233,130,1,18.46153846153846
O14802,nD1,6-360,1223288,e3qqcA3,4246.1.1,0.998,1.0,32.0,0.714,1.053,good_domain,11,6,subset_233,355,2,100.0
O14802,nD2,361-535,1755886,e3h0gA8,1.1.2,0.999,1.0,24.7,0.93,1.296,good_domain,6,10,subset_233,175,2,100.0
O14802,nD3,536-695,2142198,e6eu1A5,4959.1.1,0.999,1.0,22.1,0.962,1.016,good_domain,5,5,subset_233,160,2,100.0
O14802,nD4,696-920,2629834,e6kf4A1,4958.1.1,1.0,1.0,18.7,0.937,1.077,good_domain,5,1,subset_233,225,2,100.0
O14802,nD5,921-1025,2784214,e7oq4C4,4957.1.1,0.991,1.0,6.2,0.951,0.636,good_domain,4,1,subset_233,105,1,100.0
O14802,nD6,1111-1200,5462,e1twfA3,4955.1.1,0.996,1.0,9.6,0.618,0.769,good_domain,5,5,subset_233,90,1,100.0
O14802,nD7,"1081-1105,1201-1250",2729666,e7egao2,4956.1.1,0.996,1.0,10.5,0.793,0.987,good_domain,3,4,subset_233,75,0,100.0
O14802,nD8,"1026-1080,1251-1370",2581002,e6tutA7,4954.1.1,0.999,1.0,10.5,0.822,0.86,good_domain,8,1,subset_233,175,2,100.0
Q9NW38,nD1,6-95,2731272,e7kzpM3,216.1.1,0.995,1.0,17.4,0.947,0.59,good_domain,4,4,subset_244,90,1,100.0
Q9NW38,nD2,96-195,2731271,e7kzpM2,216.1.1,0.993,1.0,16.3,0.971,0.656,good_domain,2,4,subset_244,100,1,100.0
Q9NW38,nD3,196-295,2731270,e7kzpM1,216.1.1,0.993,1.0,16.4,0.99,0.656,good_domain,3,4,subset_244,100,1,100.0
Q9NW38,nD4,296-370,1142263,e4ccgX1,376.1.1,0.998,0.977,13.8,0.96,0.962,good_domain,1,4,subset_244,75,0,100.0
P23921,nD1,1-90,1878970,e5im3B4,103.2.1,0.993,0.882,9.5,0.73,0.896,good_domain,4,3,subset_244,90,1,100.0
P23921,nD2,91-215,2667412,e6l3rE2,1074.1.1,0.997,1.0,27.2,0.886,1.016,good_domain,7,2,subset_244,125,1,100.0
P23921,nD3,216-760,2667411,e6l3rE1,2500.1.1,1.0,1.0,57.3,0.975,0.866,good_domain,20,13,subset_244,545,2,100.0
Q99572,nD1,11-390,2133261,e5xw6C1,3483.1.1,1.0,1.0,30.1,0.987,1.167,good_domain,7,12,subset_244,380,2,13.68421052631579
Q99572,nD2,"391-430,491-595",61901,e1rp3E3,142.1.1,0.387,0.0,2.6,na,na,low_confidence,3,3,subset_244,145,1,100.0
Q9UKL0,nD1,146-190,1786518,e4bkxA1,103.1.1,0.993,0.999,6.7,0.53,0.789,good_domain,3,0,subset_96,45,0,100.0
Q9UKL0,nD2,191-255,425449,e3osgA1,101.1.1,0.99,0.0,7.4,0.847,0.89,good_domain,3,0,subset_96,65,0,100.0
Q9UKL0,nD3,311-375,185940,e2iw5B1,3340.1.1,0.994,1.0,7.0,0.956,0.956,good_domain,2,0,subset_96,65,0,100.0
Q9UKL0,nD4,381-450,1761512,e3oioA1,101.1.1,0.99,0.0,3.7,0.945,0.959,good_domain,4,0,subset_96,70,0,100.0
P32238,nD1,"6-235,251-395",2771934,e7ezmD1,5001.1.1,0.998,1.0,33.9,0.959,1.313,good_domain,8,4,subset_96,375,2,30.933333333333334
Q99683,nD1,91-265,1295266,e4c6tC1,2007.9.1,0.982,0.0,11.5,0.916,1.101,good_domain,6,7,subset_96,175,2,100.0
Q99683,nD2,266-550,2043556,e5ulmB1,109.4.1,0.998,1.0,37.8,0.964,0.997,good_domain,14,1,subset_96,285,2,100.0
Q99683,nD3,551-665,2043557,e5ulmB2,220.1.1,0.996,1.0,20.1,1.0,0.943,good_domain,2,6,subset_96,115,1,100.0
Q99683,nD4,666-950,2095912,e5uuuA1,206.1.1,0.998,0.998,27.0,0.609,0.947,good_domain,9,10,subset_96,285,2,100.0
Q99683,nD5,1041-1180,142120,e3pmdA1,106.1.1,0.994,0.915,11.4,0.824,0.952,good_domain,5,0,subset_96,140,1,100.0
Q99683,nD6,1311-1370,2605063,e6v0mA1,102.1.1,0.995,0.994,13.2,0.845,0.769,good_domain,4,0,subset_96,60,0,100.0
P56856,nD1,1-200,2448379,e6akfC1,633.23.1,0.995,0.999,19.6,0.978,1.07,good_domain,4,5,subset_96,200,2,15.0
Q15910,nD1,31-155,1830964,e5hynA1,1020.1.1,1.0,1.0,3.6,0.845,0.845,good_domain,2,2,subset_237,125,1,100.0
Q15910,nD2,"166-190,216-250",1830965,e5hynA2,101.1.1,0.985,1.0,6.9,0.554,0.822,good_domain,3,0,subset_237,60,0,100.0
Q15910,nD3,261-310,1830967,e5hynA4,1019.1.1,0.996,1.0,3.7,0.909,0.82,good_domain,1,1,subset_237,50,0,100.0
Q15910,nD4,"311-340,426-475",2036243,e5ls6G7,101.1.1,0.997,1.0,12.0,0.849,1.096,good_domain,4,0,subset_237,80,0,100.0
Q15910,nD5,496-560,1830968,e5hynA5,3358.1.1,0.848,1.0,0.0,na,na,simple_topology,1,0,subset_237,65,0,100.0
Q15910,nD6,561-740,1184110,e3ooiA2,70.3.1,0.993,0.998,17.2,0.681,1.084,good_domain,2,8,subset_237,180,2,100.0
P48735,nD1,146-325,2601683,e2qfwD1,7510.1.1,0.998,1.0,22.9,0.989,0.986,good_domain,5,9,subset_237,180,2,100.0
P48735,nD2,"41-145,326-450",2601073,e4ja8A1,7510.1.1,0.999,1.0,39.0,0.975,1.26,good_domain,11,5,subset_237,230,2,100.0
Q92843,nD1,6-180,1157185,e1o0lA2,5000.3.1,0.998,1.0,21.2,0.894,1.133,good_domain,8,0,subset_237,175,2,100.0
P07948,nD1,56-120,2322692,e6amwA2,4.1.1,0.985,0.994,5.6,0.442,0.812,good_domain,1,4,subset_424,65,0,100.0
P07948,nD2,121-230,1490098,e4tziA1,214.1.1,0.997,0.982,21.2,0.982,0.991,good_domain,2,3,subset_424,110,1,100.0
P07948,nD3,236-510,1513134,e4y93A1,206.1.1,0.999,1.0,36.4,0.96,0.914,good_domain,9,7,subset_424,275,2,100.0
Q9ULD8,nD1,11-180,2644070,e6y7qAAA1,223.1.1,0.994,0.952,16.6,0.991,1.164,good_domain,5,5,subset_424,170,2,100.0
Q9ULD8,nD2,"1-10,206-415,441-705",1842136,e5iwpA2,5054.1.1,0.994,0.984,6.5,0.503,2.127,good_domain,17,12,subset_424,485,2,58.144329896907216
P16422,nD1,26-60,1347542,e4mzvA1,6148.1.1,0.999,1.0,4.2,0.921,0.921,good_domain,0,3,subset_424,35,0,0.0
P16422,nD2,61-140,1347543,e4mzvA2,363.1.1,0.997,1.0,9.0,0.974,1.013,good_domain,1,2,subset_424,80,0,0.0
P16422,nD3,141-260,2802320,e7peeC1,304.151.1,0.997,1.0,18.3,0.983,1.148,good_domain,4,4,subset_424,120,1,0.0
P16422,nD4,261-290,2452528,e6ithA1,6169.1.1,0.897,0.681,0.0,0.8,0.769,simple_topology,1,0,subset_424,30,0,6.666666666666667
Q9HD40,nD1,6-330,10777,e1c4kA4,7577.1.1,0.994,0.998,14.3,0.781,1.132,good_domain,12,10,subset_61,325,2,100.0
Q9HD40,nD2,331-470,1151913,e3bcbA3,3016.1.1,0.996,1.0,21.0,0.965,1.261,good_domain,4,5,subset_61,140,1,100.0
O43614,nD1,31-390,2565169,e6todB1,5001.1.1,0.999,1.0,41.1,0.92,1.261,good_domain,9,2,subset_61,360,2,32.77777777777778
P42892,nD1,66-90,2596959,e6ql9D7,3294.1.1,0.152,0.0,3.0,na,na,simple_topology,1,0,subset_61,25,0,12.0
P42892,nD2,106-770,169545,e3dwbA1,2498.1.1,1.0,1.0,52.4,0.976,2.649,good_domain,24,9,subset_61,665,3,0.0
Q9Y5U5,nD1,33-155,2721519,e7khdC1,389.1.3,0.994,0.993,14.4,1.0,2.278,good_domain,2,9,subset_61,123,1,0.0
Q9Y5U5,nD2,166-195,2772351,e7n9zG2,5040.1.1,0.788,0.442,0.0,na,na,simple_topology,1,0,subset_61,30,0,26.666666666666668
Q14534,nD1,116-565,2793175,e7da9B1,2003.1.2,0.997,1.0,33.3,0.951,1.915,good_domain,13,16,subset_241,450,2,100.0
P40394,nD1,"16-175,356-385",452,e2jhfA1,236.1.1,0.998,1.0,32.6,0.96,1.098,good_domain,3,10,subset_241,190,2,100.0
P40394,nD2,"6-15,176-355",9018,e2jhfA2,2003.1.1,0.996,1.0,27.8,1.0,0.969,good_domain,7,6,subset_241,190,2,100.0
P05026,nD1,31-60,2525008,e6jxhB1,3278.1.1,0.961,1.0,0.0,0.75,0.652,simple_topology,1,1,subset_241,30,0,16.666666666666668
P05026,nD2,61-303,363967,e2zxeB1,11.1.1,0.995,1.0,31.7,0.942,2.25,good_domain,5,9,subset_241,243,2,0.0
Q02880,nD1,46-290,1388900,e4r1fC1,225.1.1,0.996,1.0,35.0,0.988,1.332,good_domain,6,10,subset_447,245,2,100.0
Q02880,nD2,291-450,2126501,e4gfhA3,212.1.1,0.995,1.0,21.4,0.871,1.111,good_domain,4,5,subset_447,160,2,100.0
Q02880,nD3,456-735,1262146,e4fm9A7,2006.1.3,0.995,1.0,28.3,0.98,2.059,good_domain,9,9,subset_447,280,2,100.0
Q02880,nD4,736-865,1710592,e4gfhF6,101.1.2,0.997,1.0,23.9,0.992,1.368,good_domain,3,4,subset_447,130,1,100.0
Q02880,nD5,866-1035,2443869,e6ca8A2,4014.1.1,0.995,1.0,11.9,1.0,0.934,good_domain,3,11,subset_447,170,2,100.0
Q02880,nD6,1036-1210,2443871,e6ca8A4,4016.1.1,0.996,1.0,8.0,0.881,1.174,good_domain,5,0,subset_447,175,2,100.0
P14679,nD1,21-455,2092868,e5m8tC1,146.1.1,1.0,1.0,53.8,0.96,1.431,good_domain,11,9,subset_447,435,2,0.0
P14679,nD2,476-500,1281292,e3j32B5,10.9.1,0.925,1.0,0.0,0.0,0.234,simple_topology,1,0,subset_447,25,0,4.0
P18827,nD1,251-275,2452528,e6ithA1,6169.1.1,0.972,0.992,0.0,0.714,0.641,simple_topology,1,0,subset_447,25,0,0.0
Q9NUU7,nD1,56-300,2388577,e6b4iF2,2004.1.1,0.999,1.0,43.2,0.988,1.099,good_domain,9,8,subset_155,245,2,100.0
Q9NUU7,nD2,301-475,2388576,e6b4iF1,2004.1.1,0.997,1.0,27.8,0.978,0.785,good_domain,7,7,subset_155,175,2,100.0
Q8IWU9,nD1,52-150,2575510,e6vh5A2,304.8.1,0.994,0.981,9.3,0.894,1.179,good_domain,2,3,subset_155,99,1,100.0
Q8IWU9,nD2,151-485,2067738,e5jk5B1,257.1.1,0.999,1.0,46.0,0.951,1.095,good_domain,12,12,subset_155,335,2,100.0
Q9Y5Y4,nD1,"11-305,326-335",2393165,e6d26A2,5001.1.1,1.0,1.0,41.3,0.95,1.068,good_domain,8,2,subset_155,305,2,18.360655737704917
Q01196,nD1,61-185,1295884,e4l0zA1,11.1.5,0.998,1.0,19.5,0.736,0.812,good_domain,0,9,subset_25,125,1,100.0
Q13936,nD1,"96-460,491-790,861-1180,1221-1535",2496854,e6jp8A2,5054.1.1,1.0,1.0,18.8,0.962,5.702,good_domain,36,7,subset_25,1300,3,35.15384615384615
Q13936,nD2,1536-1660,2496856,e6jp8A4,108.1.1,0.992,1.0,9.1,0.975,1.404,good_domain,6,2,subset_25,125,1,100.0
Q13936,nD3,1661-1685,1154750,e4dckA2,6006.1.1,0.894,0.996,0.0,0.774,0.769,simple_topology,1,1,subset_25,25,0,100.0
Q9H8P0,nD1,"16-35,76-318",1405140,e4quvA2,3447.1.1,0.988,0.989,11.2,0.822,1.302,good_domain,8,2,subset_25,263,2,26.23574144486692
O75144,nD1,21-135,1220114,e3rnqB4,11.1.1,0.999,0.996,14.5,0.45,1.065,good_domain,1,7,subset_25,115,1,0.0
O75144,nD2,"136-235,256-280",1220114,e3rnqB4,11.1.1,0.999,0.996,14.5,0.466,1.157,good_domain,2,6,subset_25,125,1,3.2
Q9BY41,nD1,6-375,9952,e1t64A1,2006.1.5,1.0,1.0,64.7,0.992,1.16,good_domain,12,9,subset_451,370,2,100.0
Q7Z3S7,nD1,"281-475,1096-1105",2126400,e3efoB4,2006.1.6,0.993,0.981,14.1,0.552,0.972,good_domain,7,6,subset_451,205,2,0.0
Q7Z3S7,nD2,"121-155,206-280,481-660",2524055,e6pzjA1,223.1.1,0.993,0.971,14.7,0.777,1.986,good_domain,6,12,subset_451,290,2,0.0
Q7Z3S7,nD3,661-725,2388520,e5zji41,5077.1.1,0.311,0.0,2.9,na,na,low_confidence,3,2,subset_451,65,0,0.0
Q7Z3S7,nD4,"76-115,726-930,1021-1055",2524055,e6pzjA1,223.1.1,0.987,0.929,12.2,0.773,1.918,good_domain,5,13,subset_451,280,2,0.0
P22223,nD1,111-210,1843099,e5iryB4,11.1.1,0.999,0.999,16.8,0.97,0.926,good_domain,0,7,subset_451,100,1,0.0
P22223,nD2,211-320,142860,e3q2vA1,11.1.1,0.999,0.999,21.2,0.973,1.019,good_domain,1,7,subset_451,110,1,0.0
P22223,nD3,321-435,142502,e3q2wA3,11.1.1,0.999,0.999,20.1,0.974,1.065,good_domain,0,7,subset_451,115,1,0.0
P22223,nD4,436-540,142863,e3q2vA4,11.1.1,0.999,0.999,18.9,0.972,0.972,good_domain,0,7,subset_451,105,1,0.0
P22223,nD5,541-645,2814298,e7stzC2,11.1.1,0.999,0.999,17.8,0.972,0.972,good_domain,1,8,subset_451,105,1,0.0
P01111,nD1,1-189,2400910,e6fa1A1,2004.1.1,0.998,0.999,30.5,0.971,0.848,good_domain,5,6,subset_6,189,2,100.0
P21554,nD1,111-420,2447264,e5ztyA1,5001.1.1,0.999,1.0,33.4,0.951,1.086,good_domain,8,3,subset_6,310,2,31.612903225806452
Q8TDN2,nD1,96-225,1760353,e3dryC1,226.1.1,0.989,0.993,9.2,0.584,1.111,good_domain,5,4,subset_6,130,1,100.0
Q8TDN2,nD2,231-545,2794037,e7e7zC1,5054.1.1,1.0,0.999,20.8,0.941,1.382,good_domain,7,0,subset_6,315,2,36.19047619047619
P51654,nD1,"31-95,246-285,401-455",1675837,e4ywtA2,543.1.1,0.994,1.0,18.0,0.848,0.982,good_domain,6,1,subset_6,160,2,0.0
P51654,nD2,"96-180,196-245,291-345,371-395,461-475",2774528,e6xtzA1,3286.1.1,0.999,1.0,21.8,0.835,0.861,good_domain,8,1,subset_6,230,2,0.0
O00186,nD1,11-140,142087,e3pukA1,7585.1.1,0.997,1.0,23.9,0.962,0.85,good_domain,5,5,subset_239,130,1,100.0
O00186,nD2,"1-10,141-245,476-590",2605896,e3pukA4,7585.1.1,0.993,1.0,21.6,0.979,1.503,good_domain,9,8,subset_239,230,2,100.0
O00186,nD3,246-475,143664,e2xheA3,4015.1.1,1.0,1.0,19.4,0.883,0.947,good_domain,8,5,subset_239,230,2,100.0
P00325,nD1,"6-175,326-375",452,e2jhfA1,236.1.1,0.997,1.0,34.4,0.98,1.272,good_domain,5,10,subset_239,220,2,100.0
P00325,nD2,176-325,9018,e2jhfA2,2003.1.1,0.999,1.0,28.7,0.852,0.765,good_domain,6,7,subset_239,150,1,100.0
P47712,nD1,16-140,1904,e1rlwA1,11.2.1,0.997,0.975,19.6,0.992,0.887,good_domain,2,8,subset_239,125,1,100.0
P47712,nD2,"6-15,141-430,457-495,541-720",10582,e1cjyA2,2007.1.19,0.998,1.0,59.7,0.967,1.947,good_domain,18,16,subset_239,519,2,100.0
P10827,nD1,51-160,397829,e3m9eB1,377.1.1,0.997,0.98,13.6,1.0,2.2,good_domain,3,2,subset_455,110,1,100.0
P10827,nD2,161-410,389631,e3ilzA1,188.1.1,0.999,0.999,31.4,0.873,1.033,good_domain,9,4,subset_455,250,2,100.0
P06748,nD1,16-120,1146318,e4n8mA1,10.2.1,0.994,0.999,20.3,0.954,0.454,good_domain,0,8,subset_455,105,1,100.0
P06748,nD2,241-294,1016667,e2llhA1,3553.1.1,0.995,0.997,7.1,0.757,0.771,good_domain,3,0,subset_455,54,0,100.0
P04233,nD1,51-75,2831991,e7dr0I1,5020.1.1,0.918,0.256,0.0,0.767,0.714,simple_topology,1,0,subset_455,25,0,0.0
P04233,nD2,136-205,1115376,e1iieB1,538.1.1,0.984,0.997,5.8,0.92,0.933,good_domain,3,0,subset_455,70,0,0.0
P04233,nD3,211-270,7956,e1icfI1,363.1.1,0.996,0.985,10.9,0.923,0.759,good_domain,1,2,subset_455,60,0,0.0
P23760,nD1,36-100,2489,e2cqqA1,101.1.1,0.988,0.0,4.9,0.78,0.89,good_domain,3,2,subset_295,65,0,100.0
P23760,nD2,101-185,1500429,e4u7bG2,101.1.1,0.989,0.0,6.4,0.929,1.164,good_domain,4,0,subset_295,85,0,100.0
P23760,nD3,221-285,1530944,e2lfbA1,101.1.1,0.992,0.954,4.7,0.62,0.89,good_domain,3,0,subset_295,65,0,100.0
Q9BWU1,nD1,1-355,2136737,e5yksA1,206.1.1,0.992,0.999,22.2,0.785,1.179,good_domain,10,8,subset_295,355,2,100.0
Q14191,nD1,"46-240,401-425",298972,e2fc0A1,2484.1.1,0.998,0.996,33.4,0.959,1.122,good_domain,8,6,subset_120,220,2,100.0
Q14191,nD2,241-270,1236813,e4dqqA12,4970.1.1,0.879,0.996,0.0,0.171,0.222,simple_topology,1,0,subset_120,30,0,100.0
Q14191,nD3,511-730,2774196,e6yhrA2,2004.1.1,0.998,1.0,36.1,1.0,0.987,good_domain,8,7,subset_120,220,2,100.0
Q14191,nD4,731-950,2801144,e7oo3b2,2004.1.1,0.997,0.999,11.5,0.535,0.987,good_domain,9,9,subset_120,220,2,100.0
Q14191,nD5,956-1085,2626,e2axlA1,101.1.2,0.997,0.98,12.2,0.847,1.368,good_domain,4,4,subset_120,130,1,100.0
Q14191,nD6,1141-1235,2976,e2e1fA1,102.1.1,0.998,0.974,18.4,1.0,1.218,good_domain,3,0,subset_120,95,1,100.0
Q14191,nD7,1256-1310,312406,e2o8xB1,101.1.1,0.992,0.0,8.1,0.705,0.753,good_domain,3,0,subset_120,55,0,100.0
Q14191,nD8,1311-1355,2325850,e3iuoB2,101.1.1,0.982,0.978,6.1,0.784,0.616,good_domain,3,0,subset_120,45,0,100.0
Q9Y698,nD1,6-225,2766148,e7oceJ1,633.23.1,1.0,1.0,19.4,0.907,1.176,good_domain,5,5,subset_120,220,2,18.181818181818183
P08709,nD1,66-105,1721620,e4ylqL1,393.1.1,0.955,0.985,0.0,0.667,0.909,good_domain,3,0,subset_120,40,0,0.0
P08709,nD2,106-140,1721622,e4ylqL3,389.1.1,1.0,0.985,8.8,0.854,0.824,good_domain,0,2,subset_120,35,0,0.0
P08709,nD3,146-195,2087303,e5pauA1,389.1.1,0.997,0.891,7.3,0.81,1.176,good_domain,0,4,subset_120,50,0,0.0
P08709,nD4,196-465,1888028,e5l2yH1,1.1.17,0.996,1.0,42.6,0.988,1.169,good_domain,5,13,subset_120,270,2,0.0
P35568,nD1,6-130,28866,e1qqgB1,220.1.1,0.996,1.0,20.0,1.0,1.025,good_domain,2,6,subset_326,125,1,100.0
P35568,nD2,161-260,2117487,e5u1mA1,220.1.1,0.999,0.998,19.0,0.952,0.82,good_domain,2,6,subset_326,100,1,100.0
Q9BQE3,nD1,1-245,1254562,e4drxC4,2003.1.6,0.999,1.0,35.2,0.963,1.189,good_domain,9,7,subset_326,245,2,100.0
Q9BQE3,nD2,246-445,151217,e4drxB1,301.6.1,1.0,1.0,16.1,0.995,1.37,good_domain,5,4,subset_326,200,2,100.0
P31944,nD1,6-240,1406110,e4qu9A1,7575.1.1,0.99,0.999,31.6,0.857,0.909,good_domain,5,12,subset_326,235,2,100.0
Q969W9,nD1,41-65,400954,e2kpfB1,3470.1.1,0.844,0.106,0.0,na,na,simple_topology,1,0,subset_71,25,0,12.0
O14649,nD1,6-265,2807708,e7t4xB1,5054.1.1,0.996,0.984,6.4,0.392,1.14,good_domain,7,0,subset_71,260,2,21.153846153846153
P45984,nD1,1-375,430078,e2xrwA1,206.1.1,1.0,1.0,47.0,0.953,1.246,good_domain,8,9,subset_71,375,2,100.0
P01568,nD1,21-189,143314,e3oq3A1,150.3.1,0.998,1.0,24.5,0.982,1.119,good_domain,7,0,subset_71,169,2,1.7751479289940828
P04150,nD1,416-510,361472,e3g6pB1,377.1.1,0.989,0.979,8.1,1.0,1.9,good_domain,3,0,subset_449,95,1,100.0
P04150,nD2,521-775,285398,e2aaxA1,188.1.1,0.999,0.999,36.6,0.966,1.054,good_domain,9,4,subset_449,255,2,100.0
Q9P0X4,nD1,436-465,2527131,e6p7vB1,109.4.1,0.436,0.0,5.7,na,na,simple_topology,1,0,subset_449,30,0,100.0
Q9P0X4,nD2,"46-430,626-875,1146-1445,1466-1755,1796-1820",2599696,e6u6eB1,5054.1.1,0.997,0.411,7.5,0.865,5.482,good_domain,38,9,subset_449,1250,3,31.76
P02675,nD1,96-485,2588840,e6y41F1,269.1.1,0.997,1.0,33.9,0.986,1.773,good_domain,4,9,subset_449,390,2,0.0
P78504,nD1,31-185,1122498,e4cc1A1,11.2.1,0.999,1.0,26.2,0.994,1.099,good_domain,0,9,subset_73,155,2,0.6451612903225806
P78504,nD2,186-230,1508349,e4xbmA2,389.1.1,0.999,1.0,2.2,0.957,1.059,good_domain,0,3,subset_73,45,0,0.0
P78504,nD3,231-265,1508351,e4xbmA4,389.1.1,1.0,1.0,4.5,1.0,0.824,good_domain,0,0,subset_73,35,0,0.0
P78504,nD4,266-295,1508350,e4xbmA3,389.1.1,1.0,1.0,3.9,0.857,0.706,simple_topology,0,0,subset_73,30,0,0.0
P78504,nD5,296-335,1122502,e4cc1A5,389.1.1,1.0,1.0,8.2,1.0,0.941,good_domain,0,2,subset_73,40,0,0.0
P78504,nD6,336-375,2099484,e5ms9A3,389.1.1,0.995,0.0,2.5,0.493,0.941,simple_topology,0,2,subset_73,40,0,0.0
P78504,nD7,376-410,1878263,e4xbmB6,389.1.1,0.995,0.0,3.4,0.897,0.824,simple_topology,0,2,subset_73,35,0,0.0
P78504,nD8,411-450,1156275,e2vj3A4,389.1.1,1.0,0.818,3.5,0.93,0.941,simple_topology,0,2,subset_73,40,0,0.0
P78504,nD9,451-485,146870,e3ojyB4,389.1.1,0.993,0.0,3.4,0.846,0.824,simple_topology,0,2,subset_73,35,0,0.0
P78504,nD10,486-525,1122502,e4cc1A5,389.1.1,1.0,0.979,4.8,0.949,0.941,good_domain,0,2,subset_73,40,0,0.0
P78504,nD11,526-565,1821440,e5fmaA2,389.1.1,1.0,0.955,5.3,0.925,0.941,good_domain,0,2,subset_73,40,0,0.0
P78504,nD12,596-630,1878261,e4xbmB4,389.1.1,1.0,0.999,4.3,0.892,0.824,good_domain,0,2,subset_73,35,0,0.0
P78504,nD13,631-665,2102584,e5uk5A5,389.1.1,0.998,0.959,4.2,0.944,0.824,good_domain,0,2,subset_73,35,0,0.0
P78504,nD14,666-705,1878263,e4xbmB6,389.1.1,1.0,0.999,4.8,0.974,0.941,good_domain,0,2,subset_73,40,0,0.0
P78504,nD15,706-745,1821442,e5fmaA4,389.1.1,1.0,0.964,5.3,0.972,0.941,good_domain,0,2,subset_73,40,0,0.0
P78504,nD16,746-785,2771049,e7aljA2,389.1.1,1.0,0.821,5.2,0.925,0.941,simple_topology,0,2,subset_73,40,0,0.0
P78504,nD17,786-820,1821441,e5fmaA3,389.1.1,1.0,0.964,4.4,0.85,0.824,good_domain,0,2,subset_73,35,0,0.0
P78504,nD18,821-855,1156275,e2vj3A4,389.1.1,1.0,0.908,6.8,0.814,0.824,simple_topology,0,2,subset_73,35,0,0.0
P78504,nD19,861-895,149538,e3tvjI1,356.1.1,0.99,0.695,0.0,0.8,1.0,good_domain,0,5,subset_73,35,0,0.0
P78504,nD20,946-1060,2754738,e7m4pA4,304.28.1,0.975,0.0,5.8,0.85,1.106,good_domain,5,5,subset_73,115,1,0.0
P78504,nD21,1071-1095,1838825,e5doqC1,1078.1.1,0.928,0.459,0.0,0.467,0.833,simple_topology,1,0,subset_73,25,0,24.0
P08172,nD1,"11-230,356-465",2420829,e5zkcA2,5001.1.1,0.999,1.0,38.9,0.99,1.156,good_domain,8,0,subset_73,330,2,33.63636363636363
P50613,nD1,6-325,2657500,e6xbzJ1,206.1.1,1.0,1.0,38.5,0.96,1.063,good_domain,9,8,subset_73,320,2,100.0
Q9BXY4,nD1,41-145,1142272,e4cdkE1,389.6.1,1.0,0.976,10.9,0.945,0.789,good_domain,0,12,subset_73,105,1,0.0
Q9BXY4,nD2,146-205,2799908,e7nydC2,922.1.1,0.996,0.912,5.4,0.82,1.034,good_domain,0,3,subset_73,60,0,0.0
P06239,nD1,66-120,2322692,e6amwA2,4.1.1,0.992,0.995,5.7,0.377,0.688,good_domain,1,4,subset_407,55,0,100.0
P06239,nD2,121-235,1490098,e4tziA1,214.1.1,0.996,0.986,19.9,0.964,1.036,good_domain,2,3,subset_407,115,1,100.0
P06239,nD3,236-505,2460572,e6j5tD1,206.1.1,0.991,0.999,13.5,0.786,0.897,good_domain,9,7,subset_407,270,2,100.0
P21918,nD1,"36-275,296-385",1273987,e4amjB2,5001.1.1,0.999,1.0,35.8,0.909,1.156,good_domain,8,1,subset_407,330,2,27.575757575757574
P29965,nD1,21-60,1509376,e3gn4A1,3860.1.1,0.779,0.0,4.4,na,na,simple_topology,1,0,subset_407,40,0,5.0
P29965,nD2,111-260,1239,e1alyA1,10.3.1,0.997,0.999,24.8,0.986,1.056,good_domain,0,10,subset_407,150,1,0.0
P05556,nD1,28-85,2772052,e7nxdB2,355.1.1,0.999,1.0,7.8,0.918,1.055,good_domain,2,2,subset_193,58,0,0.0
P05556,nD2,141-380,1412983,e4wk0B2,2006.1.6,0.998,1.0,43.7,0.984,1.137,good_domain,6,7,subset_193,240,2,0.0
P05556,nD3,"86-140,381-470",2772057,e7nxdB7,11.1.1,0.996,1.0,18.0,0.965,1.343,good_domain,1,8,subset_193,145,1,0.0
P05556,nD4,471-505,1005448,e2p28B1,389.1.1,0.998,0.999,5.0,0.762,0.824,simple_topology,0,2,subset_193,35,0,0.0
P05556,nD5,511-555,1005449,e2p28B2,389.1.1,1.0,0.999,6.9,0.936,1.059,good_domain,2,3,subset_193,45,0,0.0
P05556,nD6,556-595,2772054,e7nxdB4,389.1.1,1.0,1.0,3.9,0.975,0.941,good_domain,1,2,subset_193,40,0,0.0
P05556,nD7,596-635,2772056,e7nxdB6,389.1.1,1.0,1.0,5.0,0.952,0.941,good_domain,1,2,subset_193,40,0,0.0
P05556,nD8,636-735,1665036,e3ijeB2,827.1.1,0.995,1.0,12.2,0.956,1.149,good_domain,2,4,subset_193,100,1,0.0
P05556,nD9,736-795,1764134,e2n2aA1,3569.1.1,0.921,0.771,0.0,0.414,1.034,simple_topology,1,0,subset_193,60,0,68.33333333333333
P46781,nD1,6-185,1549912,e3j7aE1,221.1.2,0.998,1.0,24.4,0.973,1.565,good_domain,6,3,subset_193,180,2,100.0
P06493,nD1,1-295,2460572,e6j5tD1,206.1.1,0.987,1.0,14.1,0.675,0.98,good_domain,7,8,subset_193,295,2,100.0
Q9NXR1,nD1,16-190,2327463,e6gaoB1,3755.3.1,1.0,0.985,7.2,1.0,1.017,good_domain,1,0,subset_328,175,2,100.0
P0DPH7,nD1,1-245,1254562,e4drxC4,2003.1.6,0.999,1.0,32.8,0.963,1.189,good_domain,9,7,subset_328,245,2,100.0
P0DPH7,nD2,246-445,2093824,e5o091A2,301.6.1,0.995,1.0,15.9,0.973,1.37,good_domain,6,4,subset_328,200,2,100.0
P62714,nD1,6-295,1211258,e4i5lF2,246.2.1,0.999,1.0,53.4,0.983,0.98,good_domain,9,13,subset_328,290,2,100.0
Q14145,nD1,46-180,2073548,e5nlbA1,226.1.1,0.998,0.996,19.3,0.844,1.154,good_domain,5,4,subset_190,135,1,100.0
Q14145,nD2,181-310,1271361,e3i3nB3,109.27.1,0.995,0.999,13.7,0.887,1.238,good_domain,6,0,subset_190,130,1,100.0
Q14145,nD3,311-624,2736926,e6zf4A1,5.1.3,0.995,1.0,54.0,1.0,0.908,good_domain,1,26,subset_190,314,2,100.0
P61254,nD1,1-145,2502212,e6om0Z1,4.1.1,0.997,0.999,20.4,1.0,1.812,good_domain,6,7,subset_190,145,1,100.0
Q58F21,nD1,16-145,2500488,e6ajwA1,633.1.1,0.996,0.986,21.6,0.902,1.074,good_domain,4,1,subset_190,130,1,100.0
Q58F21,nD2,266-380,2500488,e6ajwA1,633.1.1,0.996,0.982,12.0,0.827,0.95,good_domain,5,0,subset_190,115,1,100.0
Q58F21,nD3,416-440,2758216,e7emfG1,4207.1.2,0.669,0.0,4.3,na,na,simple_topology,1,0,subset_190,25,0,100.0
Q58F21,nD4,506-575,2756507,e7jq8A1,3525.1.1,0.985,0.992,9.5,0.729,0.8,good_domain,3,0,subset_190,70,0,100.0
Q58F21,nD5,826-855,2330459,e6fkfp1,5046.1.1,0.672,0.0,3.2,na,na,simple_topology,1,0,subset_190,30,0,100.0
Q58F21,nD6,901-925,2758216,e7emfG1,4207.1.2,0.669,0.0,4.3,na,na,simple_topology,1,0,subset_190,25,0,100.0
O43570,nD1,31-290,2458408,e6g7aA1,62.1.1,0.998,1.0,47.0,0.992,1.014,good_domain,3,13,subset_391,260,2,0.0
O43570,nD2,301-330,1764134,e2n2aA1,3569.1.1,0.899,0.8,0.0,0.5,0.517,simple_topology,1,0,subset_391,30,0,13.333333333333334
P43088,nD1,16-305,2429323,e6iivA2,5001.1.1,0.999,1.0,30.8,0.752,1.016,good_domain,7,0,subset_391,290,2,21.379310344827587
P46531,nD1,31-60,2075178,e5ky4B1,389.1.1,0.999,0.0,3.7,0.833,0.706,simple_topology,0,2,subset_391,30,0,0.0
P46531,nD2,61-100,399287,e3nt1B2,389.1.1,1.0,0.0,6.5,0.902,0.941,simple_topology,0,2,subset_391,40,0,0.0
P46531,nD3,106-140,1821442,e5fmaA4,389.1.1,1.0,0.0,5.2,0.889,0.824,simple_topology,0,2,subset_391,35,0,0.0
P46531,nD4,141-180,222712,e4bdwA1,389.1.1,1.0,0.0,4.4,0.974,0.941,simple_topology,0,1,subset_391,40,0,0.0
P46531,nD5,181-220,1821440,e5fmaA2,389.1.1,1.0,0.0,4.7,0.875,0.941,simple_topology,0,2,subset_391,40,0,0.0
P46531,nD6,221-260,399287,e3nt1B2,389.1.1,1.0,0.0,4.8,0.927,0.941,simple_topology,0,2,subset_391,40,0,0.0
P46531,nD7,261-295,2082906,e5mvxA5,389.1.1,1.0,0.978,5.0,0.854,0.824,good_domain,0,2,subset_391,35,0,0.0
P46531,nD8,296-335,1878263,e4xbmB6,389.1.1,1.0,0.0,3.6,0.974,0.941,simple_topology,0,2,subset_391,40,0,0.0
P46531,nD9,336-370,1156275,e2vj3A4,389.1.1,1.0,0.0,3.4,0.814,0.824,simple_topology,0,2,subset_391,35,0,0.0
P46531,nD10,371-415,2037119,e5uk5A2,389.1.1,1.0,0.977,5.0,1.0,1.059,good_domain,0,2,subset_391,45,0,0.0
P46531,nD11,416-455,2075178,e5ky4B1,389.1.1,1.0,0.0,4.8,1.0,0.941,simple_topology,0,2,subset_391,40,0,0.0
P46531,nD12,456-490,2102583,e5uk5A4,389.1.1,1.0,0.0,5.0,0.875,0.824,simple_topology,0,2,subset_391,35,0,0.0
P46531,nD13,491-530,1721622,e4ylqL3,389.1.1,1.0,0.0,6.0,0.976,0.941,good_domain,1,2,subset_391,40,0,0.0
P46531,nD14,531-565,1878263,e4xbmB6,389.1.1,1.0,0.999,4.9,0.897,0.824,good_domain,0,2,subset_391,35,0,0.0
P46531,nD15,566-680,1721622,e4ylqL3,389.1.1,1.0,0.0,3.4,0.976,2.706,good_domain,0,4,subset_391,115,1,0.0
P46531,nD16,681-715,1508351,e4xbmA4,389.1.1,0.995,0.999,0.0,1.0,0.824,good_domain,0,2,subset_391,35,0,0.0
P46531,nD17,716-755,2807603,e7sz5C1,389.1.1,0.999,0.0,2.8,0.8,0.941,simple_topology,0,2,subset_391,40,0,0.0
P46531,nD18,756-790,2082906,e5mvxA5,389.1.1,1.0,0.98,6.2,0.854,0.824,good_domain,1,2,subset_391,35,0,0.0
P46531,nD19,791-830,1635152,e4d90A1,389.1.1,1.0,0.0,5.1,1.0,0.941,simple_topology,0,2,subset_391,40,0,0.0
P46531,nD20,831-870,2037119,e5uk5A2,389.1.1,1.0,0.974,3.1,0.974,0.941,good_domain,0,2,subset_391,40,0,0.0
P46531,nD21,871-905,1878263,e4xbmB6,389.1.1,1.0,0.999,6.2,0.897,0.824,good_domain,0,2,subset_391,35,0,0.0
P46531,nD22,911-945,2083236,e5vc1A1,389.1.1,1.0,0.0,4.2,0.914,0.824,simple_topology,0,2,subset_391,35,0,0.0
P46531,nD23,946-980,1721622,e4ylqL3,389.1.1,1.0,0.0,6.1,0.854,0.824,simple_topology,0,2,subset_391,35,0,0.0
P46531,nD24,986-1020,8456,e1g1tA2,389.1.1,1.0,0.0,4.5,0.897,0.824,simple_topology,0,2,subset_391,35,0,0.0
P46531,nD25,1021-1060,146870,e3ojyB4,389.1.1,1.0,0.0,4.4,0.949,0.941,simple_topology,0,2,subset_391,40,0,0.0
P46531,nD26,1061-1095,1721622,e4ylqL3,389.1.1,1.0,0.0,2.2,0.854,0.824,simple_topology,0,0,subset_391,35,0,0.0
P46531,nD27,1096-1145,8456,e1g1tA2,389.1.1,0.999,0.0,4.4,0.974,1.176,good_domain,1,2,subset_391,50,0,0.0
P46531,nD28,1146-1185,2082918,e5mwbA3,389.1.1,0.999,0.0,4.6,0.927,0.941,simple_topology,0,2,subset_391,40,0,0.0
P46531,nD29,1186-1220,2102583,e5uk5A4,389.1.1,1.0,0.975,3.9,0.875,0.824,good_domain,0,2,subset_391,35,0,0.0
P46531,nD30,1221-1270,2075178,e5ky4B1,389.1.1,1.0,0.0,5.3,1.0,1.176,simple_topology,0,2,subset_391,50,0,0.0
P46531,nD31,1271-1305,2102583,e5uk5A4,389.1.1,1.0,0.98,5.0,0.825,0.824,good_domain,0,2,subset_391,35,0,0.0
P46531,nD32,1306-1350,2082906,e5mvxA5,389.1.1,0.999,0.98,6.3,0.976,1.059,good_domain,0,2,subset_391,45,0,0.0
P46531,nD33,1351-1385,2075178,e5ky4B1,389.1.1,1.0,0.0,5.5,0.944,0.824,simple_topology,0,2,subset_391,35,0,0.0
P46531,nD34,1391-1428,1122502,e4cc1A5,389.1.1,1.0,0.987,4.9,0.923,0.894,good_domain,0,2,subset_391,38,0,0.0
P46531,nD35,1446-1485,119385,e3i08A1,917.1.1,0.992,1.0,0.0,1.0,1.026,good_domain,1,0,subset_391,40,0,0.0
P46531,nD36,1486-1525,184851,e2oo4A2,917.1.1,0.992,1.0,0.0,1.0,1.026,good_domain,2,0,subset_391,40,0,0.0
P46531,nD37,1526-1565,2786199,e6xswJ2,917.1.1,1.0,1.0,6.3,0.889,1.026,good_domain,2,0,subset_391,40,0,0.0
P46531,nD38,"1566-1625,1666-1725",169826,e3etoA1,304.127.1,1.0,1.0,17.5,0.982,1.062,good_domain,2,6,subset_391,120,1,0.0
P46531,nD39,1731-1755,2526322,e6idfE1,7100.1.1,0.996,0.984,0.0,0.61,0.61,simple_topology,1,0,subset_391,25,0,0.0
P46531,nD40,1841-2125,2524053,e6py8F1,109.3.1,0.993,1.0,25.2,0.887,1.432,good_domain,14,2,subset_391,285,2,100.0
Q8N307,nD1,176-400,na,na,na,na,na,na,na,na,low_confidence,0,12,subset_223,225,2,0.0
P47914,nD1,"26-75,91-115",002644591,e6zmiLb1,3212.1.1,1.0,1.0,5.2,0.62,1.24,good_domain,3,0,subset_223,75,0,100.0
O95602,nD1,"1-350,376-425",001223288,e3qqcA3,4246.1.1,0.998,1.0,9.2,0.595,1.187,good_domain,10,8,subset_223,400,2,100.0
O95602,nD2,426-625,001710326,e4aybA3,1.1.2,0.998,1.0,24.6,0.989,1.481,good_domain,7,9,subset_223,200,2,100.0
O95602,nD3,626-795,002772083,e7ok0A4,4959.1.1,0.999,1.0,17.2,0.819,1.079,good_domain,4,5,subset_223,170,2,100.0
O95602,nD4,796-1025,002700256,e7aoeA5,4958.1.1,1.0,1.0,20.3,1.0,1.1,good_domain,7,2,subset_223,230,2,100.0
O95602,nD5,1081-1140,002667400,e6l34A1,190.1.1,0.953,0.0,5.5,0.721,0.723,good_domain,3,1,subset_223,60,0,100.0
O95602,nD6,"1026-1080,1141-1205",002559234,e6ruiA6,4957.2.1,0.998,1.0,15.7,0.858,0.96,good_domain,4,2,subset_223,120,1,100.0
O95602,nD7,"1291-1360,1411-1440,1496-1555",002773904,e6rqlA5,4955.1.1,1.0,1.0,15.3,0.61,1.368,good_domain,5,5,subset_223,160,2,100.0
O95602,nD8,"1261-1285,1556-1600",000005461,e1twfA2,4956.1.1,0.99,1.0,9.2,0.793,0.921,good_domain,1,4,subset_223,70,0,100.0
O95602,nD9,"1206-1260,1601-1715",001344688,e4c2mP3,4954.1.1,0.998,1.0,13.8,0.698,0.835,good_domain,7,0,subset_223,170,2,100.0
Q06413,nD1,6-90,2160573,e6bz1B1,263.1.1,0.994,0.986,10.7,0.865,1.006,good_domain,3,2,subset_349,85,0,100.0
P13637,nD1,"16-75,151-270",2625690,e6lcpA3,10.13.1,0.994,1.0,9.4,0.63,1.552,good_domain,6,6,subset_349,180,2,100.0
P13637,nD2,366-585,2533002,e6jxhA5,267.1.1,0.996,1.0,32.0,0.986,1.333,good_domain,6,10,subset_349,220,2,100.0
P13637,nD3,"76-150,271-355,756-880,901-1013",1246009,e2zxeA7,5073.1.1,0.999,1.0,40.1,0.808,0.844,good_domain,13,2,subset_349,398,2,30.402010050251256
P13637,nD4,"346-365,586-755",2523992,e6jxhA3,2006.1.1,0.997,1.0,33.6,0.927,0.95,good_domain,10,8,subset_349,190,2,100.0
P49137,nD1,46-400,1567624,e4tyhA1,206.1.1,1.0,1.0,40.6,0.943,1.179,good_domain,11,10,subset_349,355,2,100.0
Q15118,nD1,41-205,1223388,e3crlB4,633.15.1,0.998,1.0,23.3,0.976,1.006,good_domain,7,1,subset_491,165,2,100.0
Q15118,nD2,206-410,1223387,e3crlB3,225.1.1,0.997,1.0,22.6,0.839,1.114,good_domain,5,7,subset_491,205,2,100.0
Q9UIX4,nD1,61-185,1760353,e3dryC1,226.1.1,0.992,0.992,9.5,0.596,1.068,good_domain,6,5,subset_491,125,1,100.0
Q9UIX4,nD2,186-495,1281106,e4g80I1,5054.1.1,0.992,0.984,9.4,0.957,1.36,good_domain,10,1,subset_491,310,2,37.41935483870968
P17181,nD1,31-130,1871456,e5eh1A2,11.1.1,0.998,0.992,15.2,0.857,0.926,good_domain,1,6,subset_491,100,1,0.0
P17181,nD2,131-225,1162366,e3wcyA9,11.1.1,0.999,1.0,15.1,0.633,0.88,good_domain,0,8,subset_491,95,1,0.0
P17181,nD3,226-325,1218715,e3se4A9,11.1.1,0.998,1.0,14.9,0.941,0.926,good_domain,2,6,subset_491,100,1,0.0
P17181,nD4,326-460,1162366,e3wcyA9,11.1.1,0.999,0.993,15.3,0.653,1.25,good_domain,1,8,subset_491,135,1,2.2222222222222223
Q9ULT0,nD1,"1-275,306-330",166180,e2qfcA2,109.4.1,0.997,0.0,13.8,0.814,1.049,good_domain,10,1,subset_49,300,2,100.0
Q9ULT0,nD2,"276-305,331-695,701-858",1718749,e5dseC1,109.4.1,1.0,1.0,34.7,0.415,1.934,good_domain,24,0,subset_49,553,2,100.0
P30556,nD1,1-325,2794281,e7eibA1,5001.1.1,0.998,1.0,32.3,0.96,1.138,good_domain,8,3,subset_49,325,2,26.153846153846153
P41594,nD1,"26-195,331-465",2777584,e7dgeB2,2007.1.2,0.998,1.0,42.5,0.873,2.133,good_domain,7,7,subset_49,305,2,0.0
P41594,nD2,"196-330,466-510",2442129,e6n51B3,2007.1.2,0.999,1.0,33.7,0.552,1.259,good_domain,6,8,subset_49,180,2,0.0
P41594,nD3,511-570,1645448,e2e4xA3,389.1.3,0.991,1.0,7.6,0.853,1.111,good_domain,0,6,subset_49,60,0,0.0
P41594,nD4,571-835,1291848,e4or2B1,5001.1.1,0.997,1.0,38.1,0.97,0.928,good_domain,7,2,subset_49,265,2,25.660377358490567
Q13421,nD1,"56-275,306-590",1281094,e4g24A3,109.4.1,0.971,0.0,5.0,0.484,1.766,good_domain,24,0,subset_49,505,2,0.0
P35222,nD1,1-30,1320399,e4knhA1,109.4.1,0.978,0.0,12.1,0.025,0.105,simple_topology,2,0,subset_59,30,0,100.0
P35222,nD2,51-385,136382,e3ifqA1,109.4.1,1.0,1.0,45.3,0.438,1.171,good_domain,18,0,subset_59,335,2,100.0
P35222,nD3,386-690,1563731,e4rxhB1,109.4.1,1.0,0.999,28.8,0.577,1.066,good_domain,18,1,subset_59,305,2,100.0
P31645,nD1,81-620,1821637,e5i6xA1,5051.1.1,1.0,1.0,50.7,0.987,1.153,good_domain,18,3,subset_59,540,2,26.666666666666668
P04062,nD1,"46-120,466-535",42069,e2nsxA1,12.1.1,0.998,1.0,22.9,0.951,1.611,good_domain,0,10,subset_59,145,1,0.0
P04062,nD2,121-465,94854,e2nsxA2,2002.1.1,0.998,1.0,52.4,0.975,1.102,good_domain,10,9,subset_59,345,2,0.0
P01374,nD1,51-205,1241,e1tnrA1,10.3.1,0.996,1.0,24.0,1.0,1.092,good_domain,1,10,subset_59,155,2,0.0
O14543,nD1,"21-140,166-185",166592,e2vifA1,214.1.1,0.995,0.968,14.1,0.819,1.261,good_domain,3,6,subset_213,140,1,100.0
O14543,nD2,186-225,2492167,e6i5jD2,4215.1.1,0.949,0.993,0.0,0.722,0.741,simple_topology,2,0,subset_213,40,0,100.0
P46778,nD1,6-135,2678865,e6zu5LT01,4.1.1,1.0,1.0,17.2,0.812,1.625,good_domain,1,4,subset_213,130,1,100.0
P28065,nD1,1-215,2758979,e7aweV1,210.1.1,0.996,0.999,37.0,0.98,0.943,good_domain,5,11,subset_213,215,2,100.0
Q13562,nD1,96-185,4275,e1mdyA1,105.1.1,0.99,0.975,5.7,0.912,1.343,good_domain,4,0,subset_368,90,1,100.0
Q05655,nD1,1-125,157845,e1yrkA1,11.2.1,0.998,0.961,21.8,0.968,0.887,good_domain,1,8,subset_368,125,1,100.0
Q05655,nD2,151-210,167536,e2ennA1,376.1.2,0.998,0.942,9.9,0.857,0.968,good_domain,1,4,subset_368,60,0,100.0
Q05655,nD3,226-295,168517,e3cxlA3,376.1.2,0.997,0.948,9.7,0.966,1.129,good_domain,2,3,subset_368,70,0,100.0
Q05655,nD4,341-675,1397996,e4ra5A1,206.1.1,0.997,1.0,48.9,0.991,1.113,good_domain,11,9,subset_368,335,2,100.0
Q13200,nD1,1-340,2401609,e6fvyZ3,109.34.1,0.999,1.0,9.6,0.787,1.029,good_domain,16,0,subset_368,340,2,100.0
Q13200,nD2,341-905,2391215,e6fvtN1,109.35.1,1.0,1.0,38.0,0.817,1.031,good_domain,24,8,subset_368,565,2,100.0
P42338,nD1,11-115,1574345,e4jpsA5,221.1.1,0.997,1.0,16.2,0.924,1.117,good_domain,2,6,subset_119,105,1,100.0
P42338,nD2,116-310,427179,e3rnfC1,221.1.1,0.992,0.0,8.8,0.988,2.074,good_domain,9,6,subset_119,195,2,100.0
P42338,nD3,311-505,2538865,e6gvfA1,11.2.1,0.995,1.0,23.0,0.913,1.383,good_domain,1,8,subset_119,195,2,100.0
P42338,nD4,506-700,1412316,e4uwhA2,109.4.1,0.995,1.0,10.8,0.7,0.682,good_domain,9,0,subset_119,195,2,100.0
P42338,nD5,706-1070,1307466,e4bfrA1,206.1.1,0.996,1.0,42.3,0.937,1.213,good_domain,14,9,subset_119,365,2,100.0
Q99835,nD1,66-185,2077500,e5v57A1,543.1.1,0.997,1.0,26.7,0.923,0.736,good_domain,3,1,subset_119,120,1,0.0
Q99835,nD2,"191-550,601-610",2475326,e6me2A1,5001.1.1,0.998,0.986,22.0,0.924,1.296,good_domain,9,5,subset_119,370,2,20.27027027027027
Q13564,nD1,1-534,100110,e2nvuA1,2003.1.9,1.0,1.0,49.3,1.0,2.07,good_domain,18,12,subset_119,534,2,100.0
Q99943,nD1,31-265,2603310,e5kymA1,7558.1.1,0.996,0.999,23.0,0.895,0.802,good_domain,9,7,subset_365,235,2,91.06382978723404
Q8WXS5,nD1,"16-50,81-185,201-240",2821690,e7rz5A2,633.23.1,0.995,0.998,13.6,0.717,0.963,good_domain,4,5,subset_365,180,2,16.11111111111111
O00232,nD1,6-350,1884993,e5l4kP2,109.4.1,1.0,1.0,29.5,0.944,1.206,good_domain,17,0,subset_365,345,2,100.0
O00232,nD2,351-420,1320570,e4d10C1,101.1.2,0.991,0.999,9.5,0.479,0.737,good_domain,3,3,subset_365,70,0,100.0
O00232,nD3,421-450,1884992,e5l4kP1,3749.2.1,0.964,1.0,0.0,0.833,0.833,good_domain,1,0,subset_365,30,0,100.0
Q9BRR6,nD1,51-495,1713794,e5ck7A1,2003.6.1,1.0,1.0,61.4,0.998,1.454,good_domain,14,19,subset_323,445,2,100.0
Q3ZCM7,nD1,1-240,151218,e4drxB2,2003.1.6,0.999,1.0,33.4,0.959,1.165,good_domain,9,7,subset_323,240,2,100.0
Q3ZCM7,nD2,241-440,151217,e4drxB1,301.6.1,0.995,1.0,18.1,0.995,1.37,good_domain,6,5,subset_323,200,2,100.0
Q16518,nD1,6-533,1546623,e4rscA1,5.1.4,0.993,1.0,63.6,0.944,1.471,good_domain,9,31,subset_323,528,2,100.0
P06276,nD1,36-560,415918,e2xqfA1,7579.1.1,1.0,1.0,63.9,0.991,1.842,good_domain,12,13,subset_395,525,2,0.0
P06276,nD2,566-600,2773770,e6rw8A1,3833.1.1,0.042,0.0,2.8,na,na,simple_topology,1,0,subset_395,35,0,0.0
P37288,nD1,46-380,2418907,e6igkA2,5001.1.1,0.998,1.0,28.6,0.912,1.173,good_domain,9,2,subset_395,335,2,34.02985074626866
P01031,nD1,121-220,1811268,e5fo8A6,11.1.1,1.0,1.0,17.0,0.951,0.926,good_domain,0,7,subset_395,100,1,0.0
P01031,nD2,226-350,1811263,e5fo8A1,11.1.1,1.0,1.0,16.4,0.96,1.157,good_domain,2,7,subset_395,125,1,0.0
P01031,nD3,"11-120,351-670,681-820",1391879,e4fxgE4,11.1.1,0.993,1.0,4.9,0.75,5.278,good_domain,6,30,subset_395,570,2,1.4035087719298245
P01031,nD4,821-930,1807149,e5hccA3,11.1.1,1.0,1.0,18.6,0.921,1.019,good_domain,0,8,subset_395,110,1,0.0
P01031,nD5,981-1305,2725796,e7ad7A3,109.2.1,0.999,1.0,52.1,0.975,0.83,good_domain,12,4,subset_395,325,2,0.0
P01031,nD6,"936-980,1306-1365",1807148,e5hccA2,10.4.1,0.999,1.0,20.5,0.904,0.905,good_domain,0,7,subset_395,105,1,0.0
P01031,nD7,1371-1515,1789283,e5i5kB2,11.1.5,1.0,1.0,20.1,0.828,0.942,good_domain,1,9,subset_395,145,1,0.0
P01031,nD8,1521-1675,1807151,e5hccA5,2.3.1,1.0,1.0,24.3,0.956,0.945,good_domain,3,8,subset_395,155,2,0.0
Q03181,nD1,71-165,350953,e3e00D2,377.1.1,0.99,1.0,14.3,0.989,1.9,good_domain,3,2,subset_466,95,1,100.0
Q03181,nD2,166-440,2709700,e6lxaA1,188.1.1,1.0,1.0,38.6,0.974,1.136,good_domain,11,3,subset_466,275,2,100.0
Q14123,nD1,1-80,1681519,e4u7oA2,605.1.1,0.886,0.0,5.8,0.797,1.096,good_domain,3,0,subset_466,80,0,100.0
Q14123,nD2,"81-110,156-450,501-555",1734725,e5b25A1,131.1.1,1.0,1.0,49.6,0.937,1.645,good_domain,17,0,subset_466,380,2,100.0
Q9HCN6,nD1,"26-205,261-295",2449452,e6grtB3,11.1.1,0.992,0.994,20.5,0.895,1.991,good_domain,3,17,subset_466,215,2,2.7906976744186047
Q9NQG5,nD1,6-135,002060924,e5mdtA1,109.4.1,0.997,0.997,18.3,0.854,0.455,good_domain,6,0,subset_160,130,1,100.0
Q9NQG5,nD2,"176-185,191-310",na,na,na,na,na,na,na,na,low_confidence,4,0,subset_160,130,1,100.0
P08865,nD1,1-235,002675814,e6zj3SB1,2007.6.1,0.999,1.0,34.6,0.986,1.193,good_domain,9,7,subset_160,235,2,100.0
Q96P20,nD1,1-105,000162410,e2do9A1,110.1.1,0.997,0.932,10.5,0.791,1.094,good_domain,5,0,subset_160,105,1,100.0
Q96P20,nD2,371-450,002809336,e7alvA3,148.1.3,0.975,1.0,7.9,0.916,0.86,good_domain,4,0,subset_160,80,0,100.0
Q96P20,nD3,451-520,002721400,e7bdvA3,101.1.2,0.976,0.0,5.2,0.667,0.737,good_domain,3,3,subset_160,70,0,100.0
Q96P20,nD4,521-675,001854639,e5irmC1,3736.1.1,0.982,1.0,6.6,0.77,1.148,good_domain,8,2,subset_160,155,2,100.0
Q96P20,nD5,"136-370,676-1030",001759149,e4cilA2,207.1.1,0.997,0.955,14.9,0.925,2.077,good_domain,19,24,subset_160,590,3,100.0
P15407,nD1,111-160,2769362,e6zz8A3,3939.1.1,0.971,0.58,2.6,0.794,0.833,simple_topology,1,0,subset_260,50,0,100.0
P30532,nD1,46-250,2527149,e6pv7A2,11.12.1,0.996,1.0,28.0,0.976,0.972,good_domain,2,11,subset_260,205,2,0.0
P30532,nD2,"251-345,391-455",2527150,e6pv7B1,5057.1.1,1.0,1.0,19.8,0.86,1.103,good_domain,4,0,subset_260,160,2,33.125
Q99626,nD1,191-255,1160046,e1b72A2,101.1.1,0.995,0.966,4.9,0.838,0.89,good_domain,3,0,subset_131,65,0,100.0
P23458,nD1,36-115,1890585,e5l04A2,221.1.1,0.996,1.0,15.3,0.825,0.851,good_domain,1,6,subset_131,80,0,100.0
P23458,nD2,116-280,1890586,e5l04A3,197.1.1,0.997,1.0,18.9,0.949,1.486,good_domain,5,1,subset_131,165,2,100.0
P23458,nD3,281-430,1890587,e5l04A4,220.1.1,0.997,1.0,19.6,0.876,1.23,good_domain,4,8,subset_131,150,1,100.0
P23458,nD4,431-555,421374,e3qwxX2,214.1.1,0.998,0.974,10.5,0.865,1.126,good_domain,3,7,subset_131,125,1,100.0
P23458,nD5,556-1154,1166011,e4aseA2,206.1.1,1.0,0.998,29.4,0.866,1.99,good_domain,22,17,subset_131,599,3,100.0
P16109,nD1,41-160,81765,e1g1qB1,209.1.1,1.0,0.995,24.4,1.0,0.93,good_domain,2,6,subset_131,120,1,0.8333333333333334
P16109,nD2,161-195,8456,e1g1tA2,389.1.1,1.0,0.996,3.5,0.897,0.824,good_domain,1,1,subset_131,35,0,0.0
P16109,nD3,196-260,1325375,e4c16B4,389.1.2,1.0,0.999,10.4,0.94,1.032,good_domain,0,6,subset_131,65,0,0.0
P16109,nD4,261-320,1386119,e4e0sB4,389.1.2,1.0,0.996,7.4,0.829,0.952,good_domain,0,5,subset_131,60,0,0.0
P16109,nD5,321-385,91582,e1qubA5,389.1.2,1.0,0.998,10.2,1.0,1.032,good_domain,0,5,subset_131,65,0,0.0
P16109,nD6,386-445,1386119,e4e0sB4,389.1.2,1.0,0.994,7.3,0.829,0.952,good_domain,0,5,subset_131,60,0,0.0
P16109,nD7,446-505,135136,e2wiiC4,389.1.2,1.0,0.997,9.4,0.906,0.952,good_domain,0,4,subset_131,60,0,0.0
P16109,nD8,506-570,91582,e1qubA5,389.1.2,1.0,0.998,10.0,1.0,1.032,good_domain,0,6,subset_131,65,0,0.0
P16109,nD9,571-630,1386119,e4e0sB4,389.1.2,1.0,0.996,6.9,0.829,0.952,good_domain,0,3,subset_131,60,0,0.0
P16109,nD10,641-700,8494,e1qubA3,389.1.2,1.0,0.998,8.7,0.967,0.952,good_domain,0,5,subset_131,60,0,0.0
P16109,nD11,701-760,91543,e1vvdA2,389.1.2,1.0,0.98,4.4,0.949,0.952,good_domain,0,4,subset_131,60,0,0.0
Q00653,nD1,36-225,2814321,e7w7lA2,11.1.5,0.997,1.0,28.8,0.979,1.234,good_domain,2,10,subset_312,190,2,100.0
Q00653,nD2,226-340,406068,e3jv6B1,11.1.1,0.995,0.999,21.3,0.991,1.065,good_domain,1,8,subset_312,115,1,100.0
Q00653,nD3,433-765,337618,e2rfmB1,109.3.1,0.985,0.995,18.4,0.707,1.673,good_domain,14,1,subset_312,333,2,100.0
Q00653,nD4,766-850,162866,e2d96A1,110.1.1,0.992,0.974,13.2,0.78,0.885,good_domain,6,0,subset_312,85,0,100.0
Q16795,nD1,26-375,2117718,e5xthJ1,2003.1.1,0.999,1.0,50.7,0.997,1.786,good_domain,12,12,subset_312,350,2,100.0
P51164,nD1,6-65,1106869,e3wguB2,3278.1.1,0.999,1.0,4.0,0.81,1.304,good_domain,2,2,subset_312,60,0,60.0
P51164,nD2,66-290,2525009,e6jxhB2,11.1.1,0.997,1.0,36.6,0.995,2.083,good_domain,3,8,subset_312,225,2,0.0
P21912,nD1,36-145,6119,e2bs2B2,221.1.1,0.998,1.0,17.7,0.981,1.17,good_domain,2,7,subset_94,110,1,100.0
P21912,nD2,146-280,292742,e1yq4B1,187.1.1,0.998,1.0,23.6,0.977,0.993,good_domain,5,0,subset_94,135,1,100.0
P00748,nD1,36-90,2642574,e6szwD1,380.1.1,1.0,0.924,10.7,1.0,0.663,good_domain,0,5,subset_94,55,0,0.0
P00748,nD2,96-135,1122502,e4cc1A5,389.1.1,1.0,0.963,4.9,0.949,0.941,good_domain,0,3,subset_94,40,0,0.0
P00748,nD3,136-175,398566,e3mqlA4,391.1.1,1.0,0.745,3.6,0.796,0.87,good_domain,0,4,subset_94,40,0,0.0
P00748,nD4,176-210,1821440,e5fmaA2,389.1.1,1.0,0.948,4.6,0.85,0.824,simple_topology,0,2,subset_94,35,0,0.0
P00748,nD5,211-295,2388870,e6bjrA1,380.1.1,0.993,0.978,7.3,0.71,1.024,good_domain,1,2,subset_94,85,0,0.0
P00748,nD6,356-615,2767930,e6x0tB1,1.1.17,0.99,1.0,41.0,0.918,1.126,good_domain,3,12,subset_94,260,2,0.0
O96017,nD1,83-210,376846,e3i6uA2,73.1.1,0.998,1.0,25.0,1.0,1.067,good_domain,1,8,subset_94,128,1,100.0
O96017,nD2,211-510,1423559,e4rerA1,206.1.1,0.997,0.999,27.0,0.713,0.997,good_domain,10,7,subset_94,300,2,100.0
Q9HB29,nD1,21-115,2625413,e6u6uR2,11.1.1,0.999,0.997,14.9,0.868,0.88,good_domain,1,7,subset_94,95,1,0.0
Q9HB29,nD2,116-220,2625412,e6u6uR1,11.1.1,0.998,0.997,15.5,1.0,0.972,good_domain,1,7,subset_94,105,1,0.0
Q9HB29,nD3,226-355,2102015,e5y32B3,11.1.1,0.998,0.998,14.9,0.879,1.204,good_domain,1,9,subset_94,130,1,0.0
Q9HB29,nD4,361-540,2663794,e6wt6A2,2007.9.1,0.99,0.979,11.6,0.81,1.132,good_domain,6,5,subset_94,180,2,100.0
P27338,nD1,6-495,1572580,e3nh3X1,2003.1.2,0.996,1.0,35.6,0.914,2.085,good_domain,14,20,subset_440,490,2,100.0
P23786,nD1,36-658,2731229,e7kw0A2,323.1.1,0.958,0.0,6.1,0.737,2.732,good_domain,21,18,subset_440,623,3,100.0
P49763,nD1,41-130,1227168,e3p9wC2,385.1.1,0.997,0.997,10.1,0.928,0.849,good_domain,1,5,subset_440,90,1,0.0
Q8IYD8,nD1,"16-280,611-620",1756826,e3jb9X1,2004.1.1,0.998,0.97,14.1,0.446,1.233,good_domain,12,8,subset_261,275,2,100.0
Q8IYD8,nD2,291-420,2667287,e6kyvJ1,3930.1.1,0.997,1.0,16.1,0.444,0.867,good_domain,6,0,subset_261,130,1,100.0
Q8IYD8,nD3,"281-290,421-610",9727,e1z3iX1,2004.1.1,0.998,0.999,16.6,0.465,0.897,good_domain,6,6,subset_261,200,2,100.0
Q8IYD8,nD4,1816-1960,1170687,e4bxoA3,2008.1.1,0.998,0.999,21.7,0.858,0.711,good_domain,4,6,subset_261,145,1,100.0
Q8IYD8,nD5,1961-2030,1106777,e4m6wA2,102.1.1,0.992,0.999,12.5,0.929,0.897,good_domain,4,0,subset_261,70,0,100.0
P24462,nD1,11-503,2146329,e5veuC1,149.1.1,1.0,1.0,57.9,0.998,1.223,good_domain,14,10,subset_261,493,2,96.95740365111561
Q15077,nD1,6-305,1519246,e4xnwC1,5001.1.1,0.999,1.0,34.2,0.952,1.051,good_domain,7,2,subset_261,300,2,18.333333333333332
Q9UGN5,nD1,91-205,2393468,e6f1kA1,4210.1.1,0.998,0.997,21.5,0.966,0.975,good_domain,2,5,subset_489,115,1,100.0
Q9UGN5,nD2,226-355,3854,e1gs0A1,609.1.1,0.997,1.0,19.8,0.888,0.963,good_domain,5,1,subset_489,130,1,100.0
Q9UGN5,nD3,356-583,2673489,e6x0nP1,237.1.1,0.998,1.0,34.9,0.938,1.118,good_domain,6,11,subset_489,228,2,100.0
P37088,nD1,"86-195,221-265,271-385,391-560",2644048,e6wthA1,3223.1.1,1.0,1.0,31.9,0.927,1.081,good_domain,10,15,subset_489,440,2,0.0
P28908,nD1,36-70,1672309,e2uwiA3,389.1.3,0.893,0.568,0.0,0.885,0.648,good_domain,1,4,subset_489,35,0,0.0
P28908,nD2,71-105,8524,e1sg1X4,389.1.3,0.946,0.924,0.0,0.917,0.648,good_domain,0,3,subset_489,35,0,0.0
P28908,nD3,"91-175,226-280",1572594,e3alqT3,389.1.3,0.999,0.993,9.2,0.674,2.593,good_domain,0,9,subset_489,140,1,0.0
P28908,nD4,261-305,1572594,e3alqT3,389.1.3,1.0,0.987,5.8,0.494,0.833,good_domain,0,4,subset_489,45,0,0.0
P08235,nD1,602-690,1283298,e4nqaB2,377.1.1,0.993,1.0,9.1,0.669,1.78,simple_topology,2,0,subset_486,89,1,100.0
P08235,nD2,741-984,285398,e2aaxA1,188.1.1,1.0,0.999,39.4,0.924,1.008,good_domain,8,4,subset_486,244,2,100.0
Q8TDN1,nD1,56-190,1760353,e3dryC1,226.1.1,0.991,0.994,10.1,0.59,1.154,good_domain,4,5,subset_486,135,1,100.0
Q8TDN1,nD2,191-485,1281106,e4g80I1,5054.1.1,0.992,0.985,9.3,0.914,1.294,good_domain,9,0,subset_486,295,2,33.559322033898304
O00187,nD1,26-140,1258,e1szbA1,10.4.1,0.999,0.993,20.4,0.926,0.991,good_domain,0,8,subset_486,115,1,0.0
O00187,nD2,141-180,151718,e4aqbA4,389.1.1,1.0,1.0,6.7,0.864,0.941,good_domain,0,3,subset_486,40,0,0.0
O00187,nD3,181-295,1952704,e5cisA1,10.4.1,0.999,0.999,20.7,0.974,0.991,good_domain,0,8,subset_486,115,1,0.0
O00187,nD4,296-365,1253313,e4fxgI4,389.1.2,1.0,0.988,12.8,1.0,1.111,good_domain,0,6,subset_486,70,0,0.0
O00187,nD5,366-430,8494,e1qubA3,389.1.2,1.0,0.982,7.9,0.933,1.032,good_domain,0,5,subset_486,65,0,0.0
O00187,nD6,431-685,255,e1q3xA1,1.1.17,0.993,1.0,41.9,0.983,1.104,good_domain,5,12,subset_486,255,2,0.0
Q9H3S7,nD1,1-360,002101170,e5mk0A1,109.4.1,1.0,1.0,53.4,0.994,1.259,good_domain,10,3,subset_82,360,2,100.0
Q9H3S7,nD2,"361-400,406-710",na,na,na,na,na,na,na,na,low_confidence,8,0,subset_82,345,2,100.0
Q9H3S7,nD3,1161-1460,000180659,e3ps5A3,2007.2.3,0.998,1.0,34.5,0.866,1.319,good_domain,7,9,subset_82,300,2,100.0
P35499,nD1,"21-80,86-300,336-485,516-815,861-885,996-1310,1331-1610",002543287,e6u84A2,5054.1.1,1.0,0.998,9.0,0.771,5.899,good_domain,40,9,subset_82,1345,3,40.817843866171
P35499,nD2,816-860,002403539,e6gy6Y1,3758.1.1,0.333,0.0,5.1,na,na,simple_topology,2,0,subset_82,45,0,100.0
P35499,nD3,1611-1720,001412630,e4ovnJ1,108.1.1,0.997,0.997,13.9,0.844,1.236,good_domain,4,3,subset_82,110,1,100.0
P35499,nD4,1721-1750,002770733,e7eebC1,5054.1.1,0.997,0.0,13.6,0.058,0.132,simple_topology,1,1,subset_82,30,0,100.0
Q9HBH9,nD1,66-395,001166055,e3kn6A2,206.1.1,0.998,1.0,30.9,0.891,1.096,good_domain,11,9,subset_82,330,2,100.0
Q9HCU0,nD1,26-160,002541778,e6rygA1,209.1.1,0.995,0.981,14.6,0.934,1.047,good_domain,2,7,subset_82,135,1,0.0
Q9HCU0,nD2,161-230,001325375,e4c16B4,389.1.2,0.944,0.0,5.1,0.776,1.111,good_domain,1,5,subset_82,70,0,0.0
Q9HCU0,nD3,236-275,001867093,e5fwwA2,389.1.1,1.0,0.739,5.1,0.796,0.941,simple_topology,0,2,subset_82,40,0,0.0
Q9HCU0,nD4,276-310,002102589,e5to3B3,389.1.1,0.989,0.0,4.6,0.75,0.824,good_domain,0,3,subset_82,35,0,0.0
Q9HCU0,nD5,311-350,002067660,e5b4xB4,389.1.1,1.0,0.977,2.5,0.878,0.941,good_domain,0,3,subset_82,40,0,0.0
P56524,nD1,71-155,1551339,e5aj4Ad1,3967.1.1,0.798,0.0,5.3,na,na,simple_topology,1,0,subset_492,85,0,100.0
P56524,nD2,476-505,1551339,e5aj4Ad1,3967.1.1,0.204,0.0,2.4,na,na,simple_topology,1,0,subset_492,30,0,100.0
P56524,nD3,586-615,2105883,e5xtcW1,1132.1.1,0.243,0.0,2.7,na,na,simple_topology,1,0,subset_492,30,0,100.0
P56524,nD4,651-1060,168287,e2vqjA1,2006.1.5,1.0,1.0,57.5,0.915,1.285,good_domain,13,11,subset_492,410,2,100.0
P20648,nD1,176-285,2625690,e6lcpA3,10.13.1,0.997,1.0,9.2,0.604,0.948,good_domain,3,5,subset_492,110,1,100.0
P20648,nD2,396-605,2533002,e6jxhA5,267.1.1,0.997,1.0,36.3,0.981,1.273,good_domain,5,9,subset_492,210,2,100.0
P20648,nD3,"36-170,291-375,771-900,921-1035",2523993,e6jxhA4,5073.1.1,1.0,1.0,53.7,0.943,0.986,good_domain,16,3,subset_492,465,2,36.344086021505376
P20648,nD4,"366-395,606-770",2523992,e6jxhA3,2006.1.1,0.997,1.0,32.1,0.948,0.975,good_domain,10,8,subset_492,195,2,100.0
Q96F46,nD1,31-200,1839921,e3jvfC1,11.1.1,0.998,1.0,27.8,0.994,1.574,good_domain,0,8,subset_492,170,2,1.1764705882352942
Q96F46,nD2,201-305,2388190,e5n9bA2,11.1.1,0.999,1.0,19.8,0.981,0.972,good_domain,0,7,subset_492,105,1,0.0
Q96F46,nD3,306-340,2722959,e7dvqD3,11.1.1,0.989,0.0,8.8,0.13,0.324,simple_topology,1,0,subset_492,35,0,0.0
Q96F46,nD4,376-590,1291972,e4nuxA1,2007.9.1,0.996,0.999,32.5,0.898,1.352,good_domain,7,5,subset_492,215,2,100.0
Q01094,nD1,"131-190,196-300",1716875,e4yo2A1,101.1.2,0.999,0.996,9.7,0.563,1.737,good_domain,5,7,subset_272,165,2,100.0
O43920,nD1,21-100,2674463,e6y7991,5071.2.1,0.994,0.999,6.1,0.826,1.127,good_domain,2,0,subset_272,80,0,100.0
O94921,nD1,121-455,1921768,e5g6vA1,206.1.1,0.999,1.0,35.1,0.952,1.113,good_domain,9,7,subset_272,335,2,100.0
P01112,nD1,1-170,2400910,e6fa1A1,2004.1.1,0.999,0.999,30.5,0.971,0.762,good_domain,5,6,subset_192,170,2,100.0
P26373,nD1,1-205,2765712,e7o7yBL1,3210.1.1,1.0,1.0,18.6,0.971,1.01,good_domain,6,3,subset_192,205,2,100.0
Q9NYV4,nD1,"706-790,811-1055",1721826,e5efqC1,206.1.1,1.0,1.0,48.0,0.937,1.096,good_domain,9,8,subset_192,330,2,100.0
Q9NYV4,nD2,1111-1165,1030988,e2gmgA2,101.1.2,0.924,0.0,3.1,0.704,0.579,good_domain,3,0,subset_192,55,0,100.0
Q93063,nD1,66-425,1877410,e5f86A2,7512.1.1,0.99,0.907,13.8,0.787,1.8,good_domain,9,12,subset_161,360,2,0.0
Q93063,nD2,441-718,10287,e1omzA1,7516.1.1,0.997,0.999,30.8,0.891,1.049,good_domain,7,9,subset_161,278,2,0.0
P62979,nD1,1-80,72055,e1xt9B1,221.1.1,0.998,0.97,15.4,1.0,0.851,good_domain,2,5,subset_161,80,0,100.0
P62979,nD2,81-150,2755686,e7o7yAC1,375.1.1,0.997,0.999,8.4,0.946,1.25,good_domain,1,5,subset_161,70,0,100.0
O95271,nD1,181-335,1844057,e5bxoB1,109.3.1,0.999,0.994,26.8,0.933,0.779,good_domain,9,0,subset_161,155,2,100.0
O95271,nD2,336-485,1887005,e5jhqC1,109.3.1,1.0,1.0,37.8,0.461,0.754,good_domain,9,1,subset_161,150,1,100.0
O95271,nD3,486-640,1887005,e5jhqC1,109.3.1,1.0,1.0,37.8,0.483,0.779,good_domain,9,1,subset_161,155,2,100.0
O95271,nD4,641-805,1887005,e5jhqC1,109.3.1,0.999,1.0,31.2,0.498,0.829,good_domain,9,0,subset_161,165,2,100.0
O95271,nD5,806-965,1887005,e5jhqC1,109.3.1,0.999,1.0,31.2,0.458,0.804,good_domain,9,0,subset_161,160,2,100.0
O95271,nD6,1026-1095,144073,e2y9tA1,102.1.1,0.994,0.913,7.3,0.817,0.897,good_domain,4,0,subset_161,70,0,100.0
O95271,nD7,1106-1315,1299799,e4oqaF2,237.1.1,0.992,0.998,10.2,0.608,1.029,good_domain,6,5,subset_161,210,2,100.0
Q15047,nD1,"16-105,146-175",na,na,na,na,na,na,na,na,low_confidence,4,0,subset_13,120,1,100.0
Q15047,nD2,191-250,002140576,e6bhdA2,4.1.1,1.0,1.0,14.5,0.984,0.75,good_domain,1,5,subset_13,60,0,100.0
Q15047,nD3,251-345,001868762,e5kchA3,4.1.1,0.999,1.0,19.7,0.99,1.188,good_domain,2,4,subset_13,95,1,100.0
Q15047,nD4,346-410,002140575,e6bhdA1,4.1.1,1.0,1.0,10.6,0.983,0.812,good_domain,1,5,subset_13,65,0,100.0
Q15047,nD5,576-670,002815015,e7winB1,252.1.1,0.995,0.988,6.9,0.67,1.275,good_domain,1,2,subset_13,95,1,100.0
Q15047,nD6,726-800,001652437,e3fpdA2,3358.1.1,0.903,1.0,0.0,0.985,1.25,good_domain,1,0,subset_13,75,0,100.0
Q15047,nD7,"676-720,801-860,1206-1290",001893427,e5jlbA2,70.3.1,0.999,0.998,13.9,0.747,1.145,good_domain,2,11,subset_13,190,2,100.0
P42677,nD1,6-84,002138801,e6az1c1,375.1.1,1.0,0.999,12.5,0.94,1.411,good_domain,1,4,subset_13,79,0,100.0
Q96RP8,nD1,16-120,000166293,e2r9rB2,226.1.1,0.994,1.0,17.7,0.961,0.897,good_domain,5,4,subset_13,105,1,100.0
Q96RP8,nD2,121-415,002038406,e5u6oD2,5054.1.1,0.994,0.998,7.3,0.409,1.294,good_domain,8,0,subset_13,295,2,26.10169491525424
P06729,nD1,31-130,000001656,e1hnfA1,11.1.1,0.999,0.996,19.7,0.97,0.926,good_domain,2,8,subset_13,100,1,0.0
P06729,nD2,"21-30,131-205",000039002,e1hnfA2,11.1.1,0.999,0.996,16.0,0.974,0.787,good_domain,0,8,subset_13,85,0,1.1764705882352942
P06729,nD3,211-235,002527053,e6jxrf2,3470.1.1,0.956,0.975,0.0,0.781,0.806,simple_topology,1,0,subset_13,25,0,4.0
P19544,nD1,266-290,2077338,e5t0uA3,386.1.1,0.974,0.992,0.0,1.0,0.758,simple_topology,0,0,subset_245,25,0,100.0
P19544,nD2,"291-405,411-440",2170665,e5v3jF4,386.1.1,0.905,0.988,2.6,0.696,4.394,good_domain,4,0,subset_245,145,1,100.0
P51649,nD1,"36-175,191-305,501-530",1903836,e2w8qA2,7524.1.1,0.999,1.0,44.1,0.93,1.208,good_domain,9,11,subset_245,285,2,100.0
P51649,nD2,306-515,1903666,e4v6hA2,7524.1.1,0.997,1.0,32.5,0.916,0.89,good_domain,5,7,subset_245,210,2,100.0
P25105,nD1,"6-210,231-295,316-325",2071219,e5nj6A1,5001.1.1,0.999,1.0,31.0,0.904,0.981,good_domain,7,2,subset_245,280,2,15.357142857142858
Q15397,nD1,106-130,2580991,e6tnfB1,109.4.1,0.885,0.0,8.6,0.014,0.087,simple_topology,1,0,subset_36,25,0,100.0
Q15397,nD2,131-648,1487476,e4wzrB1,109.4.1,1.0,1.0,46.6,0.979,1.811,good_domain,26,0,subset_36,518,2,100.0
P02708,nD1,26-230,2527149,e6pv7A2,11.12.1,0.997,1.0,28.4,0.976,0.972,good_domain,2,11,subset_36,205,2,0.0
P02708,nD2,"231-350,386-455",2527148,e6pv7A1,5057.1.1,0.994,1.0,19.5,0.91,1.31,good_domain,5,0,subset_36,190,2,42.63157894736842
P10912,nD1,46-150,1491,e1axiB1,11.1.1,0.998,0.994,17.0,0.859,0.972,good_domain,0,6,subset_36,105,1,0.0
P10912,nD2,151-255,1492,e1axiB2,11.1.1,0.998,0.994,13.1,0.972,0.972,good_domain,0,7,subset_36,105,1,0.0
P01583,nD1,126-270,410969,e2l5xA1,6.1.1,0.996,1.0,21.7,0.954,0.967,good_domain,1,12,subset_36,145,1,100.0
Q92608,nD1,1-70,000141158,e3a98A1,4.1.1,0.995,0.998,14.9,0.971,0.875,good_domain,1,4,subset_316,70,0,100.0
Q92608,nD2,86-210,000141159,e3a98A2,632.11.1,0.998,0.998,13.0,0.806,1.645,good_domain,4,0,subset_316,125,1,100.0
Q92608,nD3,211-425,002538865,e6gvfA1,11.2.1,0.993,0.0,10.2,0.821,1.525,good_domain,5,10,subset_316,215,2,100.0
Q92608,nD4,426-610,000384841,e3l4cB1,11.2.1,0.999,1.0,24.0,0.909,1.312,good_domain,2,8,subset_316,185,2,100.0
Q92608,nD5,"611-1190,1196-1335",001096655,e4hm9A1,109.4.1,0.99,0.0,11.6,0.337,2.517,good_domain,29,1,subset_316,720,3,100.0
Q92608,nD6,1336-1490,001251485,e3b13C4,3333.1.1,0.999,1.0,20.7,0.987,1.006,good_domain,4,7,subset_316,155,2,100.0
Q92608,nD7,1491-1620,000861996,e3vhlA2,109.24.1,0.999,1.0,14.2,0.976,0.959,good_domain,5,1,subset_316,130,1,100.0
Q92608,nD8,1731-1755,001346825,e4uvkA1,109.4.1,0.979,0.0,6.9,0.015,0.087,simple_topology,0,0,subset_316,25,0,100.0
Q92608,nD9,1766-1790,002391536,e5yu7A1,109.4.1,0.994,0.0,8.4,0.015,0.087,simple_topology,0,0,subset_316,25,0,100.0
P54756,nD1,61-230,002131245,e4m4rE4,10.1.2,0.999,1.0,28.5,0.726,1.083,good_domain,3,11,subset_316,170,2,0.0
P54756,nD2,231-290,001758626,e4m4pA2,389.1.1,1.0,1.0,18.4,0.472,1.412,good_domain,0,5,subset_316,60,0,0.0
P54756,nD3,291-355,001758626,e4m4pA2,389.1.1,1.0,1.0,18.4,0.528,1.529,simple_topology,0,2,subset_316,65,0,0.0
P54756,nD4,356-465,001770109,e4m4rE3,11.1.1,0.999,1.0,16.6,0.79,1.019,good_domain,0,8,subset_316,110,1,0.0
P54756,nD5,466-570,002806940,e7s7kA3,11.1.1,0.999,1.0,17.2,0.863,0.972,good_domain,0,7,subset_316,105,1,0.0
P54756,nD6,626-960,001885104,e5lohA1,206.1.1,0.996,0.998,20.8,0.57,1.113,good_domain,11,9,subset_316,335,2,100.0
P54756,nD7,961-1035,002706104,e7kjcA2,102.1.1,0.999,1.0,12.1,0.885,0.962,good_domain,4,0,subset_316,75,0,100.0
Q496J9,nD1,11-45,001719257,e5cwlA1,109.3.1,0.14,0.0,3.1,na,na,simple_topology,1,0,subset_316,35,0,100.0
Q496J9,nD2,"136-465,576-720",na,na,na,na,na,na,na,na,low_confidence,16,2,subset_316,475,2,33.473684210526315
Q496J9,nD3,471-565,002042175,e5moyB1,207.9.1,0.996,0.89,19.1,0.893,0.534,good_domain,0,13,subset_316,95,1,0.0
P11802,nD1,1-303,2534308,e6hdpA1,206.1.1,0.999,1.0,31.0,0.694,1.007,good_domain,7,8,subset_86,303,2,100.0
P42345,nD1,"6-290,306-315,356-545,551-1250",2738184,e5yz0B3,109.4.1,0.968,1.0,4.7,0.342,4.143,good_domain,45,0,subset_86,1185,3,100.0
P42345,nD2,1251-1440,400738,e2xevB1,109.4.1,0.999,0.846,7.1,0.782,0.664,good_domain,9,0,subset_86,190,2,100.0
P42345,nD3,1446-1685,1182406,e4abnB6,109.4.1,1.0,0.962,10.6,0.605,0.839,good_domain,12,0,subset_86,240,2,100.0
P42345,nD4,"1686-1820,1861-2020",2738183,e5yz0B2,109.4.1,1.0,1.0,15.8,0.395,1.031,good_domain,12,0,subset_86,295,2,100.0
P42345,nD5,2021-2115,1115538,e4jspA1,601.24.1,0.999,1.0,19.0,0.913,0.913,good_domain,4,0,subset_86,95,1,100.0
P42345,nD6,"2116-2440,2486-2549",406536,e3akkA1,206.1.1,0.999,0.492,6.6,0.591,1.292,good_domain,11,10,subset_86,389,2,100.0
P42345,nD7,2461-2485,1148733,e2gw1B1,109.4.1,0.921,0.0,10.9,0.029,0.087,simple_topology,0,0,subset_86,25,0,100.0
P50750,nD1,6-345,139457,e3mi9A1,206.1.1,0.999,1.0,46.1,0.932,1.13,good_domain,9,8,subset_86,340,2,100.0
P32970,nD1,21-55,1548159,e4xhcA1,10.1.2,0.284,0.0,4.9,na,na,simple_topology,1,0,subset_86,35,0,0.0
P32970,nD2,56-193,2779453,e7kx0C1,10.3.1,0.997,1.0,23.4,0.971,0.972,good_domain,1,10,subset_86,138,1,0.0
Q5JRX3,nD1,"46-550,571-1035",1116573,e3s5iA4,309.1.1,0.997,1.0,17.0,0.751,4.491,good_domain,32,28,subset_124,970,3,100.0
P0DP23,nD1,6-80,145119,e3qrxA1,108.1.1,0.998,0.999,14.1,0.949,0.843,good_domain,4,2,subset_124,75,0,100.0
P0DP23,nD2,81-149,1154570,e2f2pA3,108.1.1,0.999,0.999,14.1,0.723,0.775,good_domain,4,3,subset_124,69,0,100.0
Q9H2K2,nD1,16-175,1887008,e5jhqD2,109.3.1,0.998,1.0,28.4,1.0,0.804,good_domain,9,0,subset_124,160,2,100.0
Q9H2K2,nD2,176-325,1887005,e5jhqC1,109.3.1,1.0,1.0,41.2,0.467,0.754,good_domain,9,0,subset_124,150,1,100.0
Q9H2K2,nD3,326-480,1887005,e5jhqC1,109.3.1,1.0,1.0,41.2,0.483,0.779,good_domain,9,0,subset_124,155,2,100.0
Q9H2K2,nD4,481-645,1887005,e5jhqC1,109.3.1,1.0,1.0,30.4,0.48,0.829,good_domain,9,0,subset_124,165,2,100.0
Q9H2K2,nD5,646-805,1887005,e5jhqC1,109.3.1,1.0,1.0,30.4,0.467,0.804,good_domain,9,0,subset_124,160,2,100.0
Q9H2K2,nD6,876-935,144073,e2y9tA1,102.1.1,0.995,0.96,5.8,0.72,0.769,good_domain,5,0,subset_124,60,0,100.0
Q9H2K2,nD7,951-1160,2706193,e7kkoB1,237.1.1,0.999,0.999,27.5,0.967,1.029,good_domain,5,9,subset_124,210,2,100.0
Q9GZV5,nD1,121-160,119454,e3l4hA2,64.1.1,0.988,0.224,4.5,0.905,0.87,good_domain,0,3,subset_301,40,0,100.0
Q9GZV5,nD2,231-260,2724370,e7eknF1,1134.1.2,0.815,0.205,0.0,na,na,simple_topology,1,0,subset_301,30,0,100.0
P03897,nD1,1-115,2800265,e7o7131,3456.1.1,1.0,1.0,7.6,0.883,1.0,good_domain,3,0,subset_301,115,1,35.65217391304348
P49662,nD1,11-65,1502549,e3j9kL1,110.1.1,0.851,1.0,0.0,0.5,0.573,partial_domain,3,0,subset_301,55,0,100.0
P49662,nD2,111-375,2642899,e6ns7A1,7575.1.1,0.999,1.0,37.5,0.955,1.025,good_domain,6,9,subset_301,265,2,100.0
P04049,nD1,56-130,2716479,e6xgvB1,221.1.1,0.998,0.997,13.4,0.871,0.798,good_domain,2,6,subset_189,75,0,100.0
P04049,nD2,136-185,2716480,e6xgvB2,376.1.2,0.998,0.997,9.9,0.943,0.806,good_domain,1,3,subset_189,50,0,100.0
P04049,nD3,"256-265,341-630",2814018,e7mfdA1,206.1.1,0.998,1.0,32.5,0.983,0.997,good_domain,10,7,subset_189,300,2,100.0
P62917,nD1,6-95,2129045,e5tbwCD1,2.1.1,0.998,1.0,10.2,0.928,0.865,good_domain,0,4,subset_189,90,1,100.0
P62917,nD2,96-255,2755727,e7o7yBA2,4.1.1,1.0,1.0,15.7,0.994,2.0,good_domain,2,6,subset_189,160,2,100.0
P49336,nD1,6-355,146736,e2yleA1,206.1.1,0.981,0.944,9.8,0.67,1.163,good_domain,10,8,subset_189,350,2,100.0
P49815,nD1,"1-645,681-925,1006-1015",2546343,e6ahoA1,109.4.1,0.999,0.983,12.4,0.56,3.147,good_domain,38,3,subset_134,900,3,100.0
P49815,nD2,"1016-1075,1191-1215,1496-1540,1736-1760",2567209,e3brwB1,4026.1.1,0.987,1.0,6.0,0.684,1.02,good_domain,6,5,subset_134,155,2,100.0
P49815,nD3,"1231-1255,1391-1430",2323971,e5ve8B1,109.4.1,0.993,0.0,10.3,0.033,0.227,simple_topology,1,0,subset_134,65,0,100.0
P49815,nD4,1541-1735,2634814,e6sshA1,2004.1.1,0.999,1.0,28.6,0.882,0.874,good_domain,5,8,subset_134,195,2,100.0
Q14432,nD1,"131-175,206-260",1144772,e4kisA2,375.1.9,0.967,0.0,5.8,0.237,0.505,partial_domain,4,0,subset_134,100,1,15.0
Q14432,nD2,346-385,3664,e2qsbA1,633.12.1,0.774,0.257,0.0,na,na,simple_topology,2,0,subset_134,40,0,100.0
Q14432,nD3,"676-1030,1066-1110",61463,e1sojB1,131.1.1,1.0,1.0,55.1,0.925,1.732,good_domain,15,1,subset_134,400,2,100.0
P41597,nD1,"21-225,241-334",2428615,e6meoB1,5001.1.1,0.999,1.0,33.1,0.882,1.047,good_domain,8,2,subset_134,299,2,20.066889632107024
P27487,nD1,6-30,2521866,e6hxaA1,7579.1.1,0.991,0.0,20.0,0.061,0.088,simple_topology,1,0,subset_373,25,0,4.0
P27487,nD2,"31-40,56-505",43881,e1orvB1,5.1.5,1.0,1.0,37.1,0.962,1.183,good_domain,4,31,subset_373,460,2,0.0
P27487,nD3,"41-55,506-765",147924,e4a5sA2,7579.1.1,0.997,1.0,45.5,0.989,0.965,good_domain,9,9,subset_373,275,2,0.0
P29323,nD1,21-195,2131245,e4m4rE4,10.1.2,0.999,1.0,27.3,0.731,1.115,good_domain,3,12,subset_373,175,2,0.0
P29323,nD2,196-255,1758626,e4m4pA2,389.1.1,1.0,1.0,16.4,0.472,1.412,good_domain,0,5,subset_373,60,0,0.0
P29323,nD3,256-320,1758626,e4m4pA2,389.1.1,1.0,1.0,16.4,0.512,1.529,simple_topology,1,1,subset_373,65,0,0.0
P29323,nD4,321-435,2723351,e7k7jA1,11.1.1,0.999,1.0,15.6,0.715,1.065,good_domain,0,7,subset_373,115,1,0.0
P29323,nD5,436-550,2806940,e7s7kA3,11.1.1,0.998,1.0,18.0,0.915,1.065,good_domain,2,7,subset_373,115,1,0.0
P29323,nD6,586-905,2706103,e7kjcA1,206.1.1,0.994,1.0,40.9,0.926,1.063,good_domain,11,9,subset_373,320,2,100.0
P29323,nD7,911-988,2706104,e7kjcA2,102.1.1,0.999,1.0,12.3,0.923,1.0,good_domain,4,0,subset_373,78,0,100.0
P62191,nD1,"51-85,91-165",1885415,e5l4gI1,2.1.1,0.994,1.0,12.5,0.843,1.058,good_domain,2,5,subset_373,110,1,100.0
P62191,nD2,166-355,1885420,e5l4gL3,2004.1.1,0.998,0.999,27.6,0.995,0.852,good_domain,8,6,subset_373,190,2,100.0
P62191,nD3,356-440,365212,e3h4mB1,148.1.3,0.997,0.999,14.9,0.928,0.914,good_domain,3,1,subset_373,85,0,100.0
Q12778,nD1,156-250,1102891,e2mbfA1,101.1.2,0.996,0.997,11.3,0.921,1.0,good_domain,3,3,subset_287,95,1,100.0
P19404,nD1,31-125,2791603,e7ardE1,3697.1.1,0.997,1.0,17.8,0.969,1.301,good_domain,4,0,subset_287,95,1,100.0
P19404,nD2,126-245,2740252,e6yj4E2,2485.1.1,0.996,1.0,18.2,1.0,1.062,good_domain,2,4,subset_287,120,1,100.0
Q16584,nD1,41-105,1174903,e2dlpA2,4.1.1,0.985,0.0,8.1,0.905,0.812,good_domain,1,4,subset_287,65,0,100.0
Q16584,nD2,106-445,1823373,e4uy9B1,206.1.1,0.999,0.999,39.3,0.962,1.13,good_domain,10,7,subset_287,340,2,100.0
Q9NVI1,nD1,1-465,185553,e3tj1A1,109.4.1,0.985,0.0,8.3,0.4,1.626,good_domain,20,2,subset_250,465,2,100.0
Q9NVI1,nD2,"466-1040,1061-1085",2491397,e6deeA1,109.4.1,0.996,0.0,11.0,0.33,2.098,good_domain,20,3,subset_250,600,3,100.0
Q9NVI1,nD3,"1041-1060,1086-1280,1301-1328",140899,e3o2tA1,109.4.1,0.997,0.0,10.1,0.36,0.85,good_domain,7,2,subset_250,243,2,100.0
P62877,nD1,21-108,2623935,e6v9iR1,376.1.1,0.994,0.98,9.0,0.908,1.128,good_domain,1,3,subset_250,88,1,100.0
Q8TDS4,nD1,1-323,2080689,e5vblB1,5001.1.1,0.997,1.0,27.1,0.943,1.131,good_domain,8,4,subset_250,323,2,23.8390092879257
Q9Y3Q4,nD1,216-520,1165465,e3ukmD1,5054.1.1,0.997,0.977,6.8,0.361,1.338,good_domain,12,2,subset_479,305,2,37.049180327868854
Q9Y3Q4,nD2,521-765,2573886,e6uqfD1,10.12.1,0.996,1.0,27.8,1.0,1.392,good_domain,8,7,subset_479,245,2,100.0
P16389,nD1,36-130,166293,e2r9rB2,226.1.1,0.996,1.0,20.7,0.931,0.812,good_domain,5,4,subset_479,95,1,100.0
P16389,nD2,131-430,2794037,e7e7zC1,5054.1.1,1.0,1.0,21.8,0.941,1.316,good_domain,7,0,subset_479,300,2,28.666666666666668
P25092,nD1,"16-160,301-375",1252761,e3a3kB3,2007.1.2,0.995,1.0,17.7,0.677,1.538,good_domain,4,7,subset_479,220,2,2.272727272727273
P25092,nD2,"146-300,376-425",2761273,e7epcB4,2007.1.2,0.993,0.999,12.7,0.49,1.434,good_domain,4,9,subset_479,205,2,0.0
P25092,nD3,"441-465,471-1035",2516618,e6rnaB1,206.1.1,0.993,0.998,24.5,0.798,1.96,good_domain,18,16,subset_479,590,3,97.62711864406779
Q6P2E9,nD1,"1-60,66-470,502-525",002591579,e6qk7B2,5.1.4,0.982,0.993,21.8,0.814,1.362,good_domain,2,30,subset_235,489,2,100.0
Q6P2E9,nD2,"946-1075,1096-1150",na,na,na,na,na,na,na,na,simple_topology,2,0,subset_235,185,2,100.0
Q6P2E9,nD3,1166-1190,000166345,e2qywA1,603.1.1,0.859,0.333,0.0,0.25,0.238,simple_topology,1,0,subset_235,25,0,100.0
Q6P2E9,nD4,1206-1245,001756847,e5cwsJ1,6158.1.1,0.835,0.434,0.0,na,na,simple_topology,1,0,subset_235,40,0,100.0
Q6P2E9,nD5,1256-1395,000184945,e2vxgA1,109.4.1,0.998,1.0,21.2,0.963,0.49,good_domain,7,0,subset_235,140,1,100.0
Q15120,nD1,1-180,000003668,e1y8oA1,633.15.1,0.998,1.0,26.3,1.0,1.098,good_domain,7,1,subset_235,180,2,100.0
Q15120,nD2,181-380,000006566,e1y8oA2,225.1.1,0.998,1.0,27.1,0.813,1.087,good_domain,5,7,subset_235,200,2,100.0
P12883,nD1,31-80,002336520,e5w1aA1,4.1.1,0.989,1.0,7.8,0.667,0.625,good_domain,1,4,subset_235,50,0,100.0
P12883,nD2,"1-30,81-200,216-980",001577446,e4byfA1,2004.1.1,1.0,1.0,44.4,0.943,4.103,good_domain,29,19,subset_235,915,3,100.0
P12883,nD3,"986-1015,1041-1155",001551339,e5aj4Ad1,3967.1.1,0.994,0.0,4.8,0.593,0.89,simple_topology,1,0,subset_235,145,1,100.0
P12883,nD4,1386-1410,001830964,e5hynA1,1020.1.1,0.848,0.0,5.0,na,na,simple_topology,1,0,subset_235,25,0,100.0
P12883,nD5,"1236-1275,1296-1370,1871-1925",002817924,e7moqZ1,3755.3.1,0.995,0.0,3.6,0.62,0.988,simple_topology,2,0,subset_235,170,2,100.0
P12883,nD6,"1411-1435,1456-1550,1576-1745,1756-1800,1806-1870",na,na,na,na,na,na,na,na,low_confidence,5,0,subset_235,400,2,100.0
P41235,nD1,56-145,1283298,e4nqaB2,377.1.1,0.994,1.0,10.0,0.709,1.8,good_domain,2,2,subset_173,90,1,100.0
P41235,nD2,146-375,223642,e4iqrF1,188.1.1,0.999,1.0,30.1,0.909,0.95,good_domain,8,2,subset_173,230,2,100.0
P62277,nD1,1-80,1313699,e3j7aU2,101.40.1,0.998,1.0,13.4,0.975,0.988,good_domain,3,0,subset_173,80,0,100.0
P62277,nD2,81-150,2106041,e5xyiN2,616.1.1,0.996,1.0,13.1,0.986,0.859,good_domain,2,0,subset_173,70,0,100.0
Q8NET8,nD1,11-35,1482703,e4rlvA1,109.3.1,0.815,0.0,15.1,na,na,simple_topology,0,0,subset_173,25,0,100.0
Q8NET8,nD2,"86-425,716-755",2545631,e6pvpB1,109.3.1,1.0,1.0,36.7,0.935,1.91,good_domain,14,7,subset_173,380,2,100.0
Q8NET8,nD3,426-715,176798,e3lutB1,5054.1.1,0.855,0.985,6.7,0.579,1.272,good_domain,7,1,subset_173,290,2,27.93103448275862
Q9Y4H2,nD1,21-155,28866,e1qqgB1,220.1.1,0.995,1.0,18.6,1.0,1.107,good_domain,1,7,subset_136,135,1,100.0
Q9Y4H2,nD2,191-305,2117487,e5u1mA1,220.1.1,0.997,0.998,18.2,1.0,0.943,good_domain,3,6,subset_136,115,1,100.0
P21397,nD1,"6-305,396-505",1270821,e2z5yA3,2003.1.2,0.999,1.0,52.6,0.953,1.745,good_domain,12,19,subset_136,410,2,100.0
P21397,nD2,306-395,2792159,e7b0zA2,244.1.1,0.997,1.0,17.9,0.796,0.833,good_domain,3,5,subset_136,90,1,100.0
P16581,nD1,21-140,81765,e1g1qB1,209.1.1,0.999,0.996,22.5,1.0,0.93,good_domain,2,6,subset_136,120,1,0.8333333333333334
P16581,nD2,141-175,8456,e1g1tA2,389.1.1,1.0,0.997,2.9,0.897,0.824,good_domain,0,2,subset_136,35,0,0.0
P16581,nD3,176-240,1325375,e4c16B4,389.1.2,1.0,0.999,13.3,0.94,1.032,good_domain,0,6,subset_136,65,0,0.0
P16581,nD4,241-300,1325374,e4c16B3,389.1.2,1.0,0.999,13.0,0.968,0.952,good_domain,0,5,subset_136,60,0,0.0
P16581,nD5,301-365,8493,e1qubA2,389.1.2,1.0,0.999,8.8,0.984,1.032,good_domain,0,5,subset_136,65,0,0.0
P16581,nD6,366-430,8494,e1qubA3,389.1.2,1.0,0.999,9.8,0.983,1.032,good_domain,0,5,subset_136,65,0,0.0
P16581,nD7,431-490,91543,e1vvdA2,389.1.2,1.0,0.98,5.5,0.915,0.952,good_domain,0,5,subset_136,60,0,0.0
P16581,nD8,"491-550,566-590",165522,e2ehfA1,389.1.2,1.0,0.952,7.6,0.917,1.349,good_domain,1,5,subset_136,85,0,15.294117647058824
P35462,nD1,"12-270,316-400",1273955,e3pblA3,5001.1.1,0.999,1.0,39.8,0.985,1.205,good_domain,8,0,subset_480,344,2,35.174418604651166
Q9NZV8,nD1,41-150,2820014,e7e87A1,226.1.1,0.995,1.0,18.6,0.948,0.94,good_domain,5,5,subset_480,110,1,100.0
Q9NZV8,nD2,"156-415,436-460",2794037,e7e7zC1,5054.1.1,1.0,1.0,20.3,0.965,1.25,good_domain,6,2,subset_480,285,2,34.03508771929825
Q9BXB1,nD1,1-295,2056805,e1ziwA2,207.1.1,0.99,0.0,24.1,0.834,1.039,good_domain,0,12,subset_480,295,2,8.135593220338983
Q9BXB1,nD2,"286-480,511-520",1070221,e4kt1A1,207.1.1,1.0,1.0,41.2,0.414,0.722,good_domain,1,8,subset_480,205,2,0.0
Q9BXB1,nD3,521-830,427024,e3aynA1,5001.1.1,0.992,0.999,25.5,0.789,1.086,good_domain,8,1,subset_480,310,2,26.129032258064516
P35579,nD1,31-75,2116940,e5i4eA2,4.1.1,0.992,1.0,8.9,0.882,0.562,good_domain,1,4,subset_30,45,0,100.0
P35579,nD2,"6-30,76-625,631-780,1091-1150,1186-1280,1296-1380,1401-1455,1471-1515",2132731,e5ocuK1,2004.1.1,0.981,0.0,7.3,0.465,4.776,good_domain,30,20,subset_30,1065,3,100.0
P35579,nD3,"781-880,901-1015",2816307,e6z26B1,192.8.1,0.995,0.966,5.8,0.612,2.925,good_domain,3,0,subset_30,215,2,100.0
P35579,nD4,1016-1055,2321117,e6gapA2,3755.3.1,0.853,0.977,0.0,0.177,0.233,simple_topology,0,0,subset_30,40,0,100.0
P35579,nD5,1516-1565,1765872,e3vkhB14,148.1.3,0.784,0.967,0.0,na,na,simple_topology,1,0,subset_30,50,0,100.0
P35579,nD6,1581-1710,2330459,e6fkfp1,5046.1.1,0.998,0.0,5.5,0.65,0.836,simple_topology,1,0,subset_30,130,1,100.0
P35579,nD7,"1721-1780,1801-1830,1866-1915",2330459,e6fkfp1,5046.1.1,0.996,0.0,3.6,0.524,0.9,simple_topology,2,0,subset_30,140,1,100.0
Q02641,nD1,71-180,2576913,e4zw2A1,4.1.1,0.998,1.0,17.2,0.851,1.375,good_domain,2,4,subset_30,110,1,100.0
Q02641,nD2,221-425,2093959,e5v2qA1,2004.1.1,0.998,1.0,27.7,0.886,0.919,good_domain,6,7,subset_30,205,2,100.0
Q969P6,nD1,66-160,47703,e1rrjA4,4057.1.1,0.994,1.0,15.3,1.0,1.05,good_domain,4,4,subset_30,95,1,100.0
Q969P6,nD2,"41-65,161-265",44275,e1rrjA1,4039.1.1,0.997,1.0,17.0,0.953,1.02,good_domain,2,6,subset_30,130,1,100.0
Q969P6,nD3,266-420,2811,e1k4tA2,101.1.8,0.996,1.0,26.1,1.0,1.26,good_domain,6,2,subset_30,155,2,100.0
Q969P6,nD4,"421-475,546-600",2812,e1k4tA3,101.1.8,0.995,1.0,20.7,0.972,0.894,good_domain,5,1,subset_30,110,1,100.0
Q969P6,nD5,476-545,1647796,e3fppB3,5086.1.1,0.87,0.0,9.6,0.761,0.828,simple_topology,2,0,subset_30,70,0,100.0
P04141,nD1,31-140,4003,e2gmfA1,150.3.1,0.999,1.0,20.3,0.909,0.728,good_domain,4,2,subset_30,110,1,0.0
P04626,nD1,26-215,389598,e3h3bA1,207.1.1,0.993,0.999,31.0,0.943,0.669,good_domain,1,6,subset_56,190,2,0.0
P04626,nD2,216-340,1514585,e3wsqA3,389.6.1,1.0,1.0,12.4,0.796,0.94,good_domain,0,10,subset_56,125,1,0.0
P04626,nD3,341-510,1592247,e2a91A1,207.1.1,0.997,1.0,33.1,0.888,0.599,good_domain,3,6,subset_56,170,2,0.0
P04626,nD4,511-645,2798135,e7mn5B3,389.6.1,1.0,1.0,11.9,0.901,1.015,good_domain,0,9,subset_56,135,1,0.0
P04626,nD5,651-695,184835,e2m20A1,3569.1.1,0.959,0.894,0.0,0.7,0.776,simple_topology,1,0,subset_56,45,0,46.666666666666664
P04626,nD6,711-1025,1678139,e4r3pA1,206.1.1,0.992,1.0,41.5,0.938,1.047,good_domain,10,10,subset_56,315,2,100.0
P18089,nD1,"1-220,371-450",1273955,e3pblA3,5001.1.1,0.999,1.0,32.1,0.909,1.051,good_domain,7,0,subset_56,300,2,27.333333333333332
P18089,nD2,"291-313,338-370",2075013,e5nddA3,601.2.1,0.921,1.0,6.1,0.19,0.434,simple_topology,2,0,subset_56,56,0,100.0
P07900,nD1,6-225,2123276,e5ulsA2,225.1.1,0.997,1.0,30.5,0.912,1.196,good_domain,7,7,subset_56,220,2,100.0
P07900,nD2,291-430,1854663,e5fwkA2,212.1.1,0.998,1.0,25.2,0.854,0.972,good_domain,2,5,subset_56,140,1,100.0
P07900,nD3,431-550,1112922,e3pryA2,3703.1.1,0.997,1.0,12.9,0.992,1.026,good_domain,5,5,subset_56,120,1,100.0
P07900,nD4,551-695,1165155,e3hjcA5,2498.4.1,0.997,1.0,20.5,0.907,0.96,good_domain,6,3,subset_56,145,1,100.0
P25942,nD1,26-80,1184747,e3u3qA5,389.1.3,0.999,0.998,9.9,0.646,1.019,good_domain,0,4,subset_56,55,0,0.0
P25942,nD2,81-120,1572594,e3alqT3,389.1.3,1.0,0.997,7.5,0.427,0.741,good_domain,1,3,subset_56,40,0,0.0
P25942,nD3,121-185,1184748,e3u3qA6,389.1.3,0.999,0.998,11.6,0.793,1.204,good_domain,0,3,subset_56,65,0,0.0
Q8TEW0,nD1,1-80,1107450,e3zeeA1,221.1.1,0.998,0.995,10.6,0.952,0.851,good_domain,1,5,subset_335,80,0,100.0
Q8TEW0,nD2,261-380,145491,e2lc6A1,7.1.1,0.996,0.949,9.1,0.727,1.2,good_domain,3,5,subset_335,120,1,100.0
Q8TEW0,nD3,456-555,1503815,e3eggC1,7.1.1,0.998,0.946,14.6,0.556,1.0,good_domain,1,5,subset_335,100,1,100.0
Q8TEW0,nD4,571-685,168062,e2qt5A1,7.1.1,0.997,0.98,11.4,0.951,1.15,good_domain,1,5,subset_335,115,1,100.0
Q8NER1,nD1,"96-415,421-715,721-760",2634596,e6skuA4,109.3.1,0.997,0.998,11.0,0.691,3.291,good_domain,21,5,subset_335,655,3,66.25954198473282
Q9HAU8,nD1,26-265,153284,e3u9wA1,4081.1.1,0.995,1.0,27.4,0.961,1.159,good_domain,3,13,subset_335,240,2,100.0
Q9HAU8,nD2,266-525,153286,e3u9wA3,2498.1.1,0.997,1.0,34.2,0.996,1.036,good_domain,8,6,subset_335,260,2,100.0
Q9HAU8,nD3,526-675,409288,e2xq0A2,109.4.1,0.995,1.0,16.5,0.871,0.524,good_domain,9,0,subset_335,150,1,100.0
Q14980,nD1,1-145,002576333,e6qjaA1,193.1.1,0.99,0.995,16.2,0.873,1.169,good_domain,5,0,subset_324,145,1,100.0
Q14980,nD2,211-265,002325068,e5y06A1,3755.3.1,0.535,0.97,0.0,na,na,simple_topology,1,0,subset_324,55,0,100.0
Q14980,nD3,281-390,002754033,e6yrlD1,632.22.1,0.976,0.926,0.0,0.91,1.058,simple_topology,1,0,subset_324,110,1,100.0
Q14980,nD4,416-480,001756673,e3vkgA15,148.1.3,0.921,0.94,0.0,0.548,0.699,simple_topology,1,0,subset_324,65,0,100.0
Q14980,nD5,"481-525,546-575",na,na,na,na,na,na,na,na,simple_topology,1,0,subset_324,75,0,100.0
Q14980,nD6,581-695,002330459,e6fkfp1,5046.1.1,0.95,0.0,5.3,0.671,0.74,simple_topology,2,0,subset_324,115,1,100.0
Q14980,nD7,716-825,001503722,e4uy3A2,632.22.1,0.891,0.914,0.0,0.787,1.058,simple_topology,1,0,subset_324,110,1,100.0
Q14980,nD8,826-850,002507409,e6grkA1,3758.1.1,0.688,0.267,0.0,na,na,simple_topology,1,0,subset_324,25,0,100.0
Q14980,nD9,851-895,002330459,e6fkfp1,5046.1.1,0.658,0.0,4.5,na,na,simple_topology,1,0,subset_324,45,0,100.0
Q14980,nD10,"896-935,961-1015,1036-1065,1156-1180",000004025,e1wa8A1,150.5.1,0.916,0.0,6.9,0.515,1.613,good_domain,3,0,subset_324,150,1,100.0
Q14980,nD11,"1066-1100,1121-1155",002729786,e7emfU1,4207.1.1,0.872,0.0,7.2,0.451,0.519,simple_topology,2,0,subset_324,70,0,100.0
Q14980,nD12,1196-1255,000184859,e2p22A1,192.15.1,0.491,0.0,4.0,na,na,simple_topology,2,0,subset_324,60,0,100.0
Q14980,nD13,1256-1285,001447962,e4uxvA2,632.22.1,0.875,0.989,0.0,0.134,0.288,simple_topology,1,0,subset_324,30,0,100.0
Q14980,nD14,1286-1320,002085430,e5nugB10,148.1.3,0.782,0.95,0.0,na,na,simple_topology,1,0,subset_324,35,0,100.0
Q14980,nD15,"1321-1405,1411-1465",002739405,e6sc2A14,148.1.3,0.958,0.944,2.8,0.479,1.505,simple_topology,2,0,subset_324,140,1,100.0
Q14980,nD16,1481-1515,002068628,e2efsD1,3922.1.1,0.835,0.946,0.0,na,na,simple_topology,1,0,subset_324,35,0,100.0
Q14980,nD17,1516-1585,002330459,e6fkfp1,5046.1.1,0.685,0.0,5.0,na,na,simple_topology,1,0,subset_324,70,0,100.0
Q14980,nD18,1606-1660,001756673,e3vkgA15,148.1.3,0.929,0.95,0.0,0.288,0.591,simple_topology,1,0,subset_324,55,0,100.0
Q14980,nD19,1661-1695,002327463,e6gaoB1,3755.3.1,0.776,0.972,0.0,na,na,simple_topology,1,0,subset_324,35,0,100.0
P09619,nD1,31-210,001678261,e4wrlA2,11.1.1,0.994,0.997,16.3,0.885,1.667,good_domain,2,16,subset_324,180,2,1.1111111111111112
P09619,nD2,211-310,001221632,e3mjgX7,11.1.1,0.999,0.999,17.2,0.971,0.926,good_domain,1,8,subset_324,100,1,0.0
P09619,nD3,311-415,001954718,e5t89Y2,11.1.1,1.0,1.0,14.7,0.405,0.972,good_domain,1,8,subset_324,105,1,0.0
P09619,nD4,416-540,001954718,e5t89Y2,11.1.1,0.999,1.0,14.7,0.409,1.157,good_domain,1,8,subset_324,125,1,0.0
P09619,nD5,"561-710,791-990",001871755,e5k5xA1,206.1.1,0.991,1.0,45.3,0.957,1.163,good_domain,11,11,subset_324,350,2,100.0
A7E2Y1,nD1,"46-240,261-1050,1216-1250,1256-1285,1346-1400,1441-1610,1616-1655,1686-1855",000170165,e3dc4A1,2004.1.1,0.982,0.0,9.4,0.448,6.659,good_domain,34,23,subset_324,1485,3,100.0
A7E2Y1,nD2,1106-1140,001447878,e4rh7A9,3187.1.1,0.863,0.965,0.0,0.192,0.254,simple_topology,1,0,subset_324,35,0,100.0
A7E2Y1,nD3,1146-1180,002644549,e6yufC2,3922.1.1,0.919,0.0,3.5,0.241,0.271,simple_topology,1,0,subset_324,35,0,100.0
A7E2Y1,nD4,1861-1970,001509376,e3gn4A1,3860.1.1,0.938,0.0,3.1,0.545,1.507,simple_topology,1,0,subset_324,110,1,100.0
P15976,nD1,201-240,1246381,e4hc7A4,377.1.1,0.964,0.99,0.0,0.87,0.8,good_domain,1,2,subset_32,40,0,100.0
P15976,nD2,256-305,169922,e2kaeA1,377.1.1,0.9,0.905,0.0,0.893,1.0,good_domain,1,2,subset_32,50,0,100.0
P31644,nD1,46-255,2432618,e6hugD1,11.12.1,0.997,1.0,31.3,0.981,0.995,good_domain,3,12,subset_32,210,2,0.0
P31644,nD2,"256-370,411-455",2656025,e6x3tE2,5057.1.1,0.996,1.0,20.0,0.938,1.103,good_domain,5,0,subset_32,160,2,31.25
P43304,nD1,56-470,334613,e2rgoB1,2003.1.2,1.0,1.0,29.2,0.911,1.766,good_domain,11,17,subset_32,415,2,100.0
P43304,nD2,471-605,1837200,e3da1A2,6058.1.1,0.986,1.0,12.0,0.836,1.055,good_domain,6,1,subset_32,135,1,100.0
P43304,nD3,606-710,2802499,e7pjdB2,108.1.1,0.988,0.966,7.9,0.825,1.18,good_domain,6,2,subset_32,105,1,100.0
Q969D9,nD1,31-155,2055342,e5j12A1,150.3.1,0.997,1.0,20.1,0.905,0.828,good_domain,5,0,subset_32,125,1,0.0
Q8NFD5,nD1,1126-1230,2128966,e5v9tB5,101.1.1,0.99,0.99,2.8,1.0,1.438,good_domain,6,0,subset_251,105,1,100.0
Q8NFD5,nD2,"1691-1770,1896-1905,2006-2050,2081-2240,2261-2315",1096655,e4hm9A1,109.4.1,0.999,0.901,3.3,0.539,1.224,good_domain,16,0,subset_251,350,2,100.0
P49005,nD1,51-180,2562547,e6s1nB2,2.1.1,0.995,1.0,10.2,0.826,1.25,good_domain,2,5,subset_251,130,1,100.0
P49005,nD2,"1-50,181-465",2562546,e6s1nB1,246.2.1,0.996,1.0,38.0,0.944,1.132,good_domain,8,13,subset_251,335,2,100.0
P42681,nD1,86-145,501,e1k9aA1,4.1.1,0.992,1.0,11.2,0.817,0.75,good_domain,1,4,subset_251,60,0,100.0
P42681,nD2,146-245,221371,e4fl2A3,214.1.1,0.998,1.0,16.3,0.74,0.901,good_domain,2,3,subset_251,100,1,100.0
P42681,nD3,251-525,1678139,e4r3pA1,206.1.1,0.998,0.999,30.0,0.808,0.914,good_domain,9,9,subset_251,275,2,100.0
P61326,nD1,6-145,76605,e1p27C1,861.1.1,0.999,1.0,25.0,0.979,0.993,good_domain,2,6,subset_318,140,1,100.0
Q08493,nD1,"156-175,201-220",1513009,e4wziB2,3954.1.1,0.886,1.0,0.0,0.325,0.342,simple_topology,2,0,subset_318,40,0,100.0
Q08493,nD2,"221-268,291-645",2445359,e6fg5A1,131.1.1,0.999,1.0,34.4,0.997,1.745,good_domain,16,1,subset_318,403,2,100.0
P28838,nD1,26-190,10496,e1lamA2,7529.1.1,0.995,1.0,30.0,0.994,0.938,good_domain,5,7,subset_318,165,2,100.0
P28838,nD2,191-515,10157,e1lamA1,2011.1.1,1.0,1.0,58.8,0.997,1.115,good_domain,12,10,subset_318,325,2,100.0
P11473,nD1,21-115,160262,e2ff0A1,377.1.1,0.993,0.971,10.1,0.784,1.9,good_domain,3,2,subset_454,95,1,100.0
P11473,nD2,"116-160,211-425",148481,e3tkcA1,188.1.1,1.0,0.999,36.2,0.976,1.074,good_domain,9,3,subset_454,260,2,100.0
Q9UKV0,nD1,41-120,1509376,e3gn4A1,3860.1.1,0.981,0.0,5.9,0.559,1.096,simple_topology,1,0,subset_454,80,0,100.0
Q9UKV0,nD2,461-490,869267,e2m1nA1,4268.2.1,0.526,0.0,4.5,na,na,simple_topology,1,0,subset_454,30,0,100.0
Q9UKV0,nD3,621-1010,168287,e2vqjA1,2006.1.5,1.0,1.0,56.5,0.851,1.223,good_domain,11,10,subset_454,390,2,100.0
Q9UHE8,nD1,61-320,2641374,e6y9bA1,129.1.1,1.0,1.0,33.4,0.992,2.031,good_domain,6,0,subset_454,260,2,23.846153846153847
Q6P5R6,nD1,11-120,2106243,e5xxbT1,3715.1.1,0.998,1.0,17.3,0.99,1.1,good_domain,3,6,subset_162,110,1,100.0
P83881,nD1,1-105,2096326,e5tbwAP1,375.1.1,1.0,0.997,12.2,0.971,1.875,good_domain,1,6,subset_162,105,1,100.0
P30559,nD1,"31-245,266-355",2643593,e6tpkA2,5001.1.1,0.999,1.0,35.2,0.974,1.068,good_domain,8,2,subset_162,305,2,27.21311475409836
Q9BXW9,nD1,"46-705,726-845,916-1145",2507092,e6nmgB1,109.4.1,0.989,0.0,10.1,0.556,3.531,good_domain,39,9,subset_253,1010,3,100.0
Q9BXW9,nD2,1151-1430,1018734,e3vwaA2,109.4.1,0.998,0.0,9.9,0.513,0.979,good_domain,8,0,subset_253,280,2,100.0
P07101,nD1,101-190,176905,e3mwbA2,304.8.1,0.995,0.978,8.9,0.661,1.071,good_domain,2,5,subset_253,90,1,100.0
P07101,nD2,196-525,2067738,e5jk5B1,257.1.1,0.999,1.0,47.1,0.958,1.078,good_domain,11,11,subset_253,330,2,100.0
Q9GZZ6,nD1,31-235,2527149,e6pv7A2,11.12.1,0.997,1.0,27.8,0.981,0.972,good_domain,2,10,subset_253,205,2,0.0
Q9GZZ6,nD2,"236-350,391-450",2761080,e7ektD2,5057.1.1,0.992,1.0,15.8,0.92,1.207,good_domain,5,0,subset_253,175,2,41.142857142857146
P21964,nD1,6-265,1884833,e5k0fA1,2003.1.5,0.999,0.999,37.6,0.973,1.13,good_domain,9,7,subset_476,260,2,91.92307692307692
P20711,nD1,1-370,2097507,e5gp4A2,7577.1.1,0.998,1.0,25.8,0.791,1.289,good_domain,13,8,subset_476,370,2,100.0
P20711,nD2,371-475,2472985,e6jrlA1,3016.1.1,0.996,1.0,17.5,0.875,0.946,good_domain,3,4,subset_476,105,1,100.0
P07766,nD1,26-120,2527052,e6jxrf1,11.1.1,0.998,0.997,15.6,0.957,0.88,good_domain,1,8,subset_476,95,1,0.0
P07766,nD2,126-150,2527053,e6jxrf2,3470.1.1,0.965,0.997,0.0,0.781,0.806,simple_topology,1,0,subset_476,25,0,0.0
P29320,nD1,26-200,2131245,e4m4rE4,10.1.2,0.999,1.0,27.4,0.748,1.115,good_domain,2,11,subset_378,175,2,0.0
P29320,nD2,201-260,1758626,e4m4pA2,389.1.1,1.0,1.0,16.9,0.48,1.412,good_domain,0,5,subset_378,60,0,0.0
P29320,nD3,261-320,1758626,e4m4pA2,389.1.1,1.0,1.0,16.9,0.48,1.412,simple_topology,0,2,subset_378,60,0,0.0
P29320,nD4,321-435,1770109,e4m4rE3,11.1.1,0.998,1.0,16.4,0.819,1.065,good_domain,0,8,subset_378,115,1,0.0
P29320,nD5,436-540,2806940,e7s7kA3,11.1.1,0.999,1.0,16.7,0.829,0.972,good_domain,0,7,subset_378,105,1,0.0
P29320,nD6,596-905,2706103,e7kjcA1,206.1.1,1.0,1.0,40.1,0.901,1.03,good_domain,11,10,subset_378,310,2,100.0
P29320,nD7,911-980,2706104,e7kjcA2,102.1.1,0.999,1.0,7.0,0.833,0.897,good_domain,3,0,subset_378,70,0,100.0
Q8N1C3,nD1,66-270,2388936,e6d6tE1,11.12.1,0.997,1.0,28.9,0.751,0.972,good_domain,3,11,subset_378,205,2,0.0
Q8N1C3,nD2,"271-360,436-465",2656025,e6x3tE2,5057.1.1,0.997,1.0,20.1,0.93,0.828,good_domain,4,0,subset_378,120,1,12.5
Q86V86,nD1,16-315,141175,e3a99A1,206.1.1,0.998,0.999,38.5,0.978,0.997,good_domain,10,11,subset_378,300,2,100.0
Q13309,nD1,"96-140,146-420",7186,e2astB2,207.1.1,1.0,1.0,44.4,0.965,1.127,good_domain,13,11,subset_181,320,2,100.0
P15880,nD1,51-175,2392778,e5zebe2,330.1.1,0.985,1.0,9.0,0.92,1.553,good_domain,4,3,subset_181,125,1,100.0
P15880,nD2,176-255,2127455,e4v4nBF3,212.1.1,0.997,1.0,12.8,0.899,0.556,good_domain,2,3,subset_181,80,0,100.0
Q99436,nD1,16-263,7813,e1rypH1,210.1.1,0.996,0.999,31.4,0.937,1.088,good_domain,5,12,subset_181,248,2,100.0
P51692,nD1,1-125,1563596,e3wwtA1,515.1.1,0.998,0.999,17.8,0.984,1.012,good_domain,5,0,subset_343,125,1,100.0
P51692,nD2,131-330,3791,e1fioA1,603.1.1,0.962,0.0,10.6,0.699,1.905,good_domain,4,1,subset_343,200,2,100.0
P51692,nD3,331-470,1905726,e5d39A1,11.1.5,0.994,1.0,16.0,0.908,0.909,good_domain,2,10,subset_343,140,1,100.0
P51692,nD4,471-585,1905727,e5d39A2,108.1.1,0.996,1.0,16.5,0.906,1.292,good_domain,5,3,subset_343,115,1,100.0
P51692,nD5,586-710,6616,e1uurA4,214.1.1,0.991,1.0,9.9,0.817,1.126,good_domain,4,6,subset_343,125,1,100.0
O43525,nD1,101-365,2794037,e7e7zC1,5054.1.1,0.999,0.998,16.2,0.949,1.162,good_domain,9,0,subset_343,265,2,33.20754716981132
O43525,nD2,"366-405,511-540",2166091,e6b8qG1,6170.1.1,0.981,0.99,8.3,0.985,0.838,good_domain,3,0,subset_343,70,0,100.0
O43525,nD3,546-570,217386,e3vouA1,5054.1.1,0.973,0.0,9.4,0.18,0.11,simple_topology,1,0,subset_343,25,0,100.0
O43525,nD4,621-650,2137468,e5nenB1,5086.1.1,0.563,0.0,5.8,na,na,simple_topology,1,0,subset_343,30,0,100.0
P05121,nD1,"26-355,376-400",235741,e4dteA1,4059.1.1,0.999,1.0,51.6,0.933,0.943,good_domain,8,12,subset_343,355,2,0.0
Q71SY5,nD1,11-230,2729788,e7emfY1,2006.1.6,0.997,1.0,34.9,0.959,1.043,good_domain,5,8,subset_198,220,2,100.0
Q71SY5,nD2,396-545,414138,e2ky6A1,60.1.1,0.997,1.0,19.2,0.898,0.993,good_domain,3,6,subset_198,150,1,100.0
P61313,nD1,1-200,2678856,e6zu5LN01,304.109.1,1.0,1.0,26.3,0.98,1.653,good_domain,8,4,subset_198,200,2,100.0
Q07889,nD1,6-185,52192,e1q9cE1,148.1.1,0.996,0.998,19.5,0.965,1.935,good_domain,7,2,subset_14,180,2,100.0
Q07889,nD2,196-400,2043134,e3ksyA2,133.1.1,0.997,1.0,29.4,0.976,0.976,good_domain,11,0,subset_14,205,2,100.0
Q07889,nD3,401-560,1411245,e1xd4A3,220.1.1,0.996,1.0,18.5,0.993,1.311,good_domain,4,7,subset_14,160,2,100.0
Q07889,nD4,"566-750,931-965",1411243,e1xd4A1,109.6.1,0.999,1.0,43.0,0.419,0.709,good_domain,10,4,subset_14,220,2,100.0
Q07889,nD5,"751-930,966-1045",1411243,e1xd4A1,109.6.1,0.999,1.0,43.0,0.528,0.837,good_domain,10,2,subset_14,260,2,100.0
Q16620,nD1,1-195,1406724,e4pbwA1,207.1.1,0.997,0.996,24.7,0.902,0.687,good_domain,2,7,subset_14,195,2,15.897435897435898
Q16620,nD2,196-285,1406713,e4pbvA2,11.1.1,0.998,0.997,16.5,0.908,0.833,good_domain,0,8,subset_14,90,1,0.0
Q16620,nD3,286-380,256833,e1wwbX1,11.1.1,0.996,0.98,13.0,0.796,0.88,good_domain,1,7,subset_14,95,1,0.0
Q16620,nD4,506-815,2542775,e6kzdA1,206.1.1,0.994,0.999,38.4,0.884,1.03,good_domain,12,9,subset_14,310,2,100.0
Q15842,nD1,51-180,1506483,e3spgA1,5054.1.1,0.998,1.0,17.0,0.818,0.57,good_domain,4,0,subset_14,130,1,19.23076923076923
Q15842,nD2,186-370,2487481,e6jb1E1,11.1.1,0.997,1.0,26.2,0.957,1.713,good_domain,4,11,subset_14,185,2,100.0
Q15842,nD3,371-400,2722216,e7dcoD13,11.1.1,0.643,0.0,3.7,na,na,simple_topology,1,0,subset_14,30,0,100.0
P14778,nD1,21-115,223109,e4gafB1,11.1.1,0.999,1.0,18.0,0.901,0.88,good_domain,1,8,subset_14,95,1,0.0
P14778,nD2,116-220,223110,e4gafB2,11.1.1,0.998,1.0,19.7,0.961,0.972,good_domain,2,7,subset_14,105,1,0.0
P14778,nD3,226-360,39045,e1g0yR3,11.1.1,0.999,1.0,21.1,0.981,1.25,good_domain,2,8,subset_14,135,1,2.962962962962963
P14778,nD4,361-540,1684203,e4w8hA1,2007.9.1,0.992,0.968,13.5,0.976,1.132,good_domain,6,5,subset_14,180,2,100.0
Q13207,nD1,106-285,000001871,e1h6fA1,11.1.5,0.998,1.0,30.0,0.978,1.169,good_domain,4,8,subset_362,180,2,100.0
Q96S37,nD1,41-130,na,na,na,na,na,na,na,na,low_confidence,3,4,subset_362,90,1,0.0
Q96S37,nD2,"6-40,131-330",001234866,e4gbzA4,5050.1.1,0.996,1.0,18.4,0.831,1.066,good_domain,8,1,subset_362,235,2,38.297872340425535
Q96S37,nD3,331-540,000160547,e2gfpA2,5050.1.1,0.994,0.999,10.2,0.911,0.952,good_domain,7,0,subset_362,210,2,30.952380952380953
O00231,nD1,1-280,001265934,e3txnA3,109.4.1,0.999,1.0,35.1,0.854,0.979,good_domain,14,0,subset_362,280,2,100.0
O00231,nD2,261-390,000002558,e1biaA2,101.1.2,0.973,0.0,8.2,0.984,1.368,good_domain,6,3,subset_362,130,1,100.0
O00231,nD3,396-420,002389644,e5vfpX1,3749.3.1,0.981,1.0,0.0,0.833,0.833,good_domain,1,0,subset_362,25,0,100.0
P50570,nD1,"6-515,646-745",1715956,e5d3qA1,2004.1.1,0.999,1.0,46.9,0.964,2.735,good_domain,17,8,subset_23,610,3,100.0
P50570,nD2,521-640,2390318,e6dluP1,220.1.1,0.991,1.0,11.6,0.793,0.984,good_domain,1,7,subset_23,120,1,100.0
P28472,nD1,36-240,2784791,e6qfaA1,11.12.1,0.998,1.0,32.4,0.962,0.972,good_domain,3,12,subset_23,205,2,0.0
P28472,nD2,"241-340,446-470",2656025,e6x3tE2,5057.1.1,0.994,1.0,19.5,0.922,0.862,good_domain,4,0,subset_23,125,1,18.4
Q9UI33,nD1,"16-50,76-90",1840986,e3m62A1,109.4.1,0.206,0.0,4.7,na,na,simple_topology,1,0,subset_23,50,0,100.0
Q9UI33,nD2,"426-460,491-550",2172435,e6c9aA2,5054.1.1,0.745,1.0,0.0,na,na,low_confidence,4,0,subset_23,95,1,100.0
Q9UI33,nD3,"51-75,91-440,556-830,1006-1015,1041-1610",2738801,e6bwiB1,5054.1.1,0.999,0.99,10.2,0.754,5.395,good_domain,35,9,subset_23,1230,3,37.886178861788615
Q9UI33,nD4,1616-1725,1412630,e4ovnJ1,108.1.1,0.997,0.996,13.6,0.844,1.236,good_domain,5,3,subset_23,110,1,100.0
Q9UI33,nD5,1726-1755,1154750,e4dckA2,6006.1.1,0.895,0.996,0.0,0.839,0.923,good_domain,1,1,subset_23,30,0,100.0
Q13433,nD1,"51-85,261-305",1843705,e4x82A2,108.1.1,0.993,0.988,9.4,0.688,0.899,good_domain,4,3,subset_23,80,0,0.0
Q13433,nD2,"326-450,591-745",2323937,e5tsaA1,1188.1.1,0.987,0.999,16.5,0.821,1.089,good_domain,6,0,subset_23,280,2,36.07142857142857
P61073,nD1,"31-305,326-335",2072086,e3oduA1,5001.1.1,1.0,1.0,37.8,0.955,0.998,good_domain,10,2,subset_379,285,2,20.70175438596491
P29322,nD1,31-200,2131245,e4m4rE4,10.1.2,0.999,1.0,27.9,0.726,1.083,good_domain,3,11,subset_379,170,2,0.0
P29322,nD2,201-260,1758626,e4m4pA2,389.1.1,1.0,1.0,18.5,0.463,1.412,good_domain,0,6,subset_379,60,0,0.0
P29322,nD3,261-325,1758626,e4m4pA2,389.1.1,1.0,1.0,18.5,0.52,1.529,simple_topology,0,2,subset_379,65,0,0.0
P29322,nD4,326-435,2723351,e7k7jA1,11.1.1,0.999,1.0,15.5,0.696,1.019,good_domain,0,7,subset_379,110,1,0.0
P29322,nD5,436-545,2806940,e7s7kA3,11.1.1,0.998,1.0,17.0,0.855,1.019,good_domain,0,7,subset_379,110,1,0.0
P29322,nD6,606-920,1885540,e5j0aB1,206.1.1,0.989,0.999,17.6,0.538,1.047,good_domain,10,8,subset_379,315,2,100.0
P29322,nD7,931-1005,2706104,e7kjcA2,102.1.1,0.999,1.0,11.2,0.897,0.962,good_domain,4,0,subset_379,75,0,100.0
Q15349,nD1,31-395,1346520,e4otdA1,206.1.1,1.0,0.999,42.8,0.973,1.213,good_domain,8,8,subset_379,365,2,100.0
Q15349,nD2,401-705,1406691,e4nifD1,206.1.1,0.999,1.0,40.8,0.911,1.013,good_domain,11,9,subset_379,305,2,100.0
Q09472,nD1,331-420,1789237,e5houA1,364.1.1,0.998,0.992,12.1,0.9,0.783,good_domain,4,0,subset_179,90,1,100.0
Q09472,nD2,571-650,2037110,e5u4kA1,103.4.1,0.996,0.993,10.4,0.908,0.825,good_domain,3,0,subset_179,80,0,100.0
Q09472,nD3,1046-1165,1185019,e2r0sA3,633.1.1,0.998,0.976,11.1,0.665,0.992,good_domain,4,0,subset_179,120,1,100.0
Q09472,nD4,1171-1240,1893611,e5lktA3,376.1.1,0.995,1.0,10.1,0.819,0.897,good_domain,2,4,subset_179,70,0,100.0
Q09472,nD5,1241-1275,1824184,e5i8bA1,376.1.3,0.949,1.0,0.0,0.761,0.534,simple_topology,0,2,subset_179,35,0,100.0
Q09472,nD6,"1286-1530,1571-1660",1563533,e3q66C1,213.1.1,0.998,0.981,15.9,0.573,2.036,good_domain,10,7,subset_179,335,2,100.0
Q09472,nD7,1666-1710,2392556,e6cw3E2,376.1.1,0.99,0.93,6.2,0.789,0.577,good_domain,1,3,subset_179,45,0,100.0
Q09472,nD8,1726-1835,2331973,e6fgsA1,364.1.1,0.993,0.997,8.1,0.731,0.957,good_domain,4,0,subset_179,110,1,100.0
Q09472,nD9,2046-2090,1504232,e3aaaB2,4030.1.1,0.907,0.0,3.7,0.932,0.804,simple_topology,2,0,subset_179,45,0,100.0
P62753,nD1,1-245,1930998,e5jbhG1,239.1.1,0.994,1.0,15.1,0.896,2.207,good_domain,3,10,subset_179,245,2,100.0
P20618,nD1,21-240,1871847,e5le5Z1,210.1.1,0.997,0.999,37.6,0.995,0.965,good_domain,4,11,subset_179,220,2,100.0
P61586,nD1,1-193,1842665,e5c2kA2,2004.1.1,0.998,0.998,34.0,1.0,0.865,good_domain,5,7,subset_19,193,2,100.0
P48167,nD1,1-25,1265569,e2h7oA4,3807.1.1,0.107,0.0,6.6,na,na,simple_topology,1,0,subset_19,25,0,88.0
P48167,nD2,61-265,2772576,e7kuyE1,11.12.1,0.997,1.0,28.9,0.919,0.972,good_domain,2,13,subset_19,205,2,0.0
P48167,nD3,"266-355,471-495",2656089,e6x3zC2,5057.1.1,0.996,1.0,17.4,0.906,0.793,good_domain,4,0,subset_19,115,1,13.043478260869565
Q9H3M0,nD1,21-135,1760353,e3dryC1,226.1.1,0.993,0.993,10.5,0.573,0.983,good_domain,5,5,subset_19,115,1,100.0
Q9H3M0,nD2,"136-155,161-450",2794037,e7e7zC1,5054.1.1,1.0,0.999,21.5,0.902,1.36,good_domain,7,1,subset_19,310,2,41.61290322580645
P20916,nD1,6-140,1933634,e5lf5A1,11.1.1,0.998,1.0,24.1,1.0,1.25,good_domain,1,10,subset_19,135,1,9.62962962962963
P20916,nD2,141-235,1933637,e5lf5A4,11.1.1,1.0,1.0,19.1,0.931,0.88,good_domain,0,7,subset_19,95,1,0.0
P20916,nD3,236-325,1954718,e5t89Y2,11.1.1,1.0,1.0,9.2,0.364,0.833,good_domain,1,8,subset_19,90,1,0.0
P20916,nD4,326-410,1933636,e5lf5A3,11.1.1,1.0,1.0,17.6,0.977,0.787,good_domain,0,8,subset_19,85,0,0.0
P20916,nD5,411-540,1933638,e5lf5A5,11.1.1,0.999,1.0,16.6,0.969,1.204,good_domain,1,8,subset_19,130,1,4.615384615384615
Q14839,nD1,146-220,1714443,e2n5nA1,190.1.1,0.894,0.0,13.1,0.872,0.904,good_domain,4,0,subset_283,75,0,100.0
Q14839,nD2,371-425,151792,e2rsdA1,376.1.3,0.986,0.0,3.3,0.676,0.84,good_domain,1,2,subset_283,55,0,100.0
Q14839,nD3,446-495,2045682,e5pwhA1,376.1.3,0.989,0.853,3.9,0.904,0.763,simple_topology,0,2,subset_283,50,0,100.0
Q14839,nD4,"496-515,536-600",2562053,e6q3mC2,4.8.1,0.996,0.991,10.7,0.663,1.288,good_domain,2,3,subset_283,85,0,100.0
Q14839,nD5,606-675,2562052,e6q3mC1,4.8.1,0.994,0.991,13.8,0.897,1.061,good_domain,4,3,subset_283,70,0,100.0
Q14839,nD6,686-965,1931041,e5jxrB2,2004.1.1,0.998,1.0,26.4,0.703,1.256,good_domain,9,7,subset_283,280,2,100.0
Q14839,nD7,966-1315,2770029,e7ennK1,2004.1.1,0.996,1.0,28.7,0.695,1.57,good_domain,10,7,subset_283,350,2,100.0
Q14839,nD8,1411-1490,1826880,e2xb0X1,101.1.1,0.989,0.983,5.3,0.496,1.096,good_domain,2,2,subset_283,80,0,100.0
Q14839,nD9,"1491-1510,1696-1800",1159966,e4b4cA5,101.1.1,0.998,0.985,8.7,0.786,1.712,good_domain,5,0,subset_283,125,1,100.0
Q14839,nD10,1801-1875,184859,e2p22A1,192.15.1,0.875,0.0,6.5,0.387,0.698,good_domain,3,0,subset_283,75,0,100.0
Q14839,nD11,1876-1900,2810262,e7shnB2,1075.4.1,0.871,0.0,7.0,0.041,0.078,simple_topology,1,0,subset_283,25,0,100.0
Q9UI09,nD1,6-145,2676284,e6zkii1,1129.1.1,0.998,1.0,19.7,0.966,1.022,good_domain,3,3,subset_283,140,1,100.0
O14983,nD1,"1-40,46-110,121-240,246-335,761-1000",2707125,e7kycA3,5073.1.1,0.987,1.0,15.5,0.67,1.177,good_domain,18,9,subset_283,555,2,46.306306306306304
O14983,nD2,361-600,84393,e2zbeB4,267.1.1,0.998,1.0,41.3,1.0,1.455,good_domain,6,12,subset_283,240,2,100.0
O14983,nD3,"336-360,601-760",103651,e2zbeB5,2006.1.1,0.996,1.0,27.4,0.994,0.925,good_domain,9,7,subset_283,185,2,99.45945945945945
O76074,nD1,16-60,295026,e2f6hX1,109.4.1,0.736,0.0,5.3,na,na,simple_topology,2,0,subset_456,45,0,100.0
O76074,nD2,"91-130,136-525",416183,e3mq0B2,223.1.1,0.965,0.0,7.8,0.672,2.945,good_domain,9,11,subset_456,430,2,100.0
O76074,nD3,531-870,2396734,e6c7eA1,131.1.1,0.999,1.0,44.1,0.962,1.472,good_domain,12,0,subset_456,340,2,100.0
Q969S8,nD1,1-665,2706882,e7kutA2,2006.1.5,1.0,1.0,65.5,0.984,2.085,good_domain,21,18,subset_456,665,3,100.0
P08575,nD1,226-300,1807488,e5fmvA1,11.1.1,0.996,0.999,15.8,1.0,0.694,good_domain,0,5,subset_456,75,0,0.0
P08575,nD2,301-390,1807489,e5fmvA2,11.1.1,0.999,0.999,17.6,1.0,0.833,good_domain,2,7,subset_456,90,1,0.0
P08575,nD3,391-480,1807490,e5fmvA3,11.1.1,0.999,0.999,18.2,0.957,0.833,good_domain,0,7,subset_456,90,1,0.0
P08575,nD4,481-595,1807491,e5fmvA4,11.1.1,0.999,0.999,19.5,0.936,1.065,good_domain,1,7,subset_456,115,1,0.0
P08575,nD5,626-915,2597134,e6uztA2,2007.2.3,0.997,1.0,43.5,0.87,1.275,good_domain,6,10,subset_456,290,2,100.0
P08575,nD6,"916-990,1016-1240",278943,e1yguA2,2007.2.3,0.994,1.0,40.1,0.903,1.319,good_domain,8,10,subset_456,300,2,100.0
Q02750,nD1,41-385,2724101,e7m0xB1,206.1.1,1.0,1.0,45.4,0.994,1.146,good_domain,13,8,subset_401,345,2,100.0
Q7Z2W7,nD1,"41-55,86-420",334019,e3bq9B1,7563.1.1,0.998,0.962,10.6,0.561,1.804,good_domain,12,12,subset_401,350,2,100.0
Q7Z2W7,nD2,426-715,1548146,e3j9pD1,109.3.1,0.981,0.999,6.9,0.42,1.457,good_domain,14,2,subset_401,290,2,100.0
Q7Z2W7,nD3,"726-1025,1076-1104",2738801,e6bwiB1,5054.1.1,0.999,1.0,22.6,0.862,1.443,good_domain,9,0,subset_401,329,2,35.56231003039514
P01584,nD1,116-269,372345,e2kh2A1,6.1.1,0.997,1.0,24.1,1.0,1.027,good_domain,2,13,subset_401,154,2,100.0
O00712,nD1,"16-185,221-230",143633,e3qsvA1,378.1.1,0.981,0.508,10.6,0.853,1.111,good_domain,8,8,subset_259,180,2,100.0
Q07864,nD1,"26-100,226-265",2141160,e5okiB3,2.1.1,0.988,1.0,11.9,0.729,1.106,good_domain,2,5,subset_259,115,1,100.0
Q07864,nD2,101-225,2141159,e5okiB2,304.114.1,0.973,1.0,9.7,0.735,1.389,good_domain,4,5,subset_259,125,1,100.0
Q07864,nD3,266-495,115110,e1clqA4,2484.1.1,1.0,1.0,21.5,0.589,1.173,good_domain,6,7,subset_259,230,2,100.0
Q07864,nD4,971-1185,1121972,e4m8oA6,4969.1.1,0.999,1.0,29.1,1.0,1.265,good_domain,8,5,subset_259,215,2,100.0
Q07864,nD5,"496-775,796-970,1666-1925",1121970,e4m8oA4,304.48.1,1.0,1.0,38.1,0.97,3.272,good_domain,19,22,subset_259,715,3,100.0
Q07864,nD6,1246-1290,2774535,e6yufD1,109.4.1,0.477,0.0,5.4,na,na,simple_topology,1,0,subset_259,45,0,100.0
Q07864,nD7,"1316-1330,1446-1475",2528751,e3iayA4,2.1.1,0.918,0.0,5.6,0.236,0.433,partial_domain,2,1,subset_259,45,0,100.0
Q07864,nD8,"1331-1445,1466-1665",2528843,e3k57A5,2484.1.1,0.999,0.963,7.2,0.607,1.607,good_domain,7,13,subset_259,315,2,100.0
Q07864,nD9,"1976-2015,2046-2150",1030988,e2gmgA2,101.1.2,0.717,0.208,0.0,na,na,low_confidence,5,1,subset_259,145,1,100.0
Q07864,nD10,2151-2215,2326423,e5vbnF2,375.10.1,0.999,0.999,6.4,0.838,0.929,good_domain,1,3,subset_259,65,0,100.0
Q07864,nD11,2216-2280,2326422,e5vbnF1,375.10.1,1.0,0.999,7.8,0.969,0.929,good_domain,2,2,subset_259,65,0,100.0
P14415,nD1,36-65,2525008,e6jxhB1,3278.1.1,0.963,1.0,0.0,0.75,0.652,simple_topology,1,1,subset_259,30,0,16.666666666666668
P14415,nD2,71-290,2525009,e6jxhB2,11.1.1,0.997,1.0,29.4,0.95,2.037,good_domain,4,9,subset_259,220,2,0.0
P27815,nD1,"181-200,226-245,251-290,351-680",2445359,e6fg5A1,131.1.1,0.999,1.0,34.3,0.988,1.775,good_domain,18,1,subset_398,410,2,100.0
Q9Y5N1,nD1,"31-250,271-435",2478093,e6oijR1,5001.1.1,0.999,1.0,32.7,0.969,1.349,good_domain,7,0,subset_398,385,2,43.63636363636363
P37840,nD1,1-95,277064,e1xq8A1,3244.1.1,0.973,1.0,0.0,0.679,0.679,simple_topology,1,0,subset_398,95,1,100.0
Q05086,nD1,16-85,119234,e2kr1A1,3107.1.1,0.747,0.993,0.0,na,na,simple_topology,2,0,subset_116,70,0,100.0
Q05086,nD2,"121-170,231-385,426-480",1555749,e4ydhA1,109.4.1,0.95,0.0,5.0,0.4,0.909,good_domain,13,3,subset_116,260,2,100.0
Q05086,nD3,"481-665,681-870",2724106,e7m3qA1,261.1.1,1.0,1.0,21.8,0.877,0.997,good_domain,13,9,subset_116,375,2,100.0
Q00975,nD1,766-800,1788529,e5hk7A1,5054.1.1,0.997,0.0,12.5,0.129,0.154,partial_domain,2,1,subset_116,35,0,100.0
Q00975,nD2,"71-400,461-750,1121-1595,1601-1720",2770733,e7eebC1,5054.1.1,1.0,0.998,16.4,0.939,5.329,good_domain,34,5,subset_116,1215,3,33.16872427983539
Q00975,nD3,1721-1850,1412630,e4ovnJ1,108.1.1,0.989,0.995,7.6,0.705,1.461,good_domain,6,2,subset_116,130,1,100.0
Q12791,nD1,"86-115,151-390",2563983,e6v22A1,5054.1.1,0.997,1.0,37.4,0.96,1.184,good_domain,9,1,subset_116,270,2,21.11111111111111
Q12791,nD2,396-565,176891,e3nafA1,2003.1.1,0.997,1.0,25.8,0.949,0.867,good_domain,6,6,subset_116,170,2,100.0
Q12791,nD3,566-690,1937966,e5tj6A5,4261.1.1,0.996,1.0,17.7,0.916,1.374,good_domain,4,5,subset_116,125,1,100.0
Q12791,nD4,"801-955,996-1040",1383223,e3nafA2,2003.1.1,0.996,1.0,26.6,0.884,1.02,good_domain,8,7,subset_116,200,2,100.0
Q12791,nD5,1041-1180,2803625,e7pxeD3,4261.1.1,0.995,1.0,15.3,0.961,1.538,good_domain,4,6,subset_116,140,1,100.0
Q02556,nD1,11-115,45859,e2irfL1,101.1.2,0.998,0.999,18.3,0.954,1.105,good_domain,3,3,subset_28,105,1,100.0
Q02556,nD2,191-395,169139,e3dshA1,73.1.1,0.993,1.0,19.1,0.809,1.708,good_domain,4,10,subset_28,205,2,100.0
Q9UHC9,nD1,26-275,119525,e3qntA1,543.1.1,0.997,1.0,36.5,0.984,1.534,good_domain,7,7,subset_28,250,2,0.0
Q9UHC9,nD2,"301-820,826-1045,1066-1295",2816603,e7dfwA1,5067.1.1,0.997,1.0,31.5,0.915,4.429,good_domain,27,18,subset_28,970,3,15.77319587628866
P26439,nD1,1-365,9037,e1gy8A1,2003.1.1,0.998,0.999,31.0,0.809,1.862,good_domain,12,11,subset_28,365,2,100.0
P43626,nD1,21-120,2449452,e6grtB3,11.1.1,1.0,0.997,21.5,0.47,0.926,good_domain,1,8,subset_28,100,1,1.0
P43626,nD2,121-230,2642818,e6zdxB1,11.1.1,1.0,0.997,23.0,0.5,1.019,good_domain,0,9,subset_28,110,1,0.0
Q13115,nD1,6-170,10140,e1yt8A1,2007.2.5,0.992,0.99,8.8,0.765,1.231,good_domain,6,6,subset_139,165,2,100.0
Q13115,nD2,186-345,163138,e2g6zA1,2007.2.3,0.992,0.998,27.5,1.0,0.703,good_domain,6,5,subset_139,160,2,100.0
P11511,nD1,26-495,150462,e3s79A1,149.1.1,1.0,1.0,63.7,0.998,1.166,good_domain,14,12,subset_139,470,2,97.65957446808511
P30989,nD1,36-390,2584014,e6up7R1,5001.1.1,1.0,1.0,39.0,0.949,1.243,good_domain,8,2,subset_139,355,2,31.267605633802816
P18825,nD1,"36-280,341-460",1273955,e3pblA3,5001.1.1,0.999,1.0,33.1,0.92,1.278,good_domain,7,0,subset_97,365,2,39.45205479452055
Q14790,nD1,1-95,1907276,e5jqeA3,110.1.1,0.998,0.998,20.1,0.95,0.99,good_domain,6,1,subset_97,95,1,100.0
Q14790,nD2,96-190,2832705,e7lvjA1,110.1.1,0.996,0.999,17.1,0.977,0.99,good_domain,4,1,subset_97,95,1,100.0
Q14790,nD3,221-479,111209,e2funB1,7575.1.1,0.999,1.0,38.6,0.942,1.002,good_domain,6,10,subset_97,259,2,100.0
O14793,nD1,"46-105,116-260,276-375",2152691,e5ntuA1,10.2.1,1.0,1.0,20.3,0.829,1.317,good_domain,6,16,subset_97,305,2,0.0
Q9NQB0,nD1,351-425,2423,e2lefA1,190.1.1,0.996,0.983,4.5,0.872,0.904,good_domain,3,0,subset_132,75,0,100.0
P20815,nD1,11-500,2146329,e5veuC1,149.1.1,1.0,1.0,60.4,0.998,1.216,good_domain,14,10,subset_132,490,2,96.93877551020408
P13612,nD1,"1-30,36-465",985759,e3v4vC2,5.1.4,0.969,1.0,66.7,0.995,1.281,good_domain,5,29,subset_132,460,2,6.521739130434782
P13612,nD2,"466-585,601-620",1543187,e4irzA1,11.1.1,0.999,1.0,19.1,0.863,1.296,good_domain,0,9,subset_132,140,1,0.0
P13612,nD3,626-770,1140450,e4nehA2,11.1.1,0.998,1.0,16.1,0.905,1.343,good_domain,1,8,subset_132,145,1,0.0
P13612,nD4,"771-860,886-995",136546,e3ijeA2,11.1.1,0.992,1.0,16.4,0.821,1.852,good_domain,2,12,subset_132,200,2,0.0
P11388,nD1,16-265,75203,e1qzrA2,225.1.1,0.996,1.0,35.5,0.992,1.359,good_domain,5,10,subset_377,250,2,100.0
P11388,nD2,266-430,2126501,e4gfhA3,212.1.1,0.995,1.0,22.1,0.89,1.146,good_domain,4,5,subset_377,165,2,100.0
P11388,nD3,431-715,1262146,e4fm9A7,2006.1.3,0.995,1.0,33.5,0.996,2.096,good_domain,9,9,subset_377,285,2,100.0
P11388,nD4,716-845,2443872,e6ca8A5,101.1.2,0.997,1.0,19.4,1.0,1.368,good_domain,3,4,subset_377,130,1,100.0
P11388,nD5,846-1015,1262124,e3qx3A12,4014.1.1,1.0,1.0,16.6,1.0,0.934,good_domain,3,12,subset_377,170,2,100.0
P11388,nD6,1016-1190,1165371,e4g0vB13,4016.1.1,0.994,1.0,17.2,0.855,1.174,good_domain,5,0,subset_377,175,2,100.0
P34969,nD1,61-440,2156947,e5v54B1,5001.1.1,0.999,1.0,33.1,0.918,1.331,good_domain,9,0,subset_377,380,2,40.0
P22694,nD1,11-350,2165061,e5n1fA1,206.1.1,1.0,1.0,54.8,0.988,1.13,good_domain,10,8,subset_377,340,2,100.0
O00571,nD1,"136-410,601-610",1507990,e4px9C1,2004.1.1,0.999,0.999,44.4,0.985,1.278,good_domain,11,8,subset_10,285,2,100.0
O00571,nD2,411-585,1716066,e5e7jA1,2004.1.1,0.997,1.0,29.0,0.843,0.785,good_domain,7,6,subset_10,175,2,100.0
Q71U36,nD1,1-245,1254562,e4drxC4,2003.1.6,0.999,1.0,35.1,0.963,1.189,good_domain,9,7,subset_10,245,2,100.0
Q71U36,nD2,246-445,151217,e4drxB1,301.6.1,0.995,1.0,16.1,0.995,1.37,good_domain,5,4,subset_10,200,2,100.0
P63252,nD1,41-185,1506483,e3spgA1,5054.1.1,0.997,1.0,17.7,0.953,0.636,good_domain,4,0,subset_10,145,1,34.48275862068966
P63252,nD2,186-370,2487481,e6jb1E1,11.1.1,0.996,1.0,24.7,0.984,1.713,good_domain,4,11,subset_10,185,2,100.0
P18627,nD1,"21-70,96-170",142415,e3alpA1,11.1.1,0.997,0.998,13.3,0.963,1.157,good_domain,3,8,subset_10,125,1,0.0
P18627,nD2,171-260,1954718,e5t89Y2,11.1.1,0.999,0.999,9.9,0.373,0.833,good_domain,1,8,subset_10,90,1,0.0
P18627,nD3,"261-430,446-475",415216,e3qs7F3,11.1.1,0.984,0.0,8.3,0.918,1.852,good_domain,3,12,subset_10,200,2,2.0
Q16236,nD1,41-70,2430620,e6mg1A1,105.1.1,0.538,0.0,3.5,na,na,simple_topology,1,0,subset_90,30,0,100.0
Q16236,nD2,446-525,3916,e1sknP1,137.1.1,0.991,0.998,9.7,1.0,0.988,good_domain,5,1,subset_90,80,0,100.0
Q16236,nD3,526-565,401830,e2wt7B1,137.1.1,0.923,0.996,0.0,0.378,0.494,simple_topology,1,1,subset_90,40,0,100.0
Q99808,nD1,6-240,2526339,e6ob7A1,5050.1.1,0.999,1.0,27.8,1.0,1.066,good_domain,6,0,subset_90,235,2,17.4468085106383
Q99808,nD2,276-455,2559754,e6ob7A2,5050.1.1,0.996,1.0,21.4,1.0,0.816,good_domain,5,1,subset_90,180,2,28.333333333333332
O60341,nD1,171-270,1270796,e2xasA6,101.1.1,0.998,1.0,21.6,0.971,1.37,good_domain,5,0,subset_90,100,1,100.0
O60341,nD2,"276-655,761-835",2321300,e4gurA3,2003.1.2,0.998,1.0,34.0,0.751,1.936,good_domain,10,16,subset_90,455,2,100.0
O60341,nD3,656-760,1879033,e5l3dA3,244.1.1,0.991,1.0,15.4,0.963,0.972,good_domain,2,5,subset_90,105,1,100.0
P33681,nD1,31-140,1162816,e4bfiA3,11.1.1,0.999,0.995,12.6,0.5,1.019,good_domain,2,9,subset_90,110,1,3.6363636363636362
P33681,nD2,141-235,1220114,e3rnqB4,11.1.1,1.0,0.997,13.4,0.455,0.88,good_domain,0,8,subset_90,95,1,0.0
P33681,nD3,246-280,1764134,e2n2aA1,3569.1.1,0.881,0.932,0.0,0.31,0.603,simple_topology,1,0,subset_90,35,0,34.285714285714285
P20340,nD1,6-200,143788,e2y8eA1,2004.1.1,0.998,0.999,28.1,1.0,0.874,good_domain,6,6,subset_242,195,2,100.0
P31327,nD1,46-195,1717077,e5douD8,2487.1.1,0.998,1.0,31.3,0.98,0.932,good_domain,3,8,subset_242,150,1,100.0
P31327,nD2,196-420,2056876,e5dotA4,2007.1.1,0.997,1.0,42.4,0.995,1.061,good_domain,4,12,subset_242,225,2,100.0
P31327,nD3,421-545,2056877,e5dotA5,2003.1.10,0.996,1.0,19.1,0.823,1.152,good_domain,4,4,subset_242,125,1,100.0
P31327,nD4,816-970,1717076,e5douD7,101.1.2,0.998,1.0,20.0,1.0,1.632,good_domain,7,2,subset_242,155,2,100.0
P31327,nD5,"546-815,1086-1350",1717072,e5douD3,206.1.3,1.0,1.0,29.6,0.932,2.388,good_domain,14,22,subset_242,535,2,100.0
P31327,nD6,971-1085,1717074,e5douD5,2003.1.10,0.998,1.0,25.0,0.966,1.06,good_domain,4,5,subset_242,115,1,100.0
P31327,nD7,1351-1495,2482227,e5dotA1,7543.1.1,0.997,1.0,22.7,0.916,0.948,good_domain,7,5,subset_242,145,1,100.0
P39877,nD1,21-138,156915,e1pwoA1,371.1.1,0.998,1.0,17.6,0.935,0.967,good_domain,3,2,subset_242,118,1,0.0
P05412,nD1,251-320,401830,e2wt7B1,137.1.1,0.964,0.985,0.0,0.733,0.864,simple_topology,1,0,subset_79,70,0,100.0
Q15858,nD1,"11-35,51-455,676-715,721-980,986-1015,1141-1495,1501-1770",2816920,e7f57A3,5054.1.1,0.994,0.0,7.3,0.59,6.075,good_domain,37,9,subset_79,1385,3,42.74368231046932
Q15858,nD2,1771-1885,1412630,e4ovnJ1,108.1.1,0.992,0.997,11.6,0.877,1.292,good_domain,5,4,subset_79,115,1,100.0
Q15858,nD3,1886-1915,1154750,e4dckA2,6006.1.1,0.917,0.997,0.0,0.968,0.923,good_domain,1,1,subset_79,30,0,100.0
P35228,nD1,81-500,412216,e3n65B1,262.1.1,0.998,1.0,55.2,0.971,1.082,good_domain,12,16,subset_79,420,2,100.0
P35228,nD2,511-705,10003,e1tllA2,2007.2.1,0.996,1.0,27.0,0.878,1.114,good_domain,7,5,subset_79,195,2,100.0
P35228,nD3,"706-780,901-965",1918525,e5tr9A2,1.1.7,0.997,0.991,11.4,0.93,1.261,good_domain,4,8,subset_79,140,1,100.0
P35228,nD4,781-900,1345910,e1tllA1,3687.1.1,0.997,1.0,17.8,0.902,0.952,good_domain,7,5,subset_79,120,1,100.0
P35228,nD5,966-1140,2088108,e5o0xA2,7514.1.1,0.996,0.992,9.4,0.721,1.195,good_domain,7,5,subset_79,175,2,100.0
P01570,nD1,1-25,2736827,e6z0cC1,150.1.1,0.067,0.0,6.1,na,na,simple_topology,1,0,subset_79,25,0,92.0
P01570,nD2,26-189,143314,e3oq3A1,150.3.1,0.999,1.0,24.4,0.982,1.086,good_domain,7,0,subset_79,164,2,0.0
P10828,nD1,106-205,1298718,e4ummE1,377.1.1,0.996,0.978,9.8,0.839,2.0,good_domain,3,2,subset_468,100,1,100.0
P10828,nD2,206-460,389631,e3ilzA1,188.1.1,0.999,0.999,36.2,0.906,1.054,good_domain,9,3,subset_468,255,2,100.0
Q9UM47,nD1,46-80,2082918,e5mwbA3,389.1.1,1.0,0.0,6.2,0.805,0.824,simple_topology,0,2,subset_468,35,0,0.0
Q9UM47,nD2,81-120,399287,e3nt1B2,389.1.1,1.0,0.0,5.8,0.902,0.941,simple_topology,0,2,subset_468,40,0,0.0
Q9UM47,nD3,121-160,1117654,e3ojyA4,389.1.1,1.0,0.0,3.0,0.895,0.941,simple_topology,0,2,subset_468,40,0,0.0
Q9UM47,nD4,161-195,1855231,e5fm9A5,389.1.1,1.0,0.964,4.7,0.875,0.824,good_domain,0,2,subset_468,35,0,0.0
Q9UM47,nD5,201-235,1821441,e5fmaA3,389.1.1,1.0,0.964,4.1,0.875,0.824,good_domain,0,2,subset_468,35,0,0.0
Q9UM47,nD6,236-275,222712,e4bdwA1,389.1.1,1.0,0.0,4.3,0.947,0.941,simple_topology,0,2,subset_468,40,0,0.0
Q9UM47,nD7,276-315,2082906,e5mvxA5,389.1.1,0.999,0.0,4.7,0.951,0.941,good_domain,1,2,subset_468,40,0,0.0
Q9UM47,nD8,316-350,2075178,e5ky4B1,389.1.1,1.0,0.0,3.5,0.917,0.824,simple_topology,0,2,subset_468,35,0,0.0
Q9UM47,nD9,351-390,2075178,e5ky4B1,389.1.1,1.0,0.0,3.8,0.944,0.941,simple_topology,0,2,subset_468,40,0,0.0
Q9UM47,nD10,391-430,2082918,e5mwbA3,389.1.1,1.0,0.0,6.0,0.927,0.941,simple_topology,0,2,subset_468,40,0,0.0
Q9UM47,nD11,431-470,2099351,e5l0rB1,389.1.1,1.0,0.0,6.4,0.975,0.941,simple_topology,0,2,subset_468,40,0,0.0
Q9UM47,nD12,471-505,1821440,e5fmaA2,389.1.1,1.0,0.0,5.7,0.875,0.824,simple_topology,0,2,subset_468,35,0,0.0
Q9UM47,nD13,506-545,2102583,e5uk5A4,389.1.1,1.0,0.0,4.2,0.95,0.941,simple_topology,0,2,subset_468,40,0,0.0
Q9UM47,nD14,546-580,1821441,e5fmaA3,389.1.1,1.0,0.957,2.9,0.875,0.824,good_domain,0,2,subset_468,35,0,0.0
Q9UM47,nD15,581-620,1878263,e4xbmB6,389.1.1,1.0,0.0,4.8,0.974,0.941,good_domain,1,2,subset_468,40,0,0.0
Q9UM47,nD16,621-655,2646132,e6polF3,389.1.1,0.999,0.0,3.5,0.778,0.824,simple_topology,0,2,subset_468,35,0,0.0
Q9UM47,nD17,661-685,2075181,e5ky5B1,389.1.1,1.0,0.0,3.6,0.625,0.588,simple_topology,0,2,subset_468,25,0,0.0
Q9UM47,nD18,701-730,2392015,e6cxoA4,389.1.1,1.0,0.0,2.7,0.811,0.706,simple_topology,0,2,subset_468,30,0,0.0
Q9UM47,nD19,736-770,1878263,e4xbmB6,389.1.1,0.99,0.998,0.0,0.897,0.824,good_domain,0,2,subset_468,35,0,0.0
Q9UM47,nD20,776-810,223902,e3t5oA5,389.1.1,1.0,0.0,4.2,0.895,0.824,good_domain,1,2,subset_468,35,0,0.0
Q9UM47,nD21,811-850,8456,e1g1tA2,389.1.1,1.0,0.0,6.2,1.0,0.941,simple_topology,0,2,subset_468,40,0,0.0
Q9UM47,nD22,851-890,222712,e4bdwA1,389.1.1,1.0,0.0,4.7,1.0,0.941,simple_topology,0,2,subset_468,40,0,0.0
Q9UM47,nD23,891-925,2075181,e5ky5B1,389.1.1,1.0,0.0,4.5,0.875,0.824,simple_topology,0,2,subset_468,35,0,0.0
Q9UM47,nD24,926-960,2082918,e5mwbA3,389.1.1,1.0,0.0,6.2,0.854,0.824,good_domain,1,2,subset_468,35,0,0.0
Q9UM47,nD25,961-1000,222712,e4bdwA1,389.1.1,1.0,0.0,4.4,0.921,0.941,good_domain,1,2,subset_468,40,0,0.0
Q9UM47,nD26,1001-1035,140353,e3ltfD1,389.1.1,1.0,0.0,4.3,0.596,0.824,good_domain,1,2,subset_468,35,0,0.0
Q9UM47,nD27,1036-1085,1117654,e3ojyA4,389.1.1,0.999,0.0,3.2,0.895,1.176,good_domain,2,2,subset_468,50,0,0.0
Q9UM47,nD28,1086-1125,1117654,e3ojyA4,389.1.1,1.0,0.0,3.0,0.895,0.941,good_domain,1,2,subset_468,40,0,0.0
Q9UM47,nD29,1126-1160,222712,e4bdwA1,389.1.1,1.0,0.0,4.9,0.921,0.824,simple_topology,0,2,subset_468,35,0,0.0
Q9UM47,nD30,1161-1205,1721622,e4ylqL3,389.1.1,0.999,0.0,5.8,0.902,1.059,simple_topology,0,2,subset_468,45,0,0.0
Q9UM47,nD31,1206-1245,2075178,e5ky4B1,389.1.1,1.0,0.0,3.9,0.944,0.941,simple_topology,0,2,subset_468,40,0,0.0
Q9UM47,nD32,1246-1290,2082918,e5mwbA3,389.1.1,1.0,0.0,6.2,0.951,1.059,simple_topology,0,2,subset_468,45,0,0.0
Q9UM47,nD33,1336-1375,2082918,e5mwbA3,389.1.1,1.0,0.0,6.5,0.927,0.941,simple_topology,0,2,subset_468,40,0,0.0
Q9UM47,nD34,1386-1425,119385,e3i08A1,917.1.1,0.986,1.0,0.0,1.0,1.026,good_domain,1,0,subset_468,40,0,0.0
Q9UM47,nD35,1426-1460,2770289,e6xswX4,917.1.1,0.99,1.0,0.0,0.875,0.897,good_domain,1,0,subset_468,35,0,0.0
Q9UM47,nD36,1466-1505,119387,e3i08A3,917.1.1,0.986,1.0,0.0,0.952,1.026,good_domain,2,0,subset_468,40,0,0.0
Q9UM47,nD37,1506-1635,1680290,e4zlpA4,304.127.1,0.998,1.0,15.6,0.886,1.15,good_domain,2,6,subset_468,130,1,0.0
Q9UM47,nD38,1746-2045,2524053,e6py8F1,109.3.1,1.0,0.999,25.6,0.879,1.508,good_domain,14,1,subset_468,300,2,100.0
P50553,nD1,121-185,2795352,e7f2fB1,105.1.1,0.995,0.965,6.3,0.691,0.97,simple_topology,2,0,subset_299,65,0,100.0
P03891,nD1,6-345,2795587,e7f9oQ1,3281.1.1,1.0,1.0,36.0,0.468,0.69,good_domain,16,2,subset_299,340,2,25.88235294117647
A5LHX3,nD1,27-260,1871844,e5le5K1,210.1.1,0.995,0.999,33.3,1.0,1.026,good_domain,6,12,subset_299,234,2,100.0
Q9NPI8,nD1,"1-50,81-145",1394622,e2pftA1,109.4.1,0.788,0.0,4.1,na,na,low_confidence,5,0,subset_263,115,1,100.0
Q9NPI8,nD2,161-355,184630,e2iqcA1,109.4.1,0.997,1.0,21.0,0.849,0.682,good_domain,8,2,subset_263,195,2,100.0
Q9BQB6,nD1,6-163,2715285,e6wvhB2,633.22.1,0.999,0.999,26.9,0.98,0.994,good_domain,5,2,subset_263,158,2,14.556962025316455
Q9NQS5,nD1,"6-240,296-395",2475326,e6me2A1,5001.1.1,0.999,1.0,30.5,0.872,1.173,good_domain,6,3,subset_263,335,2,35.223880597014926
O15119,nD1,"101-214,241-300",1871,e1h6fA1,11.1.5,0.998,1.0,28.0,0.94,1.13,good_domain,4,8,subset_112,174,2,100.0
P08912,nD1,"11-230,421-530",2420829,e5zkcA2,5001.1.1,0.999,1.0,36.8,0.979,1.156,good_domain,8,0,subset_112,330,2,31.515151515151516
Q9NZ08,nD1,36-255,2814163,e7pfsA3,4081.1.1,0.997,1.0,33.3,0.969,1.063,good_domain,1,13,subset_112,220,2,0.0
Q9NZ08,nD2,"256-490,511-530",2814162,e7pfsA2,2498.1.1,0.997,1.0,39.3,0.917,1.016,good_domain,7,6,subset_112,255,2,0.0
Q9NZ08,nD3,531-615,2561035,e6ea4B1,11.1.1,0.993,1.0,15.5,0.923,0.787,good_domain,1,7,subset_112,85,0,0.0
Q9NZ08,nD4,616-935,2781842,e7mwbB1,109.4.1,0.997,1.0,38.3,0.958,1.119,good_domain,16,0,subset_112,320,2,0.0
Q9H461,nD1,31-150,92006,e1ijyB1,543.1.1,0.994,0.992,16.7,0.975,0.736,good_domain,4,1,subset_112,120,1,0.0
Q9H461,nD2,"231-345,386-630",2644424,e6ww2R2,5001.1.1,1.0,1.0,37.3,0.951,1.261,good_domain,8,4,subset_112,360,2,21.666666666666668
Q8IX07,nD1,86-195,1854697,e2n1iA1,70.3.1,0.987,0.979,5.8,0.483,0.663,good_domain,0,7,subset_369,110,1,100.0
Q8IX07,nD2,226-275,1178567,e2dmdA6,386.1.1,0.994,0.0,3.3,1.0,1.515,simple_topology,2,0,subset_369,50,0,100.0
Q8IX07,nD3,281-375,8326,e1bhiA1,386.1.1,0.993,0.0,3.3,1.0,2.879,good_domain,3,2,subset_369,95,1,100.0
Q8IX07,nD4,576-600,222312,e2lvhA1,386.1.1,0.996,0.431,2.1,0.556,0.758,good_domain,1,2,subset_369,25,0,100.0
Q8IX07,nD5,816-840,153732,e2m0dA1,386.1.1,0.999,0.961,2.7,0.8,0.758,simple_topology,1,0,subset_369,25,0,100.0
Q8IX07,nD6,851-875,2714970,e6wmiD3,386.1.1,0.975,0.983,0.0,0.923,0.758,simple_topology,1,0,subset_369,25,0,100.0
Q8IX07,nD7,971-1000,90842,e1fv5A1,386.1.1,0.996,0.949,2.6,0.778,0.909,good_domain,1,2,subset_369,30,0,100.0
Q05513,nD1,16-120,6188,e1wmhA1,221.1.1,0.996,0.987,14.2,0.988,1.117,good_domain,2,5,subset_369,105,1,100.0
Q05513,nD2,126-180,1393696,e4l9mA3,376.1.2,0.998,0.966,9.9,0.929,0.887,good_domain,0,4,subset_369,55,0,100.0
Q05513,nD3,241-590,2641899,e6z55A1,206.1.1,0.997,0.999,24.4,0.55,1.163,good_domain,11,9,subset_369,350,2,100.0
Q9UNM6,nD1,1-260,2096951,e5o01B1,109.4.1,0.996,0.676,11.8,0.724,0.909,good_domain,14,0,subset_369,260,2,100.0
Q9UNM6,nD2,261-340,1885003,e5l4kO1,101.1.2,0.99,1.0,13.4,0.988,0.842,good_domain,3,3,subset_369,80,0,100.0
Q9UNM6,nD3,341-370,1725545,e3jckF1,3749.1.1,0.963,1.0,0.0,0.811,0.769,simple_topology,1,0,subset_369,30,0,100.0
P00797,nD1,31-405,223538,e4amtA1,1.1.1,0.991,1.0,53.2,0.913,2.107,good_domain,6,22,subset_396,375,2,0.0
P32239,nD1,51-410,2565169,e6todB1,5001.1.1,0.999,1.0,32.9,0.885,1.261,good_domain,8,2,subset_396,360,2,38.333333333333336
P21589,nD1,26-330,2666107,e7jv8C2,246.2.1,0.998,1.0,53.6,0.987,1.03,good_domain,8,15,subset_396,305,2,0.32786885245901637
P21589,nD2,331-550,2137449,e5h7wB2,805.1.1,0.997,1.0,36.2,0.969,1.0,good_domain,8,10,subset_396,220,2,0.0
P22626,nD1,16-100,2103379,e5kw6A1,304.9.1,0.998,0.998,12.4,0.842,0.895,good_domain,3,5,subset_17,85,0,100.0
P22626,nD2,101-200,1275545,e2lyvA3,304.9.1,0.997,0.999,12.5,0.905,1.053,good_domain,3,5,subset_17,100,1,100.0
P14867,nD1,41-250,2432618,e6hugD1,11.12.1,0.998,1.0,30.9,0.977,0.995,good_domain,4,12,subset_17,210,2,0.0
P14867,nD2,"251-350,401-455",2656025,e6x3tE2,5057.1.1,0.991,1.0,19.2,0.953,1.069,good_domain,4,0,subset_17,155,2,27.096774193548388
Q03721,nD1,36-160,1760353,e3dryC1,226.1.1,0.992,0.992,11.0,0.579,1.068,good_domain,4,4,subset_17,125,1,100.0
Q03721,nD2,206-490,2172435,e6c9aA2,5054.1.1,0.999,0.998,9.3,0.464,1.25,good_domain,8,2,subset_17,285,2,26.666666666666668
P26715,nD1,111-233,166605,e3bdwB1,209.1.1,0.998,0.995,22.4,0.967,0.953,good_domain,2,6,subset_17,123,1,0.0
P51531,nD1,176-210,002083035,e5nnpA1,109.4.1,0.618,0.0,4.1,na,na,simple_topology,2,0,subset_224,35,0,100.0
P51531,nD2,341-400,000375927,e3k6cD1,150.1.1,0.921,0.0,5.3,0.598,0.37,simple_topology,2,0,subset_224,60,0,100.0
P51531,nD3,426-510,na,na,na,na,na,na,na,na,simple_topology,1,0,subset_224,85,0,100.0
P51531,nD4,591-630,002570789,e6sy2A1,822.2.1,0.988,0.249,6.6,0.816,0.571,good_domain,1,2,subset_224,40,0,100.0
P51531,nD5,"511-545,706-910,931-955",001931041,e5jxrB2,2004.1.1,0.998,1.0,24.1,0.669,1.188,good_domain,11,6,subset_224,265,2,100.0
P51531,nD6,"956-1305,1331-1355",002770029,e7ennK1,2004.1.1,0.998,1.0,26.8,0.689,1.682,good_domain,13,8,subset_224,375,2,100.0
P51531,nD7,1371-1510,001184898,e3u5nB8,633.1.1,0.999,0.967,11.9,0.736,1.157,good_domain,5,0,subset_224,140,1,100.0
P32969,nD1,1-85,002675858,e6zj3LT1,318.1.1,0.999,1.0,16.2,0.977,0.929,good_domain,1,6,subset_224,85,0,100.0
P32969,nD2,86-190,002106229,e5xxbH2,318.1.1,0.998,1.0,19.3,1.0,1.148,good_domain,2,6,subset_224,105,1,100.0
O60603,nD1,26-230,001692183,e4z0cA1,207.1.1,0.999,0.998,23.4,0.4,0.722,good_domain,1,9,subset_224,205,2,0.0
O60603,nD2,231-625,001070221,e4kt1A1,207.1.1,0.996,0.999,25.1,0.386,1.391,good_domain,9,14,subset_224,395,2,4.050632911392405
O60603,nD3,636-784,002782858,e7nuwA1,2007.9.1,0.997,0.989,19.6,0.918,0.937,good_domain,4,4,subset_224,149,1,100.0
P00918,nD1,6-260,002595250,e6vj3A1,62.1.1,0.997,1.0,45.7,0.988,0.994,good_domain,3,11,subset_408,255,2,0.0
Q99928,nD1,41-250,002388936,e6d6tE1,11.12.1,0.996,1.0,27.8,0.755,0.995,good_domain,3,11,subset_408,210,2,0.0
Q99928,nD2,"251-355,436-465",002656025,e6x3tE2,5057.1.1,0.993,1.0,16.2,0.961,0.931,good_domain,4,0,subset_408,135,1,21.48148148148148
Q99816,nD1,6-140,001787789,e4yc1B1,216.1.1,0.999,1.0,27.0,0.931,0.885,good_domain,3,5,subset_408,135,1,100.0
Q99816,nD2,"226-305,311-385",na,na,na,na,na,na,na,na,low_confidence,3,0,subset_408,155,2,100.0
Q7Z7E8,nD1,41-170,341375,e2yz0A1,216.1.1,0.984,0.955,8.0,0.681,0.852,good_domain,3,4,subset_291,130,1,100.0
Q7Z7E8,nD2,226-410,6533,e1zuoA1,216.1.1,0.998,0.995,29.3,1.0,1.213,good_domain,6,6,subset_291,185,2,100.0
Q9P0J0,nD1,26-140,2105883,e5xtcW1,1132.1.1,1.0,1.0,10.3,0.966,0.927,good_domain,2,0,subset_291,115,1,80.8695652173913
Q07002,nD1,"21-45,91-100,126-460",1921768,e5g6vA1,206.1.1,1.0,1.0,41.4,0.952,1.229,good_domain,13,8,subset_291,370,2,100.0
P55317,nD1,171-260,2443853,e6akpC1,101.1.2,0.998,0.997,15.6,0.859,0.947,good_domain,4,3,subset_113,90,1,100.0
O95136,nD1,11-315,1266873,e3v2yA10,5001.1.1,0.999,1.0,37.3,0.905,1.068,good_domain,9,1,subset_113,305,2,26.557377049180328
Q8TBC4,nD1,"36-230,311-365",1873036,e3dbhD3,2003.1.9,0.999,1.0,43.4,0.969,0.969,good_domain,7,9,subset_113,250,2,100.0
Q8TBC4,nD2,"26-35,231-310",1870427,e1yovB3,6076.1.1,0.995,1.0,18.2,1.0,0.61,good_domain,4,0,subset_113,90,1,100.0
Q8TBC4,nD3,366-460,151386,e2lq7A1,221.7.1,0.994,0.989,12.8,0.866,0.864,good_domain,2,6,subset_113,95,1,100.0
P43121,nD1,21-130,1162816,e4bfiA3,11.1.1,0.999,0.988,11.0,0.505,1.019,good_domain,2,8,subset_113,110,1,2.727272727272727
P43121,nD2,131-245,1162816,e4bfiA3,11.1.1,0.999,0.988,11.0,0.437,1.065,good_domain,0,8,subset_113,115,1,0.0
P43121,nD3,246-340,2124038,e5vkjA1,11.1.1,0.999,0.997,10.6,0.955,0.88,good_domain,1,8,subset_113,95,1,0.0
P43121,nD4,341-430,2721089,e6lynC2,11.1.1,1.0,0.997,17.0,0.938,0.833,good_domain,1,8,subset_113,90,1,0.0
P43121,nD5,"431-525,561-585",1400801,e4r6uC2,11.1.1,0.999,0.997,11.8,0.848,1.111,good_domain,2,7,subset_113,120,1,4.166666666666667
P13569,nD1,"1-375,826-1170",2416348,e6msmA2,1075.4.1,1.0,1.0,24.0,0.945,2.233,good_domain,16,2,subset_387,720,3,53.333333333333336
P13569,nD2,"381-415,436-670,1171-1460",2814625,e7msmx1,2004.1.1,0.997,0.985,17.5,0.815,2.511,good_domain,16,20,subset_387,560,2,100.0
P47869,nD1,31-250,2432618,e6hugD1,11.12.1,0.998,1.0,31.8,1.0,1.043,good_domain,4,12,subset_387,220,2,0.0
P47869,nD2,"251-365,401-450",2656025,e6x3tE2,5057.1.1,0.994,1.0,19.2,0.953,1.138,good_domain,5,0,subset_387,165,2,32.72727272727273
P28907,nD1,51-295,436347,e3romB1,2007.15.1,1.0,1.0,39.4,0.968,1.541,good_domain,10,5,subset_387,245,2,0.0
Q04759,nD1,6-125,157845,e1yrkA1,11.2.1,0.995,0.757,19.9,0.937,0.851,good_domain,1,8,subset_484,120,1,100.0
Q04759,nD2,156-210,167536,e2ennA1,376.1.2,0.999,0.937,9.8,0.786,0.887,good_domain,1,3,subset_484,55,0,100.0
Q04759,nD3,231-280,2581364,e6ra0A2,376.1.2,0.999,0.969,9.4,0.909,0.806,good_domain,1,3,subset_484,50,0,100.0
Q04759,nD4,"281-310,361-705",1397996,e4ra5A1,206.1.1,0.998,1.0,51.3,0.988,1.246,good_domain,13,9,subset_484,375,2,100.0
Q96PR1,nD1,"6-40,91-170",1760353,e3dryC1,226.1.1,0.991,0.992,10.4,0.545,0.983,good_domain,5,4,subset_484,115,1,100.0
Q96PR1,nD2,201-505,2794037,e7e7zC1,5054.1.1,1.0,0.999,18.1,0.902,1.338,good_domain,9,2,subset_484,305,2,33.114754098360656
O94907,nD1,86-115,2491376,e5o57A1,387.1.3,0.964,0.995,0.0,0.812,0.75,simple_topology,0,2,subset_484,30,0,0.0
O94907,nD2,116-140,2491377,e5o57A2,387.1.3,0.959,0.995,0.0,0.828,0.625,simple_topology,0,2,subset_484,25,0,0.0
O94907,nD3,183-215,1159050,e2jtkA4,387.1.3,0.964,0.995,0.0,0.868,0.825,good_domain,0,2,subset_484,33,0,0.0
O94907,nD4,216-265,146862,e3s2kC2,387.1.3,0.936,0.996,0.0,0.804,1.25,good_domain,0,2,subset_484,50,0,0.0
O43318,nD1,16-300,002723440,e7nthA1,206.1.1,0.999,1.0,39.2,0.857,0.947,good_domain,9,8,subset_199,285,2,100.0
O43318,nD2,501-600,na,na,na,na,na,na,na,na,simple_topology,1,0,subset_199,100,1,100.0
P08708,nD1,1-130,002661322,e6zvhR1,101.1.17,1.0,1.0,14.8,0.956,1.806,good_domain,5,2,subset_199,130,1,100.0
Q96KS0,nD1,171-400,002393233,e6f0wA1,10.12.1,0.994,0.999,27.8,0.933,1.307,good_domain,4,11,subset_199,230,2,100.0
P40189,nD1,26-120,1509,e1i1rA3,11.1.1,1.0,0.999,19.6,0.95,0.88,good_domain,3,8,subset_275,95,1,0.0
P40189,nD2,121-220,1507,e1bquA1,11.1.1,1.0,0.997,19.2,1.0,0.926,good_domain,1,9,subset_275,100,1,0.0
P40189,nD3,221-325,1508,e1bquA2,11.1.1,1.0,0.997,18.5,0.896,0.972,good_domain,0,6,subset_275,105,1,0.0
P40189,nD4,326-420,390791,e3l5iA2,11.1.1,1.0,0.999,12.9,0.96,0.88,good_domain,0,7,subset_275,95,1,0.0
P40189,nD5,421-515,2527388,e6mfaA3,11.1.1,1.0,0.993,13.2,0.956,0.88,good_domain,0,7,subset_275,95,1,0.0
P40189,nD6,"516-610,616-640",139233,e3l5hA3,11.1.1,1.0,1.0,14.9,0.979,1.111,good_domain,1,8,subset_275,120,1,0.0
P49810,nD1,"76-295,361-435",2429565,e6idfB1,3542.1.1,0.999,1.0,36.8,0.944,1.182,good_domain,10,2,subset_275,295,2,24.406779661016948
Q14155,nD1,1-145,000141755,e2l3gA1,193.1.1,0.991,0.984,17.2,1.0,1.169,good_domain,7,0,subset_138,145,1,100.0
Q14155,nD2,186-240,000144245,e2xmfA1,4.1.1,0.994,0.0,9.5,0.982,0.688,good_domain,1,4,subset_138,55,0,100.0
Q14155,nD3,271-460,001271192,e1x86A4,133.1.1,0.994,1.0,19.6,0.764,0.905,good_domain,6,0,subset_138,190,2,100.0
Q14155,nD4,461-580,000000960,e2dfkA1,220.1.1,0.994,1.0,15.6,0.728,0.984,good_domain,1,7,subset_138,120,1,100.0
P54289,nD1,"76-225,431-500",002524055,e6pzjA1,223.1.1,0.992,0.976,10.5,0.451,1.507,good_domain,5,9,subset_138,220,2,0.0
P54289,nD2,"236-430,1041-1080",001396444,e2ww8A1,2006.1.6,0.991,0.981,14.8,0.47,1.114,good_domain,7,6,subset_138,235,2,0.0
P54289,nD3,"501-530,556-630",001787635,e4wy9A2,223.1.1,0.992,0.982,9.3,0.874,0.719,good_domain,2,5,subset_138,105,1,0.0
P54289,nD4,631-705,na,na,na,na,na,na,na,na,low_confidence,3,3,subset_138,75,0,0.0
P54289,nD5,"31-70,706-895,981-1025",002325680,e6fu4A1,223.1.1,0.995,0.965,13.0,0.714,1.884,good_domain,8,16,subset_138,275,2,0.0
P36544,nD1,26-230,002761079,e7ektD1,11.12.1,0.998,1.0,30.1,0.985,0.972,good_domain,1,11,subset_138,205,2,0.0
P36544,nD2,"231-345,436-500",002761080,e7ektD2,5057.1.1,0.995,1.0,20.3,0.957,1.241,good_domain,6,0,subset_138,180,2,37.77777777777778
P41182,nD1,11-135,2073548,e5nlbA1,226.1.1,0.995,0.988,13.4,0.786,1.068,good_domain,5,3,subset_45,125,1,100.0
P41182,nD2,516-540,2170663,e5v3jF2,386.1.1,0.999,0.99,3.3,0.429,0.758,simple_topology,1,0,subset_45,25,0,100.0
P41182,nD3,541-570,2507486,e6ml4A1,386.1.1,0.995,0.964,3.2,0.967,0.909,good_domain,1,0,subset_45,30,0,100.0
P41182,nD4,571-625,2170664,e5v3jF3,386.1.1,0.993,0.99,8.6,0.982,1.667,good_domain,2,0,subset_45,55,0,100.0
P41182,nD5,626-655,1758193,e2i13A1,386.1.1,0.999,0.997,8.7,0.528,0.909,simple_topology,1,0,subset_45,30,0,100.0
P41182,nD6,656-680,1758193,e2i13A1,386.1.1,1.0,0.997,8.7,0.472,0.758,simple_topology,1,0,subset_45,25,0,100.0
P41143,nD1,36-345,1125533,e4n6hA1,5001.1.1,1.0,1.0,42.9,1.0,1.086,good_domain,7,2,subset_45,310,2,25.806451612903224
P03971,nD1,71-255,2067946,e5n06A1,11.1.1,0.9,0.0,3.9,0.792,1.713,good_domain,4,10,subset_45,185,2,0.0
P03971,nD2,"286-305,371-440",3829,e1wrdA1,604.6.1,0.868,0.0,4.8,0.645,0.947,good_domain,4,0,subset_45,90,1,0.0
P03971,nD3,456-560,2756557,e7l0jA1,385.1.1,0.996,0.993,9.4,0.971,0.991,good_domain,1,7,subset_45,105,1,0.0
Q96FE5,nD1,36-420,1392735,e2id5A1,207.1.1,1.0,1.0,54.0,0.977,1.356,good_domain,2,16,subset_45,385,2,1.0389610389610389
Q96FE5,nD2,421-525,2165997,e5oyjD2,11.1.1,0.995,0.965,10.1,0.526,0.972,good_domain,1,9,subset_45,105,1,0.0
Q96FE5,nD3,566-590,1173484,e4hq1A3,207.1.1,0.838,0.0,14.6,na,na,simple_topology,1,0,subset_45,25,0,40.0
Q96FE5,nD4,591-620,2336807,e5xwuB2,207.1.1,0.509,0.0,14.0,na,na,simple_topology,0,0,subset_45,30,0,100.0
P49841,nD1,6-400,1515954,e4nm3A1,206.1.1,1.0,1.0,53.7,0.942,1.312,good_domain,11,10,subset_406,395,2,100.0
P34995,nD1,21-375,2429323,e6iivA2,5001.1.1,0.998,1.0,29.7,0.797,1.243,good_domain,8,2,subset_406,355,2,36.901408450704224
P35613,nD1,11-140,418979,e3qr2B1,11.1.1,0.997,0.976,20.1,1.0,1.204,good_domain,2,9,subset_406,130,1,7.6923076923076925
P35613,nD2,141-215,1220717,e3i84B2,11.1.1,0.998,0.982,11.3,0.744,0.694,good_domain,0,7,subset_406,75,0,0.0
P35613,nD3,216-345,2171647,e5xf0A1,11.1.1,0.999,0.981,18.9,0.972,1.204,good_domain,1,9,subset_406,130,1,0.7692307692307693
Q16576,nD1,6-420,2720345,e6zrdA1,5.1.4,0.979,1.0,59.7,0.961,1.156,good_domain,5,29,subset_203,415,2,100.0
P62701,nD1,6-115,1856753,e5it7E3,221.1.2,0.999,1.0,21.3,0.957,0.957,good_domain,2,6,subset_203,110,1,100.0
P62701,nD2,121-175,2675818,e6zj3SE1,2.1.1,0.999,1.0,12.0,0.932,0.529,good_domain,1,4,subset_203,55,0,100.0
P62701,nD3,176-245,2755701,e7o7yAd3,4.1.1,0.999,1.0,16.1,0.795,0.875,good_domain,1,4,subset_203,70,0,100.0
Q96EB6,nD1,"146-510,641-655",1723370,e4x3oA1,2003.1.4,0.997,1.0,24.2,0.7,2.123,good_domain,13,14,subset_203,380,2,100.0
P42336,nD1,6-310,1574345,e4jpsA5,221.1.1,0.998,1.0,22.6,0.952,3.245,good_domain,9,11,subset_57,305,2,100.0
P42336,nD2,316-485,2538865,e6gvfA1,11.2.1,0.997,1.0,28.7,0.925,1.206,good_domain,1,7,subset_57,170,2,100.0
P42336,nD3,486-695,2538866,e6gvfA2,109.4.1,0.995,1.0,18.1,0.953,0.734,good_domain,10,0,subset_57,210,2,100.0
P42336,nD4,696-1065,2739080,e6jxcA1,206.1.1,0.993,1.0,19.1,0.681,1.229,good_domain,13,9,subset_57,370,2,100.0
O43497,nD1,431-465,2608170,e6tz4O1,3291.1.1,0.28,0.0,3.0,na,na,simple_topology,1,0,subset_57,35,0,100.0
O43497,nD2,"46-425,721-965,1251-1410,1416-1885",2172435,e6c9aA2,5054.1.1,1.0,1.0,14.3,0.623,5.504,good_domain,37,8,subset_57,1255,3,34.42231075697211
O43497,nD3,1116-1145,2515999,e6nq2B3,108.1.1,0.886,1.0,0.0,0.355,0.337,simple_topology,0,0,subset_57,30,0,100.0
P08238,nD1,"1-220,276-285",2123276,e5ulsA2,225.1.1,0.997,1.0,30.2,0.903,1.25,good_domain,7,8,subset_57,230,2,100.0
P08238,nD2,286-435,1854663,e5fwkA2,212.1.1,0.996,1.0,22.5,0.902,1.042,good_domain,3,5,subset_57,150,1,100.0
P08238,nD3,436-540,1112922,e3pryA2,3703.1.1,0.998,1.0,12.7,0.875,0.897,good_domain,5,5,subset_57,105,1,100.0
P08238,nD4,541-688,1165155,e3hjcA5,2498.4.1,0.996,1.0,11.8,0.927,0.98,good_domain,6,3,subset_57,148,1,100.0
P41217,nD1,31-140,1162816,e4bfiA3,11.1.1,0.999,0.997,15.6,0.511,1.019,good_domain,2,10,subset_57,110,1,0.0
P41217,nD2,141-260,1162816,e4bfiA3,11.1.1,1.0,0.997,15.6,0.416,1.111,good_domain,1,7,subset_57,120,1,2.5
Q96N67,nD1,16-45,2408757,e5zi7A1,109.4.1,0.993,0.0,6.5,0.061,0.105,simple_topology,1,0,subset_366,30,0,100.0
Q96N67,nD2,"91-125,261-410,461-550,561-730",1567641,e4u31A1,11.1.1,0.882,0.0,3.0,0.436,4.12,good_domain,6,17,subset_366,445,2,100.0
Q96N67,nD3,"51-90,126-135,551-560,731-855,986-1140,1171-1255,1321-1340",1389149,e4u1dA1,109.4.1,0.983,0.0,8.8,0.529,1.556,good_domain,16,6,subset_366,445,2,100.0
Q96N67,nD4,"141-160,206-240,1341-1385,1461-1660",1870489,e5hiuA1,109.4.1,0.983,0.0,7.2,0.342,1.049,good_domain,11,1,subset_366,300,2,100.0
Q96N67,nD5,1661-1830,2572971,e6tkyB1,109.24.1,0.999,1.0,18.4,0.89,1.255,good_domain,5,0,subset_366,170,2,100.0
Q96N67,nD6,1836-1990,184972,e2wm9A2,3333.1.1,0.999,1.0,11.5,0.994,1.006,good_domain,4,7,subset_366,155,2,100.0
Q96N67,nD7,1991-2120,861996,e3vhlA2,109.24.1,0.999,1.0,17.9,0.976,0.959,good_domain,5,1,subset_366,130,1,100.0
Q15139,nD1,46-135,2576235,e6ra0A1,221.1.1,0.995,0.994,10.0,0.94,0.957,good_domain,2,5,subset_366,90,1,100.0
Q15139,nD2,136-200,167533,e2eliA1,376.1.2,0.99,0.73,9.1,0.805,1.048,good_domain,1,3,subset_366,65,0,100.0
Q15139,nD3,266-325,2581364,e6ra0A2,376.1.2,0.998,0.963,8.2,1.0,0.968,good_domain,0,2,subset_366,60,0,100.0
Q15139,nD4,401-545,1513135,e4y93A2,220.1.1,0.984,0.999,9.9,0.717,1.189,good_domain,3,7,subset_366,145,1,100.0
Q15139,nD5,566-880,1423559,e4rerA1,206.1.1,0.996,0.999,30.5,0.719,1.047,good_domain,10,9,subset_366,315,2,100.0
Q15008,nD1,1-290,1884998,e5l4kR1,109.4.1,0.999,1.0,31.7,0.993,1.014,good_domain,15,0,subset_366,290,2,100.0
Q15008,nD2,291-360,1320570,e4d10C1,101.1.2,0.987,0.998,10.0,0.486,0.737,good_domain,3,3,subset_366,70,0,100.0
Q15008,nD3,361-385,1884999,e5l4kR2,3749.4.1,0.981,1.0,0.0,0.852,0.806,good_domain,1,0,subset_366,25,0,100.0
Q14320,nD1,11-40,1919145,e5tkyA1,632.7.1,0.377,0.0,4.5,na,na,simple_topology,1,0,subset_100,30,0,100.0
Q14320,nD2,51-120,7962,e2bskA1,4120.1.1,0.463,0.0,4.5,na,na,simple_topology,2,0,subset_100,70,0,100.0
Q14320,nD3,196-330,2071315,e5tlaA2,221.1.1,0.98,0.0,8.0,1.0,1.436,good_domain,5,7,subset_100,135,1,100.0
Q92847,nD1,26-340,2643951,e6ko5A1,5001.1.1,1.0,1.0,37.2,0.929,1.103,good_domain,10,2,subset_100,315,2,25.714285714285715
P34913,nD1,6-230,164967,e2hoqA1,2006.1.1,0.99,0.997,15.5,0.574,1.125,good_domain,11,6,subset_100,225,2,100.0
P34913,nD2,231-555,1554531,e5ai4A2,7579.1.1,1.0,1.0,56.5,0.988,1.14,good_domain,9,8,subset_100,325,2,100.0
Q5ZPR3,nD1,31-140,1220114,e3rnqB4,11.1.1,0.999,0.995,16.1,0.466,1.019,good_domain,2,8,subset_100,110,1,0.0
Q5ZPR3,nD2,141-240,1220114,e3rnqB4,11.1.1,1.0,0.995,16.1,0.461,0.926,good_domain,0,7,subset_100,100,1,0.0
Q5ZPR3,nD3,246-460,1758351,e4i0kA1,11.1.1,0.982,0.997,15.1,0.913,1.991,good_domain,2,15,subset_100,215,2,0.0
Q5ZPR3,nD4,466-500,2100248,e5xsyB2,3774.1.1,0.956,0.982,0.0,0.786,0.833,simple_topology,1,0,subset_100,35,0,34.285714285714285
P49715,nD1,281-350,na,na,na,na,na,na,na,na,simple_topology,1,0,subset_26,70,0,100.0
Q05586,nD1,"26-140,271-350",001903511,e4tlmC3,2007.1.2,0.998,1.0,35.9,0.798,1.364,good_domain,5,5,subset_26,195,2,0.0
Q05586,nD2,"141-270,351-390",002761273,e7epcB4,2007.1.2,0.998,0.998,18.7,0.5,1.189,good_domain,5,8,subset_26,170,2,0.0
Q05586,nD3,"396-535,756-805",002655555,e6whuC4,7523.1.1,0.996,1.0,24.5,0.925,1.267,good_domain,4,10,subset_26,190,2,0.0
Q05586,nD4,"546-660,806-860",001165465,e3ukmD1,5054.1.1,0.994,0.727,7.6,0.464,0.746,good_domain,4,0,subset_26,170,2,42.35294117647059
Q05586,nD5,"536-545,661-755",002589423,e5un1G2,7523.1.1,0.994,1.0,12.7,0.897,0.7,good_domain,3,4,subset_26,105,1,0.0
P38435,nD1,"41-230,251-405",000054250,e3dbyE1,633.7.1,0.738,0.0,5.1,na,na,low_confidence,12,1,subset_26,345,2,30.434782608695652
P38435,nD2,386-605,002132429,e6b8wB1,10.12.1,0.975,0.962,11.9,0.937,1.25,good_domain,3,12,subset_26,220,2,0.0
P38435,nD3,606-675,002172434,e6c9aA1,5054.1.1,0.195,0.0,3.8,na,na,low_confidence,3,1,subset_26,70,0,0.0
P38435,nD4,681-725,000158767,e1x59A1,616.1.1,0.697,0.0,3.2,na,na,simple_topology,2,0,subset_26,45,0,0.0
O15123,nD1,"86-145,166-240",001494453,e4ll7A1,3939.1.1,0.951,0.965,0.0,0.713,2.25,simple_topology,1,0,subset_26,135,1,0.0
O15123,nD2,281-495,001564127,e4zfgA1,269.1.1,0.998,1.0,40.7,0.982,0.977,good_domain,4,9,subset_26,215,2,0.0
O60674,nD1,36-140,2390602,e6e2qA3,221.1.1,0.997,1.0,15.6,0.989,1.117,good_domain,1,6,subset_425,105,1,100.0
O60674,nD2,121-265,1890586,e5l04A3,197.1.1,0.996,1.0,7.6,0.86,1.306,good_domain,6,1,subset_425,145,1,100.0
O60674,nD3,"266-390,511-520",2443875,e6cb0A1,220.1.1,0.996,0.994,8.6,0.705,1.107,good_domain,2,7,subset_425,135,1,100.0
O60674,nD4,391-510,166592,e2vifA1,214.1.1,0.998,0.906,10.5,0.775,1.081,good_domain,3,6,subset_425,120,1,100.0
O60674,nD5,526-830,2081421,e5ut3A1,206.1.1,0.996,0.999,39.4,1.0,1.013,good_domain,11,8,subset_425,305,2,100.0
O60674,nD6,831-1130,2100241,e5xs2A1,206.1.1,0.997,0.997,24.2,0.725,0.997,good_domain,11,9,subset_425,300,2,100.0
Q01668,nD1,"101-455,491-795,836-1055,1076-1165,1186-1470,1561-1595",2738141,e6bpqC2,5054.1.1,0.999,0.991,10.4,0.768,5.658,good_domain,39,5,subset_425,1290,3,35.27131782945737
Q01668,nD2,1476-1560,2496856,e6jp8A4,108.1.1,0.996,1.0,8.9,0.963,0.955,good_domain,4,2,subset_425,85,0,100.0
Q01668,nD3,1601-1660,2580640,e6l7pC1,3456.1.1,0.649,0.0,3.9,na,na,low_confidence,3,1,subset_425,60,0,100.0
Q01668,nD4,2056-2110,1406525,e4akkA3,103.12.1,0.588,0.0,3.4,na,na,low_confidence,3,0,subset_425,55,0,100.0
P20138,nD1,16-140,2472914,e6d49A1,11.1.1,0.998,0.987,24.8,0.984,1.157,good_domain,1,8,subset_425,125,1,0.8
P20138,nD2,"141-240,266-290",2048252,e5ihbC2,11.1.1,0.998,0.998,15.5,0.978,1.157,good_domain,1,7,subset_425,125,1,6.4
Q92769,nD1,11-380,1064636,e4bkxB1,2006.1.5,1.0,1.0,59.2,0.992,1.16,good_domain,11,9,subset_280,370,2,100.0
O95298,nD1,1-115,2833183,e7v2hg1,1131.1.1,0.956,1.0,4.9,0.852,0.943,good_domain,2,0,subset_280,115,1,60.0
O43174,nD1,6-495,167791,e2ve3A1,149.1.1,0.999,1.0,45.8,0.991,1.216,good_domain,13,14,subset_280,490,2,97.55102040816327
Q15022,nD1,"151-255,292-320,351-365",157845,e1yrkA1,11.2.1,0.982,0.0,7.2,0.865,1.057,good_domain,1,7,subset_201,149,1,100.0
Q15022,nD2,"81-120,426-495",2738202,e5waiB1,386.1.1,0.823,1.0,0.0,na,na,low_confidence,3,4,subset_201,110,1,100.0
Q15022,nD3,"501-525,561-685",2067093,e5kklB4,186.2.1,0.996,0.996,15.3,0.715,1.132,good_domain,5,0,subset_201,150,1,100.0
P50914,nD1,1-140,2502022,e6oliN1,4.1.1,1.0,1.0,20.7,1.0,1.75,good_domain,4,4,subset_201,140,1,100.0
P10398,nD1,16-90,395073,e2l05A1,221.1.1,0.999,0.994,11.8,0.893,0.798,good_domain,1,6,subset_201,75,0,100.0
P10398,nD2,96-145,2716480,e6xgvB2,376.1.2,0.999,0.997,7.0,0.943,0.806,good_domain,1,3,subset_201,50,0,100.0
P10398,nD3,276-585,2814018,e7mfdA1,206.1.1,0.997,1.0,32.2,0.937,1.03,good_domain,10,7,subset_201,310,2,100.0
Q9UM73,nD1,"86-100,166-220",1866223,e5hlyA2,10.2.1,0.909,0.0,2.7,0.225,0.302,partial_domain,3,4,subset_214,70,0,0.0
Q9UM73,nD2,256-430,1907321,e5l73B1,10.1.1,0.991,0.985,11.2,0.785,0.818,good_domain,1,10,subset_214,175,2,0.0
Q9UM73,nD3,441-475,2091541,e5o32D5,389.3.1,0.982,0.599,0.0,0.784,0.843,simple_topology,1,1,subset_214,35,0,0.0
Q9UM73,nD4,476-635,1907321,e5l73B1,10.1.1,0.997,0.99,13.6,0.843,0.748,good_domain,1,10,subset_214,160,2,0.0
Q9UM73,nD5,"681-780,826-840,956-985",1780542,e5hkjA3,10.3.1,0.462,0.0,3.6,na,na,low_confidence,1,10,subset_214,145,1,0.0
Q9UM73,nD6,986-1025,1177863,e2w86A4,389.1.1,0.998,0.0,3.3,0.837,0.941,simple_topology,0,2,subset_214,40,0,0.0
Q9UM73,nD7,1036-1065,389331,e3mhhC1,386.1.1,0.949,0.0,3.3,0.323,0.909,simple_topology,1,0,subset_214,30,0,26.666666666666668
Q9UM73,nD8,1081-1405,152207,e4fnwA1,206.1.1,1.0,0.999,45.3,0.941,1.08,good_domain,12,10,subset_214,325,2,100.0
P62829,nD1,1-140,2106288,e5xy3V1,3174.1.1,0.998,0.998,25.6,1.0,1.014,good_domain,2,6,subset_214,140,1,100.0
P49720,nD1,1-205,1871840,e5le5I1,210.1.1,0.998,1.0,39.6,1.0,0.899,good_domain,4,12,subset_214,205,2,100.0
Q86Z14,nD1,41-510,2142590,e5vanA1,2002.1.1,1.0,1.0,69.1,0.961,1.502,good_domain,16,13,subset_176,470,2,0.0
Q86Z14,nD2,511-985,2142591,e5vanA2,2002.1.1,1.0,1.0,66.2,0.981,1.518,good_domain,11,14,subset_176,475,2,0.0
P46777,nD1,6-295,2096249,e5tbwCG1,2484.1.1,1.0,1.0,34.9,0.966,1.48,good_domain,9,5,subset_176,290,2,100.0
Q92542,nD1,"33-250,636-665",1720164,e5a63A1,2487.1.1,0.994,1.0,25.6,1.0,1.54,good_domain,7,11,subset_176,248,2,0.4032258064516129
Q92542,nD2,251-635,1720165,e5a63A2,2011.1.1,1.0,1.0,59.7,0.99,1.321,good_domain,12,11,subset_176,385,2,0.0
Q92542,nD3,666-700,1824196,e2n7rA1,1028.1.1,0.962,0.942,0.0,0.761,0.761,simple_topology,1,0,subset_176,35,0,40.0
P03372,nD1,181-270,000361472,e3g6pB1,377.1.1,0.993,0.982,8.8,0.975,1.8,good_domain,2,2,subset_85,90,1,100.0
P03372,nD2,301-550,002167774,e6chwA1,188.1.1,0.999,0.999,31.7,0.927,1.033,good_domain,8,2,subset_85,250,2,100.0
P33176,nD1,6-335,000134161,e2wbeC1,2004.1.1,0.999,1.0,47.0,0.87,1.48,good_domain,7,17,subset_85,330,2,100.0
P33176,nD2,336-390,001551339,e5aj4Ad1,3967.1.1,0.836,0.0,4.5,na,na,simple_topology,2,0,subset_85,55,0,100.0
P33176,nD3,421-570,002817924,e7moqZ1,3755.3.1,0.982,0.0,5.9,0.853,0.872,simple_topology,1,0,subset_85,150,1,100.0
P33176,nD4,581-810,na,na,na,na,na,na,na,na,simple_topology,2,0,subset_85,230,2,100.0
P33176,nD5,821-860,002647775,e6wg3B4,3922.1.1,0.948,0.996,4.4,0.214,0.31,simple_topology,1,0,subset_85,40,0,100.0
P33176,nD6,861-920,000184859,e2p22A1,192.15.1,0.84,0.0,5.0,na,na,simple_topology,1,0,subset_85,60,0,100.0
P14902,nD1,16-120,002141605,e6f0aA2,4983.1.1,0.99,1.0,13.8,0.938,0.938,good_domain,4,1,subset_85,105,1,100.0
P14902,nD2,121-400,002141604,e6f0aA1,4229.1.1,0.999,1.0,34.2,0.989,1.037,good_domain,10,2,subset_85,280,2,100.0
P11387,nD1,231-325,47703,e1rrjA4,4057.1.1,0.994,1.0,16.0,0.989,1.05,good_domain,4,4,subset_372,95,1,100.0
P11387,nD2,"206-230,326-430",44275,e1rrjA1,4039.1.1,0.996,1.0,18.4,0.953,1.02,good_domain,2,7,subset_372,130,1,100.0
P11387,nD3,431-585,2811,e1k4tA2,101.1.8,0.995,1.0,23.5,1.0,1.26,good_domain,6,2,subset_372,155,2,100.0
P11387,nD4,641-710,4675,e1k4tA5,192.8.1,0.813,1.0,0.0,na,na,simple_topology,2,0,subset_372,70,0,100.0
P11387,nD5,"586-640,711-765",2812,e1k4tA3,101.1.8,0.995,1.0,20.0,0.982,0.894,good_domain,5,1,subset_372,110,1,100.0
O95180,nD1,"66-225,231-470,771-1060,1246-1425,1431-1885",2172435,e6c9aA2,5054.1.1,1.0,1.0,14.7,0.625,5.811,good_domain,40,9,subset_372,1325,3,36.83018867924528
P48556,nD1,81-305,1148635,e4b0zA3,109.4.1,0.997,1.0,21.2,0.964,0.787,good_domain,11,1,subset_372,225,2,100.0
P48556,nD2,276-330,1148636,e4b0zA4,101.1.2,0.871,1.0,4.4,0.754,0.579,good_domain,2,2,subset_372,55,0,100.0
Q7KZI7,nD1,36-365,2389421,e6c9dA1,206.1.1,0.999,1.0,47.3,0.979,1.096,good_domain,11,9,subset_338,330,2,100.0
Q7KZI7,nD2,691-788,6339,e2qlvA1,331.4.1,0.99,0.98,10.6,0.48,0.824,good_domain,2,4,subset_338,98,1,100.0
P35368,nD1,31-365,1273987,e4amjB2,5001.1.1,0.999,1.0,36.0,0.933,1.173,good_domain,7,2,subset_338,335,2,34.62686567164179
Q01449,nD1,16-100,1198731,e3jvtB3,108.1.1,0.996,0.997,11.0,0.916,0.955,good_domain,4,2,subset_338,85,0,100.0
Q01449,nD2,101-170,1198349,e3i5fC3,108.1.1,0.998,0.996,10.1,0.854,0.787,good_domain,4,2,subset_338,70,0,100.0
O75306,nD1,161-360,2105877,e5xtbQ1,4025.1.1,0.998,1.0,22.7,1.0,0.759,good_domain,6,0,subset_281,200,2,100.0
O75306,nD2,"81-115,431-463",1760264,e4ci0A1,244.4.1,1.0,1.0,11.7,0.422,0.764,good_domain,2,5,subset_281,68,0,100.0
O75306,nD3,"116-160,361-430",1760264,e4ci0A1,244.4.1,0.995,1.0,11.7,0.513,1.292,good_domain,5,3,subset_281,115,1,100.0
Q93084,nD1,126-240,2707126,e7kycA4,10.13.1,0.997,1.0,9.7,0.624,0.991,good_domain,3,6,subset_281,115,1,100.0
Q93084,nD2,361-600,84393,e2zbeB4,267.1.1,0.998,1.0,39.4,1.0,1.455,good_domain,6,11,subset_281,240,2,100.0
Q93084,nD3,"1-110,116-125,246-360,606-999",1324289,e4umwA4,5073.1.2,0.954,1.0,8.6,0.564,2.09,good_domain,24,9,subset_281,629,3,52.78219395866455
P60604,nD1,6-165,367552,e3h8kA1,216.1.1,0.998,0.992,25.9,0.957,1.049,good_domain,3,4,subset_145,160,2,100.0
P49674,nD1,1-300,2391818,e6gzdA1,206.1.1,1.0,1.0,45.0,1.0,0.997,good_domain,9,9,subset_145,300,2,100.0
Q9UGM1,nD1,31-235,1389290,e4d01A1,11.12.1,0.998,0.999,27.8,0.962,0.972,good_domain,1,10,subset_145,205,2,0.0
Q9UGM1,nD2,"236-350,411-479",2527148,e6pv7A1,5057.1.1,0.994,1.0,18.6,0.886,1.269,good_domain,5,0,subset_145,184,2,43.47826086956522
P13631,nD1,86-160,1283298,e4nqaB2,377.1.1,0.995,1.0,7.9,0.591,1.5,simple_topology,2,0,subset_490,75,0,100.0
P13631,nD2,166-425,2555802,e6ssqA1,188.1.1,1.0,0.999,38.0,0.992,1.074,good_domain,10,2,subset_490,260,2,100.0
Q8TAE7,nD1,11-130,1760353,e3dryC1,226.1.1,0.988,0.994,9.5,0.567,1.026,good_domain,5,5,subset_490,120,1,100.0
Q8TAE7,nD2,151-430,2794037,e7e7zC1,5054.1.1,1.0,1.0,21.8,0.937,1.228,good_domain,9,0,subset_490,280,2,28.928571428571427
Q96NY8,nD1,31-145,1220114,e3rnqB4,11.1.1,0.999,0.995,10.9,0.455,1.065,good_domain,0,10,subset_490,115,1,0.8695652173913043
Q96NY8,nD2,146-245,1220114,e3rnqB4,11.1.1,0.999,0.995,10.9,0.435,0.926,good_domain,0,8,subset_490,100,1,0.0
Q96NY8,nD3,"246-335,351-390",1758590,e4fomA1,11.1.1,0.999,0.999,13.8,0.946,1.204,good_domain,2,8,subset_490,130,1,15.384615384615385
Q96NY8,nD4,471-495,1885525,e5hmoA1,3860.1.1,0.235,0.0,3.0,na,na,low_confidence,1,2,subset_490,25,0,100.0
P53396,nD1,1-245,183107,e3pffA1,206.1.3,0.994,1.0,25.3,1.0,1.094,good_domain,8,13,subset_430,245,2,100.0
P53396,nD2,246-425,2099686,e5tdeA2,2007.3.1,0.998,1.0,35.6,0.968,1.075,good_domain,6,6,subset_430,180,2,100.0
P53396,nD3,491-625,2099706,e5te1B2,2003.1.1,0.998,1.0,28.6,0.877,0.689,good_domain,4,7,subset_430,135,1,100.0
P53396,nD4,626-815,2469825,e6hxqA1,2007.3.1,0.998,1.0,16.7,0.813,1.134,good_domain,7,5,subset_430,190,2,100.0
P53396,nD5,821-1100,2514715,e6hxpA1,172.1.1,0.994,1.0,25.0,0.949,0.749,good_domain,13,3,subset_430,280,2,100.0
P42685,nD1,46-105,2322692,e6amwA2,4.1.1,0.992,0.991,5.2,0.37,0.75,good_domain,1,4,subset_430,60,0,100.0
P42685,nD2,106-210,221371,e4fl2A3,214.1.1,0.996,1.0,18.2,0.795,0.946,good_domain,2,3,subset_430,105,1,100.0
P42685,nD3,"6-15,216-500",2782594,e7ng7A1,206.1.1,0.999,1.0,38.1,0.935,0.98,good_domain,11,7,subset_430,295,2,100.0
P31358,nD1,1-60,392517,e3mq1B1,622.4.1,0.448,0.0,6.6,na,na,simple_topology,2,0,subset_430,60,0,40.0
P62745,nD1,1-185,1842665,e5c2kA2,2004.1.1,0.999,0.998,33.3,0.995,0.83,good_domain,5,6,subset_325,185,2,100.0
P68366,nD1,1-245,1254562,e4drxC4,2003.1.6,0.999,1.0,32.6,0.963,1.189,good_domain,9,7,subset_325,245,2,100.0
P68366,nD2,246-445,1097125,e4b46A2,301.6.1,0.959,0.995,5.8,0.748,1.37,good_domain,5,4,subset_325,200,2,100.0
Q6Q4G3,nD1,11-35,2774681,e6zz6D1,109.4.1,0.837,0.0,5.1,na,na,simple_topology,1,0,subset_325,25,0,12.0
Q6Q4G3,nD2,91-315,1643850,e4kxcA2,4081.1.1,0.996,1.0,27.8,0.936,1.087,good_domain,1,13,subset_325,225,2,0.0
Q6Q4G3,nD3,316-575,1780698,e4fkeA2,2498.1.1,0.997,1.0,36.7,0.981,1.036,good_domain,10,6,subset_325,260,2,0.0
Q6Q4G3,nD4,576-665,2561035,e6ea4B1,11.1.1,0.985,1.0,8.9,0.879,0.833,good_domain,3,7,subset_325,90,1,0.0
Q6Q4G3,nD5,666-990,1724689,e4fytA2,109.4.1,1.0,1.0,23.1,0.964,1.136,good_domain,15,1,subset_325,325,2,0.0
Q9H832,nD1,91-325,1713676,e5a4pA1,216.1.1,0.999,1.0,32.6,0.991,1.541,good_domain,5,4,subset_159,235,2,100.0
P23396,nD1,6-95,2138768,e6az1C2,327.11.1,0.998,1.0,17.0,0.967,1.006,good_domain,2,3,subset_159,90,1,100.0
P23396,nD2,96-223,2620657,e6w2sE2,230.2.1,0.998,1.0,19.4,0.934,1.049,good_domain,3,4,subset_159,128,1,100.0
Q9NR97,nD1,1-865,2056906,e5hdhA1,207.1.1,1.0,1.0,43.2,0.873,3.046,good_domain,7,30,subset_159,865,3,4.971098265895954
Q9NR97,nD2,866-1040,2782858,e7nuwA1,2007.9.1,0.994,0.989,16.0,0.887,1.101,good_domain,7,5,subset_159,175,2,100.0
O15342,nD1,6-60,2625009,e6pajB2,605.1.1,0.932,0.0,7.4,0.743,0.753,simple_topology,2,0,subset_127,55,0,12.727272727272727
Q01118,nD1,"41-745,921-1505",2711691,e6sxeA1,5054.1.1,1.0,0.998,14.5,0.863,5.658,good_domain,35,9,subset_127,1290,3,37.5968992248062
Q01118,nD2,746-810,2172435,e6c9aA2,5054.1.1,0.569,1.0,0.0,na,na,simple_topology,1,0,subset_127,65,0,100.0
Q01118,nD3,1506-1620,1412630,e4ovnJ1,108.1.1,0.997,0.997,16.0,0.869,1.292,good_domain,5,4,subset_127,115,1,100.0
Q01118,nD4,1621-1645,1154750,e4dckA2,6006.1.1,0.95,0.998,0.0,0.774,0.769,simple_topology,1,1,subset_127,25,0,100.0
P25440,nD1,56-190,2080135,e5n15A1,633.1.1,0.995,0.987,17.2,0.942,1.116,good_domain,4,1,subset_127,135,1,100.0
P25440,nD2,346-455,2791355,e7amcA1,633.1.1,0.996,0.986,20.1,0.957,0.909,good_domain,5,0,subset_127,110,1,100.0
P25440,nD3,631-710,2756507,e7jq8A1,3525.1.1,0.983,0.99,8.3,0.823,0.914,good_domain,3,0,subset_127,80,0,100.0
P07949,nD1,26-155,000139260,e2x2uA2,11.1.1,0.998,0.996,20.8,0.943,1.204,good_domain,2,10,subset_390,130,1,2.3076923076923075
P07949,nD2,156-265,001162473,e2x2uA4,11.1.1,0.998,0.996,16.7,0.863,1.019,good_domain,2,7,subset_390,110,1,0.0
P07949,nD3,266-400,002700129,e7amkA2,11.1.1,0.997,0.999,15.3,0.943,1.25,good_domain,2,7,subset_390,135,1,0.0
P07949,nD4,401-525,002700128,e7amkA1,11.1.1,0.997,0.999,15.1,0.84,1.157,good_domain,1,7,subset_390,125,1,0.0
P07949,nD5,516-620,na,na,na,na,na,na,na,na,low_confidence,2,4,subset_390,105,1,0.0
P07949,nD6,701-1030,002163786,e6fekA1,206.1.1,0.992,0.999,39.5,0.959,1.096,good_domain,10,7,subset_390,330,2,100.0
Q13698,nD1,696-735,002172435,e6c9aA2,5054.1.1,0.598,1.0,0.0,na,na,simple_topology,1,0,subset_390,40,0,100.0
Q13698,nD2,"31-325,351-695,766-925,931-1520",000176798,e3lutB1,5054.1.1,0.998,0.996,10.2,0.779,6.096,good_domain,42,9,subset_390,1390,3,36.83453237410072
Q13698,nD3,1801-1835,002063022,e5hy7C1,1106.1.1,0.566,0.0,2.8,na,na,simple_topology,2,0,subset_390,35,0,100.0
P10145,nD1,26-95,001720395,e4xdxA1,1170.1.1,0.998,0.998,13.1,0.943,1.007,good_domain,2,3,subset_390,70,0,0.0
P20700,nD1,"36-120,136-160",2816307,e6z26B1,192.8.1,0.986,0.0,5.5,0.621,1.497,simple_topology,1,0,subset_219,110,1,100.0
P20700,nD2,161-230,1560739,e5al7A3,3939.1.1,0.981,0.0,5.2,1.0,1.167,simple_topology,1,0,subset_219,70,0,100.0
P20700,nD3,241-305,1560739,e5al7A3,3939.1.1,0.935,0.0,4.9,0.983,1.083,simple_topology,1,0,subset_219,65,0,100.0
P20700,nD4,306-360,2816307,e6z26B1,192.8.1,0.787,0.976,2.8,na,na,simple_topology,1,0,subset_219,55,0,100.0
P20700,nD5,361-385,2754033,e6yrlD1,632.22.1,0.893,0.975,0.0,0.198,0.24,simple_topology,1,0,subset_219,25,0,100.0
P20700,nD6,431-550,2777092,e7crgC1,11.1.1,0.998,0.982,20.1,0.916,1.111,good_domain,0,9,subset_219,120,1,100.0
P62280,nD1,6-158,1868721,e5jpqy1,2.1.1,0.996,1.0,20.5,0.943,1.471,good_domain,0,5,subset_219,153,2,100.0
P15328,nD1,31-235,1086812,e4lrhD1,543.1.1,0.999,1.0,34.5,0.976,1.258,good_domain,7,4,subset_219,205,2,0.0
P25791,nD1,26-55,1031026,e2jtnA1,377.1.1,0.96,0.988,0.0,0.938,0.6,simple_topology,0,2,subset_38,30,0,100.0
P25791,nD2,56-90,1124579,e4hi8B2,377.1.1,0.983,0.0,4.0,0.97,0.7,good_domain,1,2,subset_38,35,0,100.0
P25791,nD3,91-120,1031028,e2jtnA3,377.1.1,0.963,0.988,0.0,0.966,0.6,good_domain,1,2,subset_38,30,0,100.0
P25791,nD4,121-150,1624933,e4jcjC1,377.1.1,0.962,0.961,0.0,0.909,0.6,simple_topology,0,2,subset_38,30,0,100.0
Q9NPC2,nD1,6-245,1165465,e3ukmD1,5054.1.1,1.0,1.0,17.7,0.726,1.053,good_domain,7,0,subset_38,240,2,14.583333333333334
Q9P032,nD1,31-55,1268779,e3wbhA2,7515.1.1,0.012,0.0,2.3,na,na,simple_topology,1,0,subset_38,25,0,100.0
Q9P032,nD2,111-155,2503,e1hlvA1,101.1.1,0.985,0.525,4.0,0.667,0.616,good_domain,3,0,subset_38,45,0,100.0
Q13740,nD1,26-130,1162816,e4bfiA3,11.1.1,0.999,0.991,10.9,0.521,0.972,good_domain,0,9,subset_38,105,1,1.9047619047619047
Q13740,nD2,131-245,1762915,e5a2fA2,11.1.1,0.999,1.0,22.2,1.0,1.065,good_domain,0,9,subset_38,115,1,0.0
Q13740,nD3,246-330,39116,e1j86A1,11.1.1,0.999,0.991,10.0,0.976,0.787,good_domain,1,6,subset_38,85,0,0.0
Q13740,nD4,331-415,1218871,e2v5mA12,11.1.1,0.999,0.999,11.5,0.94,0.787,good_domain,1,6,subset_38,85,0,0.0
Q13740,nD5,"416-505,516-560",380268,e3fn3A2,11.1.1,0.999,0.992,11.1,0.845,1.25,good_domain,1,6,subset_38,135,1,8.88888888888889
Q13467,nD1,33-150,92006,e1ijyB1,543.1.1,0.995,0.992,20.4,0.959,0.724,good_domain,4,1,subset_269,118,1,0.0
Q13467,nD2,191-545,1140643,e4n4wA1,5001.1.1,1.0,1.0,36.6,0.89,1.243,good_domain,8,5,subset_269,355,2,21.12676056338028
O96000,nD1,1-165,2117860,e5xtiBd1,1130.1.1,1.0,1.0,15.2,0.959,0.965,good_domain,3,0,subset_269,165,2,100.0
P29371,nD1,71-390,2565169,e6todB1,5001.1.1,0.999,1.0,34.5,0.91,1.121,good_domain,8,2,subset_269,320,2,31.5625
P11166,nD1,1-475,1567956,e4zw9A1,5050.1.1,1.0,1.0,27.0,1.0,2.154,good_domain,17,0,subset_151,475,2,28.842105263157894
Q02108,nD1,71-260,137765,e3iqbA1,873.1.1,0.989,0.993,12.4,0.814,1.111,good_domain,6,4,subset_151,190,2,100.0
Q02108,nD2,276-415,2816576,e7d9rB3,223.1.1,0.996,1.0,17.7,0.765,0.959,good_domain,5,5,subset_151,140,1,100.0
Q02108,nD3,436-670,437201,e3uvjC1,304.48.1,0.997,0.998,33.0,0.99,1.076,good_domain,7,8,subset_151,235,2,100.0
Q14833,nD1,"41-200,336-470",1567052,e5c5cA1,2007.1.2,0.997,1.0,42.5,0.794,2.063,good_domain,7,8,subset_151,295,2,0.0
Q14833,nD2,"201-335,471-510",2442129,e6n51B3,2007.1.2,0.999,1.0,26.5,0.552,1.224,good_domain,5,8,subset_151,175,2,0.0
Q14833,nD3,516-575,1645448,e2e4xA3,389.1.3,0.994,1.0,8.1,0.868,1.111,good_domain,0,6,subset_151,60,0,0.0
Q14833,nD4,"581-680,696-725,746-855",1291848,e4or2B1,5001.1.1,0.997,1.0,34.1,0.865,0.841,good_domain,7,0,subset_151,240,2,18.75
Q8WYB5,nD1,6-85,2080107,e5n41A1,101.1.2,0.993,0.0,6.0,0.983,0.842,good_domain,3,0,subset_350,80,0,100.0
Q8WYB5,nD2,106-175,2642,e1ustA1,101.1.2,0.994,0.958,9.0,0.739,0.737,good_domain,3,2,subset_350,70,0,100.0
Q8WYB5,nD3,201-270,1107754,e4lk9A1,376.1.3,0.992,0.981,10.9,0.986,1.069,good_domain,1,0,subset_350,70,0,100.0
Q8WYB5,nD4,271-320,1107755,e4lk9A2,376.1.3,0.993,0.981,7.7,0.961,0.763,simple_topology,0,0,subset_350,50,0,100.0
Q8WYB5,nD5,721-770,1155569,e2ou2A5,386.1.1,0.995,1.0,9.0,0.893,1.515,good_domain,1,3,subset_350,50,0,100.0
Q8WYB5,nD6,"771-905,986-995",2644275,e7cmrA2,213.1.1,0.993,1.0,18.9,0.992,0.881,good_domain,4,6,subset_350,145,1,100.0
Q8WYB5,nD7,906-985,2760149,e7d0pA2,101.1.15,0.994,1.0,11.6,0.87,0.92,good_domain,3,3,subset_350,80,0,100.0
Q13733,nD1,176-280,2625690,e6lcpA3,10.13.1,0.997,1.0,9.3,0.61,0.905,good_domain,3,5,subset_350,105,1,100.0
Q13733,nD2,391-600,2533002,e6jxhA5,267.1.1,0.997,1.0,32.2,0.972,1.273,good_domain,5,8,subset_350,210,2,100.0
Q13733,nD3,"41-170,286-375,771-1029",2664790,e7bsqA1,5073.1.1,0.99,1.0,19.2,0.741,1.016,good_domain,16,3,subset_350,479,2,40.08350730688935
Q13733,nD4,"376-390,601-770",2523992,e6jxhA3,2006.1.1,0.997,1.0,32.1,0.963,0.925,good_domain,10,8,subset_350,185,2,100.0
Q9P1W9,nD1,16-310,141175,e3a99A1,206.1.1,0.997,0.999,36.8,0.974,0.98,good_domain,10,11,subset_350,295,2,100.0
P46937,nD1,171-205,2516780,e6j1yB3,64.1.1,0.998,0.965,4.2,0.467,0.761,good_domain,0,3,subset_271,35,0,100.0
P46937,nD2,221-265,2517949,e6j1xB3,64.1.1,0.996,0.948,3.3,0.515,0.978,good_domain,0,3,subset_271,45,0,100.0
P46937,nD3,301-330,2713,e2p4wA1,101.1.2,0.286,0.0,3.5,na,na,simple_topology,1,0,subset_271,30,0,100.0
Q9Y6M9,nD1,6-179,2117879,e5xtip1,1128.1.1,1.0,1.0,16.3,1.0,1.749,good_domain,4,0,subset_271,174,2,100.0
P42680,nD1,"6-115,146-155",1513135,e4y93A2,220.1.1,0.996,1.0,16.7,0.739,0.984,good_domain,2,6,subset_271,120,1,100.0
P42680,nD2,116-145,132449,e1btkB2,398.1.1,0.996,0.987,2.4,0.882,0.789,simple_topology,0,0,subset_271,30,0,100.0
P42680,nD3,176-240,501,e1k9aA1,4.1.1,0.992,1.0,9.9,0.845,0.812,good_domain,1,4,subset_271,65,0,100.0
P42680,nD4,241-350,221371,e4fl2A3,214.1.1,0.997,1.0,16.0,0.795,0.991,good_domain,2,3,subset_271,110,1,100.0
P42680,nD5,351-625,153871,e4hctA1,206.1.1,0.997,1.0,40.9,1.0,0.914,good_domain,10,9,subset_271,275,2,100.0
Q06187,nD1,1-135,1513135,e4y93A2,220.1.1,0.994,1.0,18.3,0.855,1.107,good_domain,3,7,subset_422,135,1,100.0
Q06187,nD2,136-170,132449,e1btkB2,398.1.1,0.967,0.993,0.0,1.0,0.921,good_domain,0,0,subset_422,35,0,100.0
Q06187,nD3,211-275,2322692,e6amwA2,4.1.1,0.988,0.992,5.5,0.442,0.812,good_domain,1,4,subset_422,65,0,100.0
Q06187,nD4,276-380,221371,e4fl2A3,214.1.1,0.998,1.0,17.2,0.78,0.946,good_domain,2,3,subset_422,105,1,100.0
Q06187,nD5,381-655,1513134,e4y93A1,206.1.1,0.998,1.0,42.8,0.96,0.914,good_domain,10,9,subset_422,275,2,100.0
O60706,nD1,"26-195,206-615,966-1020,1036-1075,1091-1285",2487486,e6jb3B2,1075.4.1,1.0,1.0,13.4,0.981,2.698,good_domain,21,1,subset_422,870,3,49.6551724137931
O60706,nD2,"616-625,666-925",2814625,e7msmx1,2004.1.1,0.997,0.0,18.2,0.819,1.211,good_domain,7,10,subset_422,270,2,100.0
O60706,nD3,1291-1545,2415226,e6hzmB2,2004.1.1,0.997,0.995,19.9,0.655,1.143,good_domain,9,10,subset_422,255,2,100.0
P09693,nD1,31-130,39201,e1sy6A1,11.1.1,0.998,0.968,13.8,0.901,0.926,good_domain,2,6,subset_422,100,1,0.0
P41212,nD1,51-129,334537,e2qarB1,102.1.1,0.996,0.993,12.5,0.849,1.013,good_domain,3,0,subset_342,79,0,100.0
P41212,nD2,333-450,150057,e2lf8A1,101.1.2,0.996,0.996,17.0,0.891,1.242,good_domain,4,4,subset_342,118,1,100.0
P22460,nD1,121-215,166293,e2r9rB2,226.1.1,0.996,1.0,21.3,0.931,0.812,good_domain,5,3,subset_342,95,1,100.0
P22460,nD2,221-540,2794037,e7e7zC1,5054.1.1,0.999,0.999,22.0,0.945,1.404,good_domain,10,0,subset_342,320,2,27.5
P37023,nD1,31-115,151383,e2lcrA1,382.1.1,0.996,0.958,6.2,0.742,1.133,good_domain,0,4,subset_342,85,0,0.0
P37023,nD2,121-155,1764134,e2n2aA1,3569.1.1,0.906,0.898,0.0,0.431,0.603,simple_topology,1,0,subset_342,35,0,40.0
P37023,nD3,181-503,1482181,e4x2kA1,206.1.1,0.998,0.999,44.3,0.997,1.073,good_domain,9,13,subset_342,323,2,100.0
Q9UQ13,nD1,"6-30,66-555",1173480,e4mn8A6,207.1.1,0.989,1.0,31.6,0.603,1.813,good_domain,2,20,subset_211,515,2,100.0
P35268,nD1,11-115,1920381,e4v6xCU1,3715.1.1,0.998,0.999,16.4,0.902,1.05,good_domain,3,6,subset_211,105,1,100.0
P28062,nD1,37-270,1871844,e5le5K1,210.1.1,0.994,0.999,32.6,0.985,1.026,good_domain,6,13,subset_211,234,2,100.0
P30566,nD1,11-110,2330522,e5nx9D1,4952.1.1,0.989,1.0,12.2,0.971,0.787,good_domain,6,0,subset_285,100,1,100.0
P30566,nD2,"111-365,451-484",2330524,e5nx9D3,602.1.1,0.999,1.0,28.8,0.992,1.133,good_domain,9,2,subset_285,289,2,100.0
P30566,nD3,366-450,2330523,e5nx9D2,4953.1.1,0.995,1.0,15.7,0.639,0.994,good_domain,3,1,subset_285,85,0,100.0
O00217,nD1,36-210,2644090,e6yj4I1,205.1.1,0.999,0.993,24.2,0.901,2.071,good_domain,2,5,subset_285,175,2,100.0
Q8IW41,nD1,"1-185,191-340,346-370",1166157,e3fhrA2,206.1.1,0.999,0.999,37.4,0.96,1.196,good_domain,12,10,subset_285,360,2,100.0
Q8IW41,nD2,386-470,3769,e2j9uA1,601.28.1,0.821,0.0,8.2,na,na,low_confidence,4,0,subset_285,85,0,100.0
Q9H6I2,nD1,66-140,2423,e2lefA1,190.1.1,0.996,0.983,5.9,0.872,0.904,good_domain,3,0,subset_267,75,0,100.0
P51970,nD1,6-170,1921083,e5lnkY1,568.1.1,1.0,1.0,17.4,0.965,2.426,good_domain,3,0,subset_267,165,2,100.0
P25024,nD1,36-350,2080689,e5vblB1,5001.1.1,0.999,1.0,34.7,0.939,1.103,good_domain,9,2,subset_267,315,2,28.253968253968253
P18084,nD1,26-80,1625671,e4g1mB3,355.1.1,0.999,1.0,9.8,0.879,1.0,good_domain,2,2,subset_64,55,0,0.0
P18084,nD2,136-380,1412983,e4wk0B2,2006.1.6,0.996,1.0,32.9,0.984,1.161,good_domain,8,8,subset_64,245,2,0.0
P18084,nD3,"81-135,381-470",2772057,e7nxdB7,11.1.1,0.996,1.0,16.2,0.958,1.343,good_domain,0,9,subset_64,145,1,0.0
P18084,nD4,471-505,1769898,e3ijeB6,389.1.1,0.957,1.0,0.0,0.761,0.824,simple_topology,0,2,subset_64,35,0,0.0
P18084,nD5,511-550,2390272,e6bxbB5,389.1.1,1.0,1.0,7.8,0.741,0.941,good_domain,1,3,subset_64,40,0,0.0
P18084,nD6,551-590,1005450,e2p28B3,389.1.1,1.0,0.998,5.3,0.93,0.941,good_domain,1,2,subset_64,40,0,0.0
P18084,nD7,591-630,1005449,e2p28B2,389.1.1,1.0,0.941,5.4,0.766,0.941,good_domain,1,2,subset_64,40,0,0.0
P18084,nD8,631-715,1665036,e3ijeB2,827.1.1,0.998,1.0,10.3,0.867,0.977,good_domain,2,4,subset_64,85,0,0.0
P18084,nD9,721-765,1002535,e3g9wD1,3661.1.1,0.966,0.979,0.0,0.625,1.034,simple_topology,1,0,subset_64,45,0,37.77777777777778
P28223,nD1,66-410,2814322,e7wc4A1,5001.1.1,1.0,1.0,40.9,0.98,1.208,good_domain,8,0,subset_64,345,2,35.072463768115945
P31751,nD1,1-125,935,e1unqA1,220.1.1,0.996,0.986,18.1,0.958,1.025,good_domain,1,7,subset_64,125,1,100.0
P31751,nD2,136-475,80240,e2jdoA1,206.1.1,0.999,1.0,48.1,0.92,1.13,good_domain,9,8,subset_64,340,2,100.0
P43627,nD1,21-225,2642818,e6zdxB1,11.1.1,0.986,0.997,23.1,0.97,1.898,good_domain,1,15,subset_64,205,2,0.4878048780487805
P17752,nD1,11-100,176905,e3mwbA2,304.8.1,0.997,0.987,9.7,0.696,1.071,good_domain,2,3,subset_494,90,1,100.0
P17752,nD2,106-440,2067738,e5jk5B1,257.1.1,0.999,1.0,44.8,0.954,1.095,good_domain,11,12,subset_494,335,2,100.0
P51168,nD1,"21-155,191-570",2593142,e6vtkA1,3223.1.1,1.0,1.0,27.4,0.882,1.265,good_domain,14,14,subset_494,515,2,10.679611650485437
P05113,nD1,26-130,4015,e1lqsL1,150.3.1,0.905,0.0,6.2,0.535,0.695,good_domain,4,0,subset_494,105,1,0.0
P42262,nD1,131-260,1873473,e4gpaA2,2007.1.2,1.0,1.0,27.2,0.459,0.909,good_domain,4,5,subset_388,130,1,0.0
P42262,nD2,"26-130,261-390",1402082,e4u4gD2,2007.1.2,0.997,1.0,37.3,0.932,1.643,good_domain,6,9,subset_388,235,2,0.0
P42262,nD3,"401-520,751-795",2062177,e4q0cC4,7523.1.1,0.996,0.978,18.6,0.484,1.1,good_domain,4,9,subset_388,165,2,0.0
P42262,nD4,"531-650,796-850",2816920,e7f57A3,5054.1.1,0.993,1.0,11.6,0.807,0.768,good_domain,4,1,subset_388,175,2,44.0
P42262,nD5,"521-530,651-750",1887650,e5dtbA1,7523.1.1,0.996,0.998,19.9,0.972,0.733,good_domain,5,4,subset_388,110,1,0.0
P30531,nD1,"43-555,576-585",1551987,e4xp9C1,5051.1.1,1.0,1.0,48.9,0.948,1.116,good_domain,18,3,subset_388,523,2,25.621414913957935
Q13705,nD1,26-120,2813734,e7mrzC1,382.1.1,0.998,0.992,17.7,0.99,1.267,good_domain,0,7,subset_388,95,1,0.0
Q13705,nD2,136-165,2452528,e6ithA1,6169.1.1,0.863,0.634,0.0,0.543,0.769,simple_topology,1,0,subset_388,30,0,23.333333333333332
Q13705,nD3,171-505,150203,e4asxA1,206.1.1,0.996,0.999,43.7,0.997,1.113,good_domain,9,13,subset_388,335,2,100.0
P08684,nD1,11-503,2146329,e5veuC1,149.1.1,1.0,1.0,58.2,0.998,1.223,good_domain,14,10,subset_438,493,2,96.95740365111561
P78334,nD1,71-275,2388936,e6d6tE1,11.12.1,0.998,1.0,27.3,0.751,0.972,good_domain,4,11,subset_438,205,2,0.0
P78334,nD2,"276-375,476-500",2656025,e6x3tE2,5057.1.1,0.994,1.0,19.8,0.915,0.862,good_domain,4,1,subset_438,125,1,21.6
P08476,nD1,"51-105,121-255,286-310",1866223,e5hlyA2,10.2.1,1.0,1.0,24.0,0.811,0.929,good_domain,4,11,subset_438,215,2,0.0
P08476,nD2,311-425,1165227,e2arpA2,385.1.1,0.997,0.999,10.1,0.845,1.085,good_domain,1,7,subset_438,115,1,0.0
P04899,nD1,61-180,3525,e1cipA1,135.1.1,0.996,1.0,22.8,0.983,0.984,good_domain,6,0,subset_44,120,1,100.0
P04899,nD2,"6-60,181-355",101495,e1shzD2,2004.1.1,0.999,1.0,34.1,0.995,1.031,good_domain,8,7,subset_44,230,2,100.0
O43526,nD1,66-325,2794037,e7e7zC1,5054.1.1,0.999,0.998,16.0,0.941,1.14,good_domain,10,0,subset_44,260,2,35.0
O43526,nD2,"331-365,531-560",2166091,e6b8qG1,6170.1.1,0.987,0.982,9.0,0.939,0.778,good_domain,3,0,subset_44,65,0,100.0
O43526,nD3,566-590,217386,e3vouA1,5054.1.1,0.975,0.0,10.2,0.18,0.11,simple_topology,1,0,subset_44,25,0,100.0
O43526,nD4,621-645,2608170,e6tz4O1,3291.1.1,0.371,0.0,5.5,na,na,simple_topology,1,0,subset_44,25,0,100.0
P14780,nD1,31-105,3398,e1l6jA1,144.1.1,0.999,1.0,8.5,0.805,0.974,good_domain,4,0,subset_44,75,0,0.0
P14780,nD2,216-275,1414011,e1gxdA1,380.1.1,1.0,1.0,11.4,0.967,0.723,good_domain,0,4,subset_44,60,0,0.0
P14780,nD3,"106-215,391-445",1410803,e1su3A3,2498.1.1,0.999,1.0,27.9,0.957,0.657,good_domain,3,6,subset_44,165,2,0.0
P14780,nD4,276-330,90108,e1cxwA1,380.1.1,1.0,0.908,9.8,0.898,0.663,good_domain,0,4,subset_44,55,0,0.0
P14780,nD5,336-390,90088,e1l6jA3,380.1.1,1.0,1.0,12.4,0.932,0.663,good_domain,0,4,subset_44,55,0,0.0
P14780,nD6,511-705,2165,e1itvA1,5.1.1,0.991,0.999,29.6,0.99,0.99,good_domain,5,16,subset_44,195,2,0.0
P03979,nD1,26-115,2138677,e5wlgD1,11.1.1,0.996,0.981,11.0,0.901,0.833,good_domain,0,7,subset_44,90,1,0.0
P10721,nD1,16-115,1758365,e4expX1,11.1.1,1.0,0.998,18.4,0.414,0.926,good_domain,1,8,subset_380,100,1,10.0
P10721,nD2,116-205,1758365,e4expX1,11.1.1,1.0,0.998,18.4,0.478,0.833,good_domain,1,7,subset_380,90,1,0.0
P10721,nD3,206-310,1220100,e2e9wB11,11.1.1,1.0,1.0,19.1,1.0,0.972,good_domain,1,8,subset_380,105,1,0.0
P10721,nD4,311-410,1761001,e4k94C1,11.1.1,1.0,0.995,18.8,0.943,0.926,good_domain,1,8,subset_380,100,1,0.0
P10721,nD5,411-520,1220114,e3rnqB4,11.1.1,0.998,0.993,10.6,0.424,1.019,good_domain,1,8,subset_380,110,1,0.0
P10721,nD6,521-550,2722216,e7dcoD13,11.1.1,0.684,0.0,3.1,na,na,simple_topology,1,0,subset_380,30,0,23.333333333333332
P10721,nD7,"556-690,761-950",2761663,e7khgA1,206.1.1,0.993,0.999,44.6,0.933,1.08,good_domain,11,12,subset_380,325,2,100.0
P29275,nD1,6-315,419894,e2ydvA1,5001.1.1,0.999,1.0,33.4,0.927,1.086,good_domain,7,2,subset_380,310,2,27.741935483870968
P22612,nD1,16-350,2165061,e5n1fA1,206.1.1,1.0,1.0,53.8,0.976,1.113,good_domain,10,8,subset_380,335,2,100.0
P04629,nD1,6-185,1406724,e4pbwA1,207.1.1,0.996,0.995,22.1,0.838,0.634,good_domain,1,6,subset_385,180,2,15.555555555555555
P04629,nD2,191-280,39115,e2ifgB1,11.1.1,0.997,1.0,15.5,0.957,0.833,good_domain,0,7,subset_385,90,1,0.0
P04629,nD3,281-390,256833,e1wwbX1,11.1.1,0.984,0.966,10.7,0.835,1.019,good_domain,1,7,subset_385,110,1,0.0
P04629,nD4,491-790,2542775,e6kzdA1,206.1.1,0.995,1.0,38.3,0.89,0.997,good_domain,12,9,subset_385,300,2,100.0
O95977,nD1,16-345,1266873,e3v2yA10,5001.1.1,0.999,1.0,30.1,0.927,1.156,good_domain,11,1,subset_385,330,2,28.78787878787879
Q04609,nD1,116-350,117807,e1z8lB3,2487.1.1,0.995,1.0,27.0,0.996,1.46,good_domain,3,8,subset_385,235,2,0.0
Q04609,nD2,"56-115,351-595",370540,e3fedA2,2011.1.1,0.999,1.0,46.7,0.977,1.046,good_domain,10,9,subset_385,305,2,0.0
Q04609,nD3,596-750,370539,e3fedA1,611.1.1,0.996,1.0,16.3,0.957,0.994,good_domain,6,3,subset_385,155,2,0.0
P31749,nD1,6-120,935,e1unqA1,220.1.1,0.997,0.987,18.5,0.933,0.943,good_domain,1,7,subset_91,115,1,100.0
P31749,nD2,146-475,80240,e2jdoA1,206.1.1,0.999,1.0,47.7,0.917,1.096,good_domain,9,9,subset_91,330,2,100.0
P35408,nD1,11-330,2428960,e5ywyA1,5001.1.1,0.999,1.0,38.0,0.916,1.121,good_domain,7,2,subset_91,320,2,27.5
Q13490,nD1,41-125,426822,e3sipF1,381.1.1,0.997,0.994,9.9,0.769,0.81,good_domain,4,2,subset_91,85,0,100.0
Q13490,nD2,176-255,166845,e2vm5A1,381.1.1,0.996,0.992,11.6,0.726,0.762,good_domain,5,2,subset_91,80,0,100.0
Q13490,nD3,261-360,8258,e1jd5A1,381.1.1,0.995,0.995,14.9,0.943,0.952,good_domain,5,2,subset_91,100,1,100.0
Q13490,nD4,376-450,146670,e2knaA1,103.1.1,0.994,0.959,6.9,0.548,1.316,good_domain,3,0,subset_91,75,0,100.0
Q13490,nD5,456-545,154650,e4i16A1,110.1.1,0.99,0.0,11.7,0.944,0.938,good_domain,4,0,subset_91,90,1,100.0
Q13490,nD6,571-615,2777516,e7ddeK3,376.1.1,0.976,0.0,3.7,0.784,0.577,good_domain,0,3,subset_91,45,0,100.0
P23510,nD1,26-50,1548159,e4xhcA1,10.1.2,0.11,0.0,4.6,na,na,simple_topology,1,0,subset_91,25,0,0.0
P23510,nD2,56-183,31393,e2hevF1,10.3.1,0.998,1.0,25.3,1.0,0.901,good_domain,0,7,subset_91,128,1,0.0
P05106,nD1,32-80,992397,e3k6sF3,355.1.1,1.0,1.0,5.1,0.797,0.891,good_domain,2,2,subset_498,49,0,0.0
P05106,nD2,136-380,1412983,e4wk0B2,2006.1.6,0.995,1.0,33.2,0.988,1.161,good_domain,7,8,subset_498,245,2,0.0
P05106,nD3,"81-135,381-460",2772057,e7nxdB7,11.1.1,0.996,1.0,14.0,0.896,1.25,good_domain,0,10,subset_498,135,1,0.0
P05106,nD4,461-510,1005448,e2p28B1,389.1.1,0.992,0.998,2.8,0.881,1.176,good_domain,0,2,subset_498,50,0,0.0
P05106,nD5,511-550,2390272,e6bxbB5,389.1.1,1.0,1.0,6.6,0.741,0.941,good_domain,1,3,subset_498,40,0,0.0
P05106,nD6,551-590,1625673,e4g1mB5,389.1.1,1.0,1.0,5.7,0.949,0.941,good_domain,1,2,subset_498,40,0,0.0
P05106,nD7,591-630,2393139,e6bxjA6,389.1.1,1.0,1.0,7.8,0.8,0.941,good_domain,1,2,subset_498,40,0,0.0
P05106,nD8,631-715,1665036,e3ijeB2,827.1.1,0.999,1.0,15.6,0.933,0.977,good_domain,1,4,subset_498,85,0,0.0
P05106,nD9,721-760,1002535,e3g9wD1,3661.1.1,0.969,0.987,0.0,0.525,0.92,simple_topology,1,0,subset_498,40,0,40.0
Q96KK3,nD1,51-170,1760353,e3dryC1,226.1.1,0.992,0.993,10.5,0.567,1.026,good_domain,5,5,subset_498,120,1,100.0
Q96KK3,nD2,186-515,1281106,e4g80I1,5054.1.1,0.991,0.983,8.7,0.942,1.447,good_domain,8,0,subset_498,330,2,39.696969696969695
P20702,nD1,146-325,9957,e1mf7A1,2006.1.6,0.999,0.994,28.6,0.928,0.853,good_domain,7,6,subset_246,180,2,0.0
P20702,nD2,"21-140,336-615",1140452,e4nehA4,5.1.4,0.981,1.0,53.3,0.943,1.114,good_domain,2,29,subset_246,400,2,0.0
P20702,nD3,616-770,1140449,e4nehA1,11.1.1,0.999,1.0,20.7,0.981,1.435,good_domain,0,7,subset_246,155,2,0.0
P20702,nD4,776-920,1140450,e4nehA2,11.1.1,0.999,1.0,24.2,0.98,1.343,good_domain,0,10,subset_246,145,1,0.0
P20702,nD5,921-1105,1140451,e4nehA3,11.1.1,0.999,1.0,31.3,0.995,1.713,good_domain,2,11,subset_246,185,2,0.0
P00439,nD1,21-110,1831294,e5fgjA2,304.8.1,0.997,1.0,11.5,0.882,1.071,good_domain,2,4,subset_246,90,1,100.0
P00439,nD2,111-450,2067738,e5jk5B1,257.1.1,0.998,1.0,46.8,0.961,1.111,good_domain,11,10,subset_246,340,2,100.0
P47901,nD1,26-365,2664758,e7br3A1,5001.1.1,0.998,1.0,25.5,0.872,1.191,good_domain,8,2,subset_246,340,2,34.11764705882353
P37231,nD1,136-220,350953,e3e00D2,377.1.1,0.993,1.0,15.5,0.933,1.7,good_domain,3,2,subset_268,85,0,100.0
P37231,nD2,236-505,2709700,e6lxaA1,188.1.1,1.0,0.999,38.1,0.97,1.116,good_domain,11,3,subset_268,270,2,100.0
O43678,nD1,6-99,2719929,e6zm5b1,2485.1.1,0.998,0.999,14.3,0.587,0.832,good_domain,3,3,subset_268,94,1,100.0
Q15761,nD1,"31-275,296-335,341-440",2771934,e7ezmD1,5001.1.1,0.999,1.0,33.5,0.911,1.349,good_domain,8,2,subset_268,385,2,40.0
Q9Y261,nD1,156-250,2443853,e6akpC1,101.1.2,0.998,0.997,16.3,0.899,1.0,good_domain,4,3,subset_300,95,1,100.0
P03915,nD1,1-600,2791539,e7ar9M1,3281.1.1,0.999,1.0,39.5,0.979,1.217,good_domain,22,4,subset_300,600,3,87.83333333333333
Q02779,nD1,21-80,501,e1k9aA1,4.1.1,0.995,0.999,9.3,0.789,0.75,good_domain,1,4,subset_300,60,0,100.0
Q02779,nD2,81-400,1823373,e4uy9B1,206.1.1,0.999,1.0,42.3,0.968,1.063,good_domain,10,7,subset_300,320,2,100.0
Q02779,nD3,401-445,2721645,e6w1sW1,4207.1.1,0.9,0.0,4.4,0.381,0.333,simple_topology,1,0,subset_300,45,0,100.0
P35367,nD1,"21-235,381-485",1273958,e3rzeA3,5001.1.1,1.0,1.0,34.7,0.92,1.121,good_domain,8,0,subset_475,320,2,33.75
P07098,nD1,21-395,2636384,e6v7nB1,7579.1.1,1.0,1.0,61.4,0.96,1.316,good_domain,13,10,subset_475,375,2,0.0
P08670,nD1,96-140,1547280,e1i84S3,3860.1.1,0.849,0.993,0.0,na,na,simple_topology,1,0,subset_475,45,0,100.0
P08670,nD2,146-230,2816307,e6z26B1,192.8.1,1.0,0.933,5.3,0.806,1.156,simple_topology,1,0,subset_475,85,0,100.0
P08670,nD3,271-350,1560739,e5al7A3,3939.1.1,0.894,0.0,4.3,1.0,1.333,simple_topology,1,0,subset_475,80,0,100.0
P08670,nD4,351-410,2085433,e5nugB13,148.1.3,0.678,0.976,0.0,na,na,simple_topology,1,0,subset_475,60,0,100.0
O00161,nD1,"6-105,141-210",na,na,na,na,na,na,na,na,low_confidence,3,1,subset_183,170,2,100.0
P62241,nD1,1-205,001414903,e2mvfA1,3174.1.1,0.947,0.998,5.5,0.83,1.486,good_domain,6,5,subset_183,205,2,100.0
Q12852,nD1,96-405,001823401,e5cenA1,206.1.1,1.0,0.999,43.6,0.996,1.03,good_domain,11,8,subset_183,310,2,100.0
Q12852,nD2,406-465,001551339,e5aj4Ad1,3967.1.1,0.752,0.0,4.3,na,na,simple_topology,1,0,subset_183,60,0,100.0
P00533,nD1,31-210,389598,e3h3bA1,207.1.1,0.993,0.999,28.9,0.917,0.634,good_domain,2,5,subset_54,180,2,0.0
P00533,nD2,211-335,1514585,e3wsqA3,389.6.1,1.0,1.0,13.0,0.79,0.94,good_domain,0,9,subset_54,125,1,0.0
P00533,nD3,336-535,1833689,e1moxB3,207.1.1,0.992,1.0,34.1,0.99,0.704,good_domain,2,7,subset_54,200,2,0.0
P00533,nD4,536-630,147709,e3qwqA4,389.6.1,0.999,1.0,12.8,0.709,0.714,good_domain,1,6,subset_54,95,1,0.0
P00533,nD5,651-680,184835,e2m20A1,3569.1.1,0.975,0.928,0.0,0.5,0.517,simple_topology,1,0,subset_54,30,0,43.333333333333336
P00533,nD6,696-1025,1678139,e4r3pA1,206.1.1,0.992,1.0,41.2,0.954,1.096,good_domain,10,10,subset_54,330,2,100.0
P28221,nD1,"26-245,266-370",2156947,e5v54B1,5001.1.1,0.999,1.0,33.6,0.939,1.138,good_domain,7,0,subset_54,325,2,32.0
P08253,nD1,36-105,51858,e1slmA1,144.1.1,0.999,0.999,8.8,0.831,0.909,good_domain,3,0,subset_54,70,0,0.0
P08253,nD2,221-275,2642574,e6szwD1,380.1.1,1.0,0.907,9.1,0.981,0.663,good_domain,0,4,subset_54,55,0,0.0
P08253,nD3,"116-215,391-460",1410803,e1su3A3,2498.1.1,0.998,1.0,28.0,0.988,0.677,good_domain,3,6,subset_54,170,2,0.0
P08253,nD4,276-335,176780,e3m7pA1,380.1.1,1.0,0.973,11.7,0.967,0.723,good_domain,0,4,subset_54,60,0,0.0
P08253,nD5,341-390,176780,e3m7pA1,380.1.1,1.0,0.845,10.8,0.833,0.602,good_domain,0,4,subset_54,50,0,0.0
P08253,nD6,466-660,1414015,e1gxdA5,5.1.1,0.991,1.0,31.9,0.924,0.99,good_domain,2,14,subset_54,195,2,0.0
P61812,nD1,"31-55,81-290",1866223,e5hlyA2,10.2.1,1.0,1.0,11.6,0.683,1.015,good_domain,5,10,subset_54,235,2,0.0
P61812,nD2,"306-355,376-414",8304,e2tgiA1,385.1.1,0.999,0.998,12.7,0.795,0.84,good_domain,0,9,subset_54,89,1,0.0
P00750,nD1,37-80,91872,e1tpmA1,391.1.1,1.0,0.961,6.9,0.88,0.957,good_domain,0,5,subset_481,44,0,0.0
P00750,nD2,81-125,1156301,e1tpgA4,389.1.1,0.999,0.863,4.6,0.976,1.059,good_domain,0,3,subset_481,45,0,0.0
P00750,nD3,126-210,985510,e4a5tS2,380.1.1,0.934,0.99,0.0,0.963,1.024,good_domain,0,2,subset_481,85,0,0.0
P00750,nD4,216-295,2756030,e7mo7A1,380.1.1,0.985,1.0,6.2,0.717,0.964,simple_topology,0,2,subset_481,80,0,0.0
P00750,nD5,301-560,2393053,e5yc6U1,1.1.17,0.981,1.0,36.5,0.972,1.126,good_domain,3,13,subset_481,260,2,0.0
Q09470,nD1,36-145,166293,e2r9rB2,226.1.1,0.993,1.0,19.4,1.0,0.94,good_domain,6,4,subset_481,110,1,100.0
Q09470,nD2,146-435,2816563,e7d7eB2,5054.1.1,0.992,0.988,9.1,0.502,1.272,good_domain,9,2,subset_481,290,2,26.551724137931036
Q09470,nD3,451-480,2816563,e7d7eB2,5054.1.1,0.906,0.0,9.1,0.062,0.132,simple_topology,1,0,subset_481,30,0,100.0
P01138,nD1,131-235,152507,e4ec7A1,385.1.1,0.998,1.0,13.4,0.912,0.991,good_domain,0,7,subset_481,105,1,0.0
Q14498,nD1,136-235,002103379,e5kw6A1,304.9.1,0.995,0.996,8.9,0.881,1.053,good_domain,3,4,subset_126,100,1,100.0
Q14498,nD2,236-350,002722991,e7dvqY1,304.9.1,0.994,0.975,15.6,0.643,1.211,good_domain,3,4,subset_126,115,1,100.0
Q14498,nD3,411-530,000143581,e3s6eA1,304.9.1,0.993,0.981,13.3,0.973,1.263,good_domain,4,4,subset_126,120,1,100.0
O60885,nD1,36-170,002500488,e6ajwA1,633.1.1,0.996,0.985,22.1,0.985,1.116,good_domain,4,1,subset_126,135,1,100.0
O60885,nD2,346-460,001288937,e4py6A1,633.1.1,0.995,0.977,10.2,0.841,0.95,good_domain,5,0,subset_126,115,1,100.0
O60885,nD3,506-530,002794204,e7eftB1,1.1.5,0.913,0.815,0.0,0.083,0.147,simple_topology,1,0,subset_126,25,0,100.0
O60885,nD4,606-675,002756507,e7jq8A1,3525.1.1,0.984,0.99,9.1,0.729,0.8,good_domain,3,0,subset_126,70,0,100.0
O60885,nD5,1226-1305,na,na,na,na,na,na,na,na,simple_topology,1,0,subset_126,80,0,100.0
P10242,nD1,41-90,163970,e2dimA1,101.1.1,0.993,0.963,9.0,0.714,0.685,good_domain,3,0,subset_24,50,0,100.0
P10242,nD2,91-200,1212564,e3ukgA3,101.1.1,0.99,0.992,5.2,0.427,1.507,good_domain,6,0,subset_24,110,1,100.0
Q9UBS5,nD1,31-100,2799909,e7nydC3,389.1.2,0.997,0.984,8.0,0.95,1.111,good_domain,1,6,subset_24,70,0,0.0
Q9UBS5,nD2,101-160,135136,e2wiiC4,389.1.2,0.998,0.979,9.0,0.906,0.952,good_domain,0,5,subset_24,60,0,0.0
Q9UBS5,nD3,"166-290,431-535",1874040,e4mqeA1,2007.1.2,0.997,1.0,38.2,0.808,1.608,good_domain,6,7,subset_24,230,2,0.0
Q9UBS5,nD4,"291-430,536-580",1842918,e5fbkA1,2007.1.2,0.997,0.999,19.0,0.509,1.294,good_domain,5,8,subset_24,185,2,0.0
Q9UBS5,nD5,586-870,2635598,e6uo8A3,5001.1.1,1.0,1.0,32.0,0.958,0.998,good_domain,7,2,subset_24,285,2,23.157894736842106
Q9UBS5,nD6,886-920,2729786,e7emfU1,4207.1.1,0.616,0.0,3.5,na,na,simple_topology,1,0,subset_24,35,0,100.0
Q9HB55,nD1,11-503,2146329,e5veuC1,149.1.1,0.999,1.0,52.4,0.991,1.223,good_domain,14,10,subset_24,493,2,100.0
P17813,nD1,46-200,2084820,e5i04A2,1160.1.1,0.998,1.0,29.7,0.974,1.013,good_domain,1,10,subset_24,155,2,0.0
P17813,nD2,"26-45,201-330",2086864,e5hzwA1,1160.1.1,0.999,1.0,28.2,0.987,0.98,good_domain,1,11,subset_24,150,1,0.0
P17813,nD3,356-445,1146559,e3nk3A1,11.1.1,0.999,0.995,9.4,0.804,0.833,good_domain,2,7,subset_24,90,1,0.0
P17813,nD4,446-580,142900,e3qw9A1,11.1.1,0.998,0.989,12.3,0.724,1.25,good_domain,3,8,subset_24,135,1,0.0
P17813,nD5,591-615,2131603,e4wolB1,3470.1.1,0.952,0.775,0.0,0.733,0.806,simple_topology,1,0,subset_24,25,0,4.0
Q8N5L8,nD1,16-135,2427779,e6ahuF1,328.1.1,0.995,1.0,12.1,0.718,1.237,good_domain,2,4,subset_108,120,1,100.0
P48039,nD1,6-330,2475329,e6me8A2,5001.1.1,0.999,1.0,35.7,0.862,1.138,good_domain,7,2,subset_108,325,2,30.76923076923077
Q15109,nD1,21-120,1162816,e4bfiA3,11.1.1,0.999,0.989,13.0,0.484,0.926,good_domain,1,7,subset_108,100,1,3.0
Q15109,nD2,121-230,1221879,e4lp5A9,11.1.1,0.999,1.0,20.8,0.948,1.019,good_domain,0,8,subset_108,110,1,0.0
Q15109,nD3,"236-330,346-375",2124038,e5vkjA1,11.1.1,0.998,0.998,13.5,0.944,1.157,good_domain,2,6,subset_108,125,1,11.2
Q15389,nD1,81-110,2125409,e5npwH1,304.60.1,0.89,0.862,0.0,0.366,0.207,simple_topology,1,0,subset_108,30,0,0.0
Q15389,nD2,"111-265,281-498",1564127,e4zfgA1,269.1.1,0.998,1.0,38.7,0.995,1.695,good_domain,5,10,subset_108,373,2,0.0
P28845,nD1,26-280,317552,e2iltA1,2003.1.1,1.0,0.999,45.1,0.927,1.301,good_domain,9,8,subset_441,255,2,100.0
P32754,nD1,6-165,1160883,e3isqA7,211.1.1,0.991,0.985,5.6,0.588,2.353,good_domain,4,8,subset_441,160,2,100.0
P32754,nD2,166-235,1160884,e3isqA8,211.1.1,0.999,1.0,6.9,0.745,1.029,good_domain,1,3,subset_441,70,0,100.0
P32754,nD3,216-380,1160883,e3isqA7,211.1.1,0.996,1.0,23.5,0.971,2.426,good_domain,5,6,subset_441,165,2,100.0
P31994,nD1,36-130,144441,e3ry4A1,11.1.1,0.998,0.997,17.1,1.0,0.88,good_domain,1,7,subset_441,95,1,10.526315789473685
P31994,nD2,"131-215,221-245",144442,e3ry4A2,11.1.1,0.999,0.997,18.4,0.988,1.019,good_domain,3,9,subset_441,110,1,0.0
O75444,nD1,261-355,3916,e1sknP1,137.1.1,0.901,0.995,4.9,0.676,1.173,good_domain,3,0,subset_279,95,1,100.0
O95178,nD1,46-85,2755039,e7b93j1,1123.1.1,0.961,1.0,0.0,0.597,0.678,simple_topology,1,0,subset_279,40,0,17.5
Q8TDV5,nD1,6-315,2704773,e7jvpR1,5001.1.1,0.998,1.0,25.4,0.888,1.086,good_domain,7,2,subset_279,310,2,35.16129032258065
Q9Y2X0,nD1,"6-315,336-465,486-505,736-755",2591579,e6qk7B2,5.1.4,0.981,0.993,16.5,0.794,1.337,good_domain,5,31,subset_200,480,2,100.0
Q9Y2X0,nD2,"466-485,506-560",2048360,e5iwwD1,109.4.1,0.9,0.0,4.1,0.16,0.262,partial_domain,4,0,subset_200,75,0,100.0
Q9Y2X0,nD3,"561-585,607-730",1413708,e2b1eA1,109.4.1,0.513,0.0,3.8,na,na,low_confidence,5,1,subset_200,149,1,100.0
Q9Y2X0,nD4,776-825,2392556,e6cw3E2,376.1.1,0.899,0.0,3.5,0.596,0.641,partial_domain,1,4,subset_200,50,0,100.0
P62266,nD1,1-140,2086146,e5meiY1,2.1.1,1.0,1.0,20.8,0.972,1.346,good_domain,2,5,subset_200,140,1,100.0
P25789,nD1,1-260,2471496,e6qm8C1,210.1.1,0.998,1.0,34.4,0.899,1.14,good_domain,7,10,subset_200,260,2,100.0
Q9Y678,nD1,16-605,2784582,e7p3xA1,109.4.1,1.0,1.0,20.0,0.805,2.063,good_domain,27,1,subset_314,590,3,100.0
Q9Y678,nD2,606-760,1613,e1r4xA1,11.1.1,0.997,1.0,27.2,0.945,1.435,good_domain,1,8,subset_314,155,2,100.0
Q9Y678,nD3,761-874,1683572,e5a1yV2,331.9.1,0.997,1.0,18.3,0.991,1.0,good_domain,4,5,subset_314,114,1,100.0
Q13619,nD1,"41-120,126-405",145671,e4a0kA3,109.4.1,1.0,1.0,29.2,0.986,1.259,good_domain,14,0,subset_314,360,2,100.0
Q13619,nD2,406-495,4626,e1ldjA4,109.4.1,0.994,1.0,17.2,0.916,0.315,partial_domain,4,1,subset_314,90,1,100.0
Q13619,nD3,496-590,7757,e2hyeC5,4001.1.1,0.992,1.0,14.3,0.96,0.96,good_domain,4,2,subset_314,95,1,100.0
Q13619,nD4,591-670,169050,e3dplC4,101.1.2,0.994,1.0,12.0,0.798,0.842,good_domain,3,5,subset_314,80,0,100.0
Q13619,nD5,676-759,2623933,e6v9iC4,101.1.2,0.994,1.0,12.8,0.923,0.884,good_domain,2,3,subset_314,84,0,100.0
Q9H4A4,nD1,21-235,141846,e2xpyA2,4081.1.1,0.996,1.0,25.5,0.883,1.039,good_domain,2,14,subset_314,215,2,100.0
Q9H4A4,nD2,241-495,153286,e3u9wA3,2498.1.1,0.997,1.0,35.2,0.988,1.016,good_domain,9,6,subset_314,255,2,100.0
Q9H4A4,nD3,501-645,153285,e3u9wA2,109.4.1,0.996,1.0,19.1,0.947,0.507,good_domain,8,0,subset_314,145,1,100.0
Q02080,nD1,6-90,2160573,e6bz1B1,263.1.1,0.995,0.985,6.9,0.865,1.006,good_domain,3,2,subset_43,85,0,100.0
P21917,nD1,"13-235,301-325,341-415",2129681,e5wivA1,5001.1.1,0.999,1.0,37.7,0.923,1.131,good_domain,7,0,subset_43,323,2,27.24458204334365
P05067,nD1,26-125,1545070,e4pqdA1,358.2.1,0.988,1.0,18.0,0.905,0.952,good_domain,1,7,subset_43,100,1,0.0
P05067,nD2,126-190,2798199,e7mqyA1,872.2.1,0.999,1.0,13.9,0.942,0.97,good_domain,1,4,subset_43,65,0,0.0
P05067,nD3,286-345,90543,e1zr0D1,384.1.1,0.998,0.898,8.2,1.0,1.017,good_domain,2,2,subset_43,60,0,0.0
P05067,nD4,371-585,2336444,e5tptA1,603.3.1,1.0,1.0,19.7,1.0,1.075,good_domain,5,0,subset_43,215,2,0.0
P05067,nD5,701-725,2131603,e4wolB1,3470.1.1,0.867,0.368,0.0,0.367,0.806,simple_topology,1,0,subset_43,25,0,16.0
P05067,nD6,741-770,2138819,e6az3M1,304.109.1,0.238,0.0,3.3,na,na,simple_topology,2,0,subset_43,30,0,100.0
Q9UQF0,nD1,61-135,326970,e2q8rE1,1170.1.1,0.864,0.0,3.1,0.742,1.079,good_domain,1,3,subset_43,75,0,0.0
Q9UQF0,nD2,196-295,2142124,e6bp2A1,3401.1.1,0.818,0.0,4.7,na,na,low_confidence,0,8,subset_43,100,1,0.0
Q9UQF0,nD3,"151-190,341-415",2097512,e5ha6A1,3782.1.1,0.779,0.997,0.0,na,na,low_confidence,4,2,subset_43,115,1,0.0
Q9UQF0,nD4,446-480,2137927,e6bfuA1,1042.1.1,0.668,0.216,0.0,na,na,simple_topology,1,0,subset_43,35,0,45.714285714285715
Q96L50,nD1,1-135,145282,e3u12A1,220.1.1,0.959,0.0,12.0,0.922,1.107,good_domain,1,7,subset_143,135,1,100.0
Q96L50,nD2,"136-375,396-410",2708584,e6lbxA2,207.1.1,0.989,0.981,21.6,0.744,0.898,good_domain,4,11,subset_143,255,2,100.0
Q9Y6F1,nD1,41-155,167523,e2eocA1,4210.1.1,0.997,0.997,10.9,0.983,0.975,good_domain,2,5,subset_143,115,1,100.0
Q9Y6F1,nD2,196-310,166925,e3c49A1,609.1.1,0.998,1.0,16.6,0.788,0.852,good_domain,4,0,subset_143,115,1,100.0
Q9Y6F1,nD3,"186-195,316-533",166926,e3c49A2,237.1.1,0.998,1.0,38.0,1.0,1.118,good_domain,8,13,subset_143,228,2,100.0
P56373,nD1,11-360,1942452,e5u1xA1,3483.1.1,1.0,1.0,25.7,0.922,1.075,good_domain,8,13,subset_143,350,2,8.0
P15391,nD1,"21-65,231-275",2123352,e5vi4E1,11.1.1,0.994,0.971,6.3,0.649,0.833,good_domain,1,8,subset_302,90,1,0.0
P15391,nD2,66-230,2322997,e6al5A2,11.1.1,1.0,0.998,11.2,0.615,1.528,good_domain,2,12,subset_302,165,2,0.0
P15391,nD3,291-315,1688261,e2n28A1,912.1.1,0.77,0.431,0.0,na,na,simple_topology,1,0,subset_302,25,0,8.0
P03886,nD1,1-318,2676181,e6zkgH1,3281.1.2,1.0,1.0,48.2,1.0,1.0,good_domain,9,0,subset_302,318,2,35.84905660377358
Q9Y2I7,nD1,131-220,185882,e1zbdB3,376.1.3,0.996,0.0,4.0,0.902,1.374,good_domain,4,2,subset_302,90,1,100.0
Q9Y2I7,nD2,341-450,2652,e1v3fA1,101.1.2,0.998,0.974,8.3,0.817,1.158,good_domain,3,4,subset_302,110,1,100.0
Q9Y2I7,nD3,"601-680,836-870",2527356,e6ks6A1,2498.5.1,0.998,0.997,9.1,0.917,1.09,good_domain,5,3,subset_302,115,1,100.0
Q9Y2I7,nD4,681-835,117767,e1gmlC1,2487.1.1,0.998,0.997,21.3,0.833,0.963,good_domain,4,9,subset_302,155,2,100.0
Q9Y2I7,nD5,1036-1075,325352,e2q13A2,4177.1.1,0.032,0.0,3.6,na,na,simple_topology,2,0,subset_302,40,0,100.0
Q9Y2I7,nD6,"871-880,1216-1390",185144,e3d33A1,11.1.1,0.75,0.0,3.0,na,na,low_confidence,4,10,subset_302,185,2,100.0
Q9Y2I7,nD7,"1401-1515,1636-1660",1144608,e4l8iA1,310.2.1,0.904,0.0,8.6,0.939,0.761,good_domain,3,0,subset_302,140,1,100.0
Q9Y2I7,nD8,"1666-1690,1807-2095",2712792,e6ux9A1,206.1.2,0.994,1.0,17.6,0.763,1.256,good_domain,8,14,subset_302,314,2,100.0
P41595,nD1,"41-270,291-400",1954812,e5tvnA1,5001.1.1,0.999,1.0,35.4,0.974,1.191,good_domain,8,0,subset_47,340,2,33.529411764705884
P56817,nD1,61-445,2798737,e7n4nA1,1.1.1,0.994,1.0,52.3,0.935,2.163,good_domain,7,21,subset_47,385,2,0.0
P56817,nD2,456-480,2452528,e6ithA1,6169.1.1,0.906,0.854,0.0,0.686,0.641,simple_topology,1,0,subset_47,25,0,12.0
P10600,nD1,31-290,1503532,e4ycgB1,10.2.1,0.936,0.998,11.0,0.712,1.123,good_domain,6,10,subset_47,260,2,0.0
P10600,nD2,306-410,1887743,e5f3bC1,385.1.1,0.997,0.997,10.0,0.862,0.991,good_domain,1,8,subset_47,105,1,0.0
P41225,nD1,136-210,44940,e1j46A1,190.1.1,0.996,0.985,9.6,0.925,0.904,good_domain,3,0,subset_169,75,0,100.0
Q02543,nD1,1-75,2755734,e7o7yBS1,3115.1.1,0.999,1.0,14.4,1.0,0.962,good_domain,1,3,subset_169,75,0,100.0
Q02543,nD2,76-175,2819396,e6xu6CS2,3115.1.1,1.0,1.0,12.9,0.952,1.282,good_domain,2,3,subset_169,100,1,100.0
P34998,nD1,26-105,146876,e2l27A1,913.1.1,0.99,0.974,10.5,0.952,0.769,good_domain,1,3,subset_169,80,0,0.0
P34998,nD2,111-390,2578569,e6pb0R1,5001.1.1,0.999,1.0,30.4,0.975,0.981,good_domain,8,1,subset_169,280,2,18.928571428571427
Q9BQC6,nD1,16-80,2471289,e6nu2o1,3907.1.1,1.0,1.0,5.9,0.691,0.691,simple_topology,2,0,subset_178,65,0,100.0
P42766,nD1,1-120,2824027,e7mszY1,192.4.1,0.995,0.996,8.8,0.941,1.008,good_domain,3,0,subset_178,120,1,100.0
Q14004,nD1,"686-770,786-1035",1721826,e5efqC1,206.1.1,1.0,1.0,49.9,0.952,1.113,good_domain,10,9,subset_178,335,2,100.0
Q9Y376,nD1,11-335,2029639,e5uflA1,109.4.1,0.999,0.948,11.8,0.391,1.136,good_domain,16,2,subset_150,325,2,100.0
P09884,nD1,386-480,1646147,e4qclA3,304.114.1,0.994,1.0,18.4,0.969,1.056,good_domain,1,6,subset_150,95,1,100.0
P09884,nD2,"341-385,481-535",1646145,e4qclA1,2.1.1,0.996,1.0,20.0,0.969,0.962,good_domain,3,5,subset_150,100,1,100.0
P09884,nD3,536-785,1790898,e5exrC1,2484.1.1,0.998,1.0,35.4,0.874,1.276,good_domain,8,6,subset_150,250,2,100.0
P09884,nD4,786-1075,1790900,e5exrC3,304.48.1,0.994,1.0,21.1,0.924,1.327,good_domain,6,7,subset_150,290,2,100.0
P09884,nD5,1076-1255,1821876,e2gv9B4,4969.1.1,0.998,1.0,13.0,0.651,1.059,good_domain,7,4,subset_150,180,2,100.0
P09884,nD6,1271-1340,1548163,e4y97H1,375.10.1,0.996,0.999,14.2,0.897,1.0,good_domain,1,2,subset_150,70,0,100.0
P09884,nD7,1346-1455,1223603,e3d36B8,605.1.1,0.858,0.0,4.2,0.75,1.507,good_domain,4,3,subset_150,110,1,100.0
P32245,nD1,46-320,2795428,e7f55R1,5001.1.1,0.999,1.0,33.9,0.943,0.963,good_domain,8,0,subset_150,275,2,29.454545454545453
Q9H3D4,nD1,166-370,2595020,e6sl6A1,11.1.5,0.996,1.0,31.3,0.956,1.331,good_domain,1,11,subset_63,205,2,100.0
Q9H3D4,nD2,401-425,1930632,e2nb1C1,567.1.1,0.968,0.99,0.0,0.417,0.532,simple_topology,1,0,subset_63,25,0,100.0
Q9H3D4,nD3,541-610,144073,e2y9tA1,102.1.1,0.998,0.998,10.1,0.793,0.897,good_domain,4,1,subset_63,70,0,100.0
O95069,nD1,51-370,1165465,e3ukmD1,5054.1.1,0.992,1.0,18.5,0.776,1.404,good_domain,7,0,subset_63,320,2,32.5
Q00536,nD1,111-480,1921768,e5g6vA1,206.1.1,0.999,1.0,41.9,0.955,1.229,good_domain,13,8,subset_63,370,2,100.0
P43628,nD1,26-120,2449452,e6grtB3,11.1.1,1.0,0.996,21.5,0.465,0.88,good_domain,0,8,subset_63,95,1,0.0
P43628,nD2,121-220,2449452,e6grtB3,11.1.1,1.0,0.996,21.5,0.495,0.926,good_domain,0,9,subset_63,100,1,0.0
P43628,nD3,246-270,2452528,e6ithA1,6169.1.1,0.937,0.88,0.0,0.714,0.641,simple_topology,1,0,subset_63,25,0,16.0
P29317,nD1,1-25,2327098,e5yjzA1,206.1.1,0.925,0.0,8.9,0.037,0.083,simple_topology,1,0,subset_382,25,0,92.0
P29317,nD2,26-200,2131245,e4m4rE4,10.1.2,0.999,1.0,27.4,0.748,1.115,good_domain,3,11,subset_382,175,2,0.0
P29317,nD3,201-325,1758626,e4m4pA2,389.1.1,0.992,1.0,16.7,0.992,2.941,good_domain,0,7,subset_382,125,1,0.0
P29317,nD4,326-435,2806941,e7s7kA4,11.1.1,0.999,1.0,17.8,0.991,1.019,good_domain,0,8,subset_382,110,1,0.0
P29317,nD5,"436-565,586-880",2706103,e7kjcA1,206.1.1,0.996,1.0,42.3,0.904,1.412,good_domain,13,18,subset_382,425,2,71.05882352941177
P29317,nD6,881-970,2706104,e7kjcA2,102.1.1,0.998,1.0,11.8,0.846,1.154,good_domain,4,0,subset_382,90,1,100.0
P46098,nD1,26-240,2714268,e6w1mA1,11.12.1,0.996,1.0,26.1,1.0,1.019,good_domain,2,11,subset_382,215,2,0.0
P46098,nD2,"241-340,406-478",2527150,e6pv7B1,5057.1.1,1.0,1.0,15.6,0.894,1.193,good_domain,4,0,subset_382,173,2,43.35260115606936
P01375,nD1,31-55,1867996,e5apmC1,10.2.1,0.052,0.0,4.0,na,na,simple_topology,1,0,subset_382,25,0,0.0
P01375,nD2,71-233,2098044,e5uuiA1,10.3.1,0.996,1.0,25.6,0.899,1.148,good_domain,1,10,subset_382,163,2,0.0
Q99592,nD1,1-130,1760353,e3dryC1,226.1.1,0.995,0.879,8.5,0.573,1.111,good_domain,5,3,subset_289,130,1,100.0
Q99592,nD2,366-395,1682688,e2lt7A3,386.1.1,0.995,0.98,3.0,0.625,0.909,simple_topology,1,0,subset_289,30,0,100.0
Q99592,nD3,411-460,2772210,e7eyiH1,386.1.1,0.998,0.988,7.9,0.568,1.515,simple_topology,2,0,subset_289,50,0,100.0
Q99592,nD4,461-500,2772210,e7eyiH1,386.1.1,0.999,0.988,7.9,0.341,1.212,simple_topology,1,0,subset_289,40,0,100.0
O43674,nD1,53-170,2833181,e7v2da1,1127.1.1,1.0,1.0,8.6,0.843,0.843,good_domain,3,0,subset_289,118,1,11.864406779661017
P21127,nD1,11-35,2325449,e5nclA1,206.1.1,0.967,0.0,20.6,0.058,0.083,simple_topology,1,0,subset_289,25,0,100.0
P21127,nD2,121-145,2718902,e6ywyTT1,3666.1.1,0.722,0.0,3.6,na,na,simple_topology,1,0,subset_289,25,0,100.0
P21127,nD3,146-175,2327098,e5yjzA1,206.1.1,0.764,0.0,8.4,na,na,simple_topology,1,0,subset_289,30,0,100.0
P21127,nD4,176-210,2715699,e6x0ap1,101.1.11,0.603,0.0,3.4,na,na,simple_topology,1,0,subset_289,35,0,100.0
P21127,nD5,421-745,139457,e3mi9A1,206.1.1,1.0,0.999,37.1,0.905,1.08,good_domain,7,7,subset_289,325,2,100.0
Q13442,nD1,111-175,na,na,na,na,na,na,na,na,simple_topology,2,0,subset_278,65,0,100.0
O43181,nD1,61-155,002676107,e6zkec1,3203.1.1,0.999,1.0,13.4,0.754,0.798,good_domain,2,4,subset_278,95,1,100.0
P19838,nD1,41-245,000041197,e1nfkB2,11.1.5,0.996,1.0,31.7,0.986,1.331,good_domain,2,10,subset_278,205,2,100.0
P19838,nD2,246-365,000032480,e1nfiB1,11.1.1,0.995,0.998,22.1,0.991,1.111,good_domain,2,8,subset_278,120,1,100.0
P19838,nD3,486-790,002494239,e6molA2,109.3.1,0.993,0.998,15.1,0.695,1.533,good_domain,15,1,subset_278,305,2,100.0
P19838,nD4,806-895,000162923,e2dbfA1,110.1.1,0.989,0.593,12.7,0.9,0.938,good_domain,6,0,subset_278,90,1,100.0
P11362,nD1,41-130,158904,e2cr3A1,11.1.1,0.997,0.954,15.5,0.848,0.833,good_domain,1,7,subset_68,90,1,0.0
P11362,nD2,131-250,2101631,e5w59B1,11.1.1,0.997,0.997,18.5,1.0,1.111,good_domain,1,9,subset_68,120,1,0.0
P11362,nD3,251-395,1218937,e3ojmB4,11.1.1,0.997,0.996,18.4,1.0,1.343,good_domain,3,7,subset_68,145,1,0.0
P11362,nD4,426-760,2761663,e7khgA1,206.1.1,0.996,0.999,37.6,0.865,1.113,good_domain,11,10,subset_68,335,2,100.0
P22748,nD1,22-284,2071066,e5jncC1,62.1.1,0.997,1.0,44.2,0.996,1.025,good_domain,4,13,subset_68,263,2,0.0
P05164,nD1,56-155,1233609,e4cejB5,2008.1.1,0.517,0.0,4.0,na,na,low_confidence,4,0,subset_68,100,1,0.0
P05164,nD2,156-740,2055580,e5mfaA1,136.1.1,1.0,1.0,61.0,0.988,1.866,good_domain,18,10,subset_68,585,2,0.0
Q9BX95,nD1,"6-25,121-338,361-435",1255625,e3bb0A3,180.1.1,0.994,0.986,10.1,0.519,1.329,good_domain,11,2,subset_68,313,2,37.38019169329073
Q9Y217,nD1,6-110,1177188,e2yf0A3,220.1.1,0.994,1.0,15.4,0.832,0.861,good_domain,3,6,subset_195,105,1,100.0
Q9Y217,nD2,116-505,1566806,e4y7iB1,2007.2.3,1.0,1.0,51.5,1.0,1.714,good_domain,13,9,subset_195,390,2,100.0
Q9Y217,nD3,516-540,2736839,e6z0lD1,604.1.1,0.896,0.348,0.0,0.42,0.227,simple_topology,1,0,subset_195,25,0,100.0
P62081,nD1,1-100,2803934,e7r81I21,327.18.1,0.997,1.0,15.1,0.887,1.124,good_domain,2,2,subset_195,100,1,100.0
P62081,nD2,101-190,1949629,e5t2a42,327.18.1,0.997,1.0,12.9,0.851,1.011,good_domain,2,3,subset_195,90,1,100.0
O14920,nD1,1-310,1064440,e4kikB1,206.1.1,0.999,1.0,39.0,0.984,1.03,good_domain,7,8,subset_195,310,2,100.0
O14920,nD2,311-395,1064442,e4kikB3,221.1.1,0.995,1.0,18.3,0.953,0.904,good_domain,1,5,subset_195,85,0,100.0
O14920,nD3,396-665,1392883,e4im0A4,4177.2.1,0.907,0.0,12.1,0.832,1.004,good_domain,6,1,subset_195,270,2,100.0
O14920,nD4,706-730,1070118,e4jioB1,3285.1.1,0.029,0.0,3.2,na,na,simple_topology,1,0,subset_195,25,0,100.0
P05023,nD1,"21-85,161-280",2625690,e6lcpA3,10.13.1,0.991,1.0,10.3,0.636,1.595,good_domain,6,6,subset_4,185,2,100.0
P05023,nD2,376-595,1246014,e3kdpC2,267.1.1,0.997,1.0,34.6,0.969,1.333,good_domain,6,10,subset_4,220,2,100.0
P05023,nD3,"86-160,281-365,766-890,911-1023",1246009,e2zxeA7,5073.1.1,0.999,1.0,55.4,0.806,0.844,good_domain,13,2,subset_4,398,2,32.663316582914575
P05023,nD4,"356-375,596-765",2523992,e6jxhA3,2006.1.1,0.996,1.0,30.3,0.927,0.95,good_domain,10,8,subset_4,190,2,100.0
Q13509,nD1,1-240,151218,e4drxB2,2003.1.6,0.999,1.0,33.0,0.959,1.165,good_domain,9,7,subset_4,240,2,100.0
Q13509,nD2,241-430,151217,e4drxB1,301.6.1,0.995,1.0,17.9,0.989,1.301,good_domain,6,5,subset_4,190,2,100.0
Q13621,nD1,176-680,415013,e3ob6B1,5051.1.1,0.999,1.0,38.7,0.917,1.078,good_domain,13,4,subset_4,505,2,24.554455445544555
Q13621,nD2,"681-815,891-905",2391911,e6hcdD1,2005.1.1,0.993,0.96,7.8,0.836,0.701,good_domain,5,5,subset_4,150,1,100.0
Q13621,nD3,906-1095,384421,e3loqA2,2005.1.1,0.99,0.0,8.5,0.865,0.888,good_domain,6,7,subset_4,190,2,100.0
P13639,nD1,6-360,2448737,e6qdvC4,2004.1.1,0.996,1.0,37.0,0.831,1.592,good_domain,13,11,subset_4,355,2,100.0
P13639,nD2,361-500,134,e1n0uA1,1.1.7,0.997,1.0,23.5,0.993,1.261,good_domain,2,9,subset_4,140,1,100.0
P13639,nD3,501-575,2597057,e6teoC4,304.24.1,0.999,1.0,13.7,0.75,0.82,good_domain,2,4,subset_4,75,0,100.0
P13639,nD4,581-740,6002,e1n0uA4,212.1.1,0.998,1.0,29.5,0.97,1.111,good_domain,4,7,subset_4,160,2,100.0
P13639,nD5,741-855,5299,e1n0uA3,304.24.1,1.0,1.0,13.9,0.949,1.257,good_domain,4,4,subset_4,115,1,100.0
O95243,nD1,86-145,1348636,e2moeA1,252.1.1,0.994,0.988,2.6,0.831,0.805,good_domain,1,2,subset_76,60,0,100.0
O95243,nD2,436-580,2796820,e7kz0A1,102.1.2,0.999,0.998,28.4,1.0,0.697,good_domain,6,0,subset_76,145,1,100.0
Q02156,nD1,1-135,1908,e1gmiA1,11.2.1,0.998,0.979,23.7,0.971,0.957,good_domain,1,7,subset_76,135,1,100.0
Q02156,nD2,"166-220,241-325",168517,e3cxlA3,376.1.2,0.999,0.965,10.5,0.948,2.258,good_domain,4,5,subset_76,140,1,100.0
Q02156,nD3,401-730,1886282,e5li9A1,206.1.1,1.0,1.0,46.3,0.945,1.096,good_domain,10,9,subset_76,330,2,100.0
P01566,nD1,21-189,143314,e3oq3A1,150.3.1,0.998,1.0,23.7,0.994,1.119,good_domain,6,0,subset_76,169,2,1.7751479289940828
P19022,nD1,21-135,153656,e4apxB2,11.1.1,0.996,0.981,7.5,0.807,1.065,good_domain,1,7,subset_78,115,1,4.3478260869565215
P19022,nD2,136-260,1841937,e5eqxA2,11.1.1,0.998,0.999,12.8,0.97,1.157,good_domain,1,8,subset_78,125,1,0.0
P19022,nD3,261-375,1221060,e3q2wA7,11.1.1,0.999,1.0,21.0,1.0,1.065,good_domain,1,7,subset_78,115,1,0.0
P19022,nD4,376-490,142502,e3q2wA3,11.1.1,0.999,1.0,22.7,0.983,1.065,good_domain,1,7,subset_78,115,1,0.0
P19022,nD5,491-600,142863,e3q2vA4,11.1.1,0.999,0.999,18.5,0.991,1.019,good_domain,0,7,subset_78,110,1,0.0
P19022,nD6,"601-710,726-750",1221063,e3q2wA8,11.1.1,0.999,1.0,18.1,0.952,1.25,good_domain,2,8,subset_78,135,1,4.444444444444445
P19022,nD7,"826-860,881-905",119395,e3ifqC1,3095.1.1,0.984,0.981,0.0,0.602,0.851,good_domain,3,0,subset_78,60,0,100.0
Q99250,nD1,61-95,2436450,e6hd5t1,109.4.1,0.013,0.0,3.2,na,na,simple_topology,0,1,subset_78,35,0,100.0
Q99250,nD2,"41-60,81-475,491-515,716-995,1001-1030,1111-1135,1166-1490,1511-1785",2322701,e5w3sC1,5054.1.1,0.999,0.994,12.7,0.846,6.031,good_domain,34,8,subset_78,1375,3,39.27272727272727
Q99250,nD3,1786-1900,1412630,e4ovnJ1,108.1.1,0.997,0.997,15.9,0.869,1.292,good_domain,5,4,subset_78,115,1,100.0
Q99250,nD4,1901-1925,1154750,e4dckA2,6006.1.1,0.956,0.997,0.0,0.774,0.769,simple_topology,1,1,subset_78,25,0,100.0
P53779,nD1,6-400,430078,e2xrwA1,206.1.1,1.0,1.0,45.7,0.931,1.312,good_domain,9,9,subset_78,395,2,100.0
P01567,nD1,21-189,143314,e3oq3A1,150.3.1,0.999,1.0,24.6,1.0,1.119,good_domain,6,0,subset_78,169,2,1.7751479289940828
P00915,nD1,6-260,44537,e1bzmA1,62.1.1,0.997,1.0,44.2,0.985,0.994,good_domain,4,12,subset_497,255,2,0.0
Q7Z418,nD1,"11-170,261-384",4922,e1orqC1,5054.1.1,0.995,0.975,8.1,0.489,1.246,good_domain,9,0,subset_497,284,2,30.281690140845072
P04234,nD1,21-90,1759,e1xiwB1,11.1.1,0.994,0.994,13.2,0.824,0.648,good_domain,1,7,subset_497,70,0,1.4285714285714286
O14521,nD1,51-159,412008,e3ae9D1,5069.1.3,0.996,0.999,13.8,1.0,0.845,good_domain,4,0,subset_51,109,1,22.01834862385321
Q9HBA0,nD1,"66-455,756-800",1887005,e5jhqC1,109.3.1,0.999,0.997,14.4,0.508,2.186,good_domain,16,4,subset_51,435,2,100.0
Q9HBA0,nD2,456-755,176798,e3lutB1,5054.1.1,0.99,0.976,6.7,0.626,1.316,good_domain,8,0,subset_51,300,2,25.0
P08254,nD1,21-95,51858,e1slmA1,144.1.1,0.997,1.0,10.5,0.831,0.974,good_domain,3,0,subset_51,75,0,0.0
P08254,nD2,96-265,1094878,e4fu4A2,2498.1.1,0.998,1.0,30.1,0.948,0.677,good_domain,3,6,subset_51,170,2,0.0
P08254,nD3,276-475,1094877,e4fu4A1,5.1.1,0.987,1.0,33.0,0.99,1.015,good_domain,3,13,subset_51,200,2,0.0
Q14956,nD1,"21-135,173-235",1069611,e3hs0F3,11.1.1,0.957,0.0,5.2,0.874,1.648,good_domain,2,10,subset_51,178,2,0.5617977528089888
Q14956,nD2,"236-320,376-385",2495020,e6fg9B4,11.1.1,0.997,0.95,8.3,0.907,0.88,good_domain,0,8,subset_51,95,1,0.0
Q14956,nD3,386-490,1758438,e4liqE4,11.1.1,0.995,0.0,7.6,0.829,0.972,good_domain,0,7,subset_51,105,1,0.0
O75030,nD1,56-85,1141935,e3ojaA2,105.2.1,0.481,0.0,5.5,na,na,simple_topology,1,0,subset_205,30,0,100.0
O75030,nD2,306-405,2793164,e7d8tB2,105.1.1,0.994,0.974,7.8,0.989,1.493,good_domain,2,0,subset_205,100,1,100.0
P62906,nD1,56-150,113607,e1dwuB2,2007.25.1,0.998,1.0,16.1,0.979,0.99,good_domain,6,5,subset_205,95,1,100.0
P62906,nD2,"6-55,151-215",63609,e1dwuB1,898.1.1,0.997,1.0,17.4,0.965,0.95,good_domain,4,5,subset_205,115,1,100.0
P60900,nD1,1-245,1871837,e5le5U1,210.1.1,0.999,1.0,38.9,0.951,1.075,good_domain,7,9,subset_205,245,2,100.0
P40763,nD1,1-120,001563596,e3wwtA1,515.1.1,0.998,0.999,22.0,0.976,0.972,good_domain,5,2,subset_226,120,1,100.0
P40763,nD2,141-320,na,na,na,na,na,na,na,na,low_confidence,4,1,subset_226,180,2,100.0
P40763,nD3,321-465,002637738,e6wczA2,11.1.5,0.997,1.0,16.1,0.658,0.942,good_domain,1,10,subset_226,145,1,100.0
P40763,nD4,466-585,000003196,e1bg1A2,108.1.1,0.991,1.0,13.3,1.0,1.348,good_domain,5,3,subset_226,120,1,100.0
P40763,nD5,586-715,001223890,e1yvlB10,214.1.1,0.996,1.0,18.2,0.874,1.171,good_domain,3,5,subset_226,130,1,100.0
P18077,nD1,6-110,002755741,e7o7yBf1,1.1.7,0.998,1.0,21.8,0.955,0.946,good_domain,1,6,subset_226,105,1,100.0
Q9ULA0,nD1,111-250,001571780,e4dyoA1,1.1.7,0.994,1.0,13.6,0.909,1.261,good_domain,3,6,subset_226,140,1,100.0
Q9ULA0,nD2,"21-110,251-480",001667051,e3vatA2,2011.1.1,1.0,1.0,56.5,0.972,1.098,good_domain,9,12,subset_226,320,2,100.0
P12821,nD1,26-640,162544,e2c6fA1,2498.1.1,1.0,1.0,56.2,0.998,2.45,good_domain,21,6,subset_393,615,3,0.6504065040650406
P12821,nD2,646-1230,162544,e2c6fA1,2498.1.1,1.0,1.0,53.7,0.954,2.331,good_domain,22,5,subset_393,585,2,0.0
P12821,nD3,1241-1265,2147331,e5y6pdz2,807.1.1,0.515,0.0,2.4,na,na,low_confidence,1,2,subset_393,25,0,0.0
Q13639,nD1,16-335,1273987,e4amjB2,5001.1.1,0.999,1.0,33.9,0.98,1.121,good_domain,9,1,subset_393,320,2,33.125
P13726,nD1,31-140,1721624,e4ylqT1,11.1.1,0.998,0.998,21.9,0.991,1.019,good_domain,1,7,subset_393,110,1,1.8181818181818181
P13726,nD2,"141-245,251-275",1391077,e1danU1,11.1.1,0.998,0.997,14.6,0.817,1.204,good_domain,2,8,subset_393,130,1,0.7692307692307693
Q12846,nD1,"26-105,121-240",na,na,na,na,na,na,na,na,low_confidence,5,0,subset_33,200,2,100.0
Q12846,nD2,241-280,002705663,e7kamC1,5027.1.1,0.827,0.79,0.0,na,na,simple_topology,1,0,subset_33,40,0,82.5
P41145,nD1,51-375,001273941,e4djhB4,5001.1.1,0.999,1.0,40.2,0.98,1.138,good_domain,8,2,subset_33,325,2,30.153846153846153
P80404,nD1,41-405,001508361,e4y0hC2,7577.1.1,1.0,1.0,50.7,0.995,1.272,good_domain,10,8,subset_33,365,2,100.0
P80404,nD2,"31-40,406-500",001508360,e4y0hC1,3016.1.1,0.996,1.0,17.1,0.979,0.946,good_domain,3,4,subset_33,105,1,100.0
P01344,nD1,31-85,000088152,e1efeA1,367.1.1,0.99,0.995,4.3,0.833,0.821,good_domain,1,1,subset_33,55,0,0.0
Q9HCS4,nD1,341-420,2423,e2lefA1,190.1.1,0.995,0.984,10.5,0.895,0.964,good_domain,3,0,subset_344,80,0,100.0
Q9UQD0,nD1,"46-285,306-465,696-995,1141-1480,1501-1775",1281106,e4g80I1,5054.1.1,0.998,0.987,12.2,0.95,5.768,good_domain,38,9,subset_344,1315,3,40.53231939163498
Q9UQD0,nD2,996-1025,1788529,e5hk7A1,5054.1.1,0.996,0.0,12.5,0.165,0.132,simple_topology,1,0,subset_344,30,0,100.0
Q9UQD0,nD3,1776-1890,1412630,e4ovnJ1,108.1.1,0.997,0.996,14.8,0.869,1.292,good_domain,5,4,subset_344,115,1,100.0
P11309,nD1,16-313,141175,e3a99A1,206.1.1,0.999,1.0,43.1,0.996,0.99,good_domain,11,11,subset_344,298,2,100.0
Q9UKI9,nD1,186-280,1149489,e3l1pA3,101.1.4,0.994,0.999,12.1,0.872,1.218,good_domain,4,0,subset_296,95,1,100.0
Q9UKI9,nD2,286-340,2457,e1e3oC1,101.1.1,0.996,0.999,11.0,0.965,0.753,good_domain,3,0,subset_296,55,0,100.0
O95167,nD1,6-35,2570365,e6ougC1,7020.1.1,0.887,0.209,0.0,0.618,0.882,simple_topology,1,0,subset_296,30,0,36.666666666666664
Q13535,nD1,"6-380,411-420",158721,e1x5bA1,109.4.1,0.999,0.282,5.7,0.669,1.346,good_domain,15,2,subset_296,385,2,100.0
Q13535,nD2,"381-410,441-1370",1289025,e4cruB1,109.4.1,0.984,0.0,8.4,0.487,3.357,good_domain,39,5,subset_296,960,3,100.0
Q13535,nD3,1386-1465,2818710,e7rdrC2,109.3.1,0.54,0.0,5.3,na,na,low_confidence,4,0,subset_296,80,0,100.0
Q13535,nD4,1466-2225,167190,e2pl2A1,109.4.1,1.0,0.951,11.2,0.887,2.657,good_domain,34,0,subset_296,760,3,100.0
Q13535,nD5,"2226-2270,2286-2644",2738182,e5yz0B1,206.1.1,1.0,1.0,29.7,0.888,1.342,good_domain,11,10,subset_296,404,2,100.0
Q8TCU6,nD1,36-255,1564018,e4yonA1,133.1.1,0.996,1.0,32.7,0.991,1.048,good_domain,8,1,subset_351,220,2,100.0
Q8TCU6,nD2,256-405,1822040,e5d27A1,220.1.1,0.996,0.989,23.6,0.813,1.23,good_domain,3,5,subset_351,150,1,100.0
Q8TCU6,nD3,406-505,2818494,e7pe9I1,101.1.2,0.997,0.999,14.3,0.874,1.053,good_domain,4,4,subset_351,100,1,100.0
Q8TCU6,nD4,511-600,2793421,e7dklA1,101.1.2,0.997,0.997,13.6,0.838,0.947,good_domain,4,4,subset_351,90,1,100.0
Q8TCU6,nD5,"621-705,786-800",142428,e3qikA1,7.1.1,0.997,0.894,18.0,0.842,1.0,good_domain,2,6,subset_351,100,1,100.0
Q8TCU6,nD6,706-775,2564164,e6vbbA2,7.1.1,0.992,0.939,6.3,0.663,0.7,good_domain,0,5,subset_351,70,0,100.0
Q8TCU6,nD7,886-945,2537293,e6pyrB1,3755.4.1,0.82,0.0,7.2,na,na,simple_topology,2,0,subset_351,60,0,100.0
Q8TCU6,nD8,"1071-1105,1216-1315",2429573,e6itsA1,601.4.1,0.936,0.0,7.9,0.816,0.938,good_domain,4,0,subset_351,135,1,100.0
Q8TCU6,nD9,"601-620,851-885,951-980,1016-1030,1061-1070,1321-1655",1070869,e4jzaA1,2007.2.4,0.992,0.962,16.3,0.468,0.695,good_domain,10,12,subset_351,445,2,100.0
O95264,nD1,31-240,1552230,e5afmA1,11.12.1,0.996,0.999,24.1,0.976,0.995,good_domain,2,11,subset_351,210,2,0.0
O95264,nD2,"241-335,381-435",2656025,e6x3tE2,5057.1.1,0.996,1.0,11.2,0.876,1.034,good_domain,4,0,subset_351,150,1,40.666666666666664
Q13133,nD1,87-170,1283298,e4nqaB2,377.1.1,0.996,1.0,11.5,0.646,1.68,good_domain,2,2,subset_351,84,0,100.0
Q13133,nD2,206-445,1145956,e4nqaI2,188.1.1,1.0,1.0,35.9,0.927,0.992,good_domain,9,3,subset_351,240,2,100.0
Q9Y2G1,nD1,346-540,2330303,e5yhuA1,11.1.5,0.997,1.0,30.9,0.979,1.266,good_domain,1,15,subset_265,195,2,100.0
Q9Y2G1,nD2,561-690,2816595,e7dc3A1,3240.1.1,0.997,0.992,10.6,0.857,0.932,good_domain,4,4,subset_265,130,1,100.0
Q9Y2G1,nD3,766-795,1684085,e5c8jL1,3877.1.2,0.722,0.21,0.0,na,na,simple_topology,1,0,subset_265,30,0,10.0
Q9Y2G1,nD4,1011-1150,2636475,e6vhiA1,11.1.1,0.936,0.0,5.0,0.764,1.296,good_domain,0,6,subset_265,140,1,0.0
P28340,nD1,31-60,2036882,e5mp9L3,2.1.1,0.899,0.0,3.7,0.263,0.288,simple_topology,1,0,subset_265,30,0,100.0
P28340,nD2,"81-145,251-310",2528751,e3iayA4,2.1.1,0.992,1.0,18.6,0.935,1.202,good_domain,2,6,subset_265,125,1,100.0
P28340,nD3,"71-80,146-250,311-575,586-830",2528749,e3iayA2,2484.1.1,1.0,1.0,34.2,0.974,3.189,good_domain,16,21,subset_265,625,3,100.0
P28340,nD4,831-990,1821876,e2gv9B4,4969.1.1,0.995,1.0,13.9,0.647,0.941,good_domain,5,4,subset_265,160,2,100.0
P28340,nD5,1006-1100,60301,e2eulD1,192.1.1,0.968,0.0,6.7,0.867,1.319,simple_topology,2,0,subset_265,95,1,100.0
Q9H3N8,nD1,"1-225,261-385",2418907,e6igkA2,5001.1.1,0.998,1.0,27.4,0.902,1.226,good_domain,7,0,subset_265,350,2,37.714285714285715
P15172,nD1,101-165,2795352,e7f2fB1,105.1.1,0.995,0.948,5.2,0.638,0.97,simple_topology,2,0,subset_288,65,0,100.0
O95168,nD1,6-80,2476469,e6noyA1,101.1.11,0.927,0.0,2.7,0.625,1.22,good_domain,3,0,subset_288,75,0,100.0
O95168,nD2,86-115,2578635,e6pnjI1,5020.1.1,0.911,0.55,0.0,0.5,0.857,simple_topology,1,0,subset_288,30,0,3.3333333333333335
Q15131,nD1,11-345,2657500,e6xbzJ1,206.1.1,1.0,1.0,39.7,0.98,1.113,good_domain,8,10,subset_288,335,2,100.0
P19793,nD1,131-220,1283298,e4nqaB2,377.1.1,0.993,1.0,10.9,0.701,1.8,good_domain,2,1,subset_238,90,1,100.0
P19793,nD2,221-455,1094916,e4j5xD1,188.1.1,0.999,0.999,33.8,0.87,0.971,good_domain,11,2,subset_238,235,2,100.0
P05108,nD1,46-520,421238,e3na1B1,149.1.1,1.0,1.0,58.0,0.998,1.179,good_domain,14,11,subset_238,475,2,100.0
Q13085,nD1,101-240,2036841,e5mlkA3,2003.1.10,0.993,1.0,18.5,0.991,1.29,good_domain,6,4,subset_238,140,1,100.0
Q13085,nD2,241-500,1164578,e3vmmA4,206.1.3,1.0,0.999,12.6,0.607,1.161,good_domain,8,8,subset_238,260,2,100.0
Q13085,nD3,501-620,2705811,e7kctB3,325.1.1,0.997,1.0,16.9,0.951,1.086,good_domain,4,5,subset_238,120,1,100.0
Q13085,nD4,626-750,1699716,e5cslB1,3794.1.1,0.996,1.0,18.5,0.939,0.984,good_domain,1,8,subset_238,125,1,100.0
Q13085,nD5,751-830,1701043,e5csaA6,325.1.7,0.999,1.0,13.4,0.987,1.0,good_domain,0,6,subset_238,80,0,100.0
Q13085,nD6,831-1090,1701041,e5csaA4,109.49.1,0.994,1.0,19.3,0.904,1.061,good_domain,12,0,subset_238,260,2,100.0
Q13085,nD7,1091-1375,1878616,e5i6hA4,2008.6.1,0.998,1.0,21.5,0.87,1.29,good_domain,6,8,subset_238,285,2,100.0
Q13085,nD8,1376-1580,2401812,e6g2iA2,2008.6.1,0.999,1.0,21.1,0.91,0.928,good_domain,2,8,subset_238,205,2,100.0
Q13085,nD9,1581-1905,363351,e3ff6A2,2486.1.1,0.999,0.958,13.2,0.453,1.26,good_domain,9,15,subset_238,325,2,100.0
Q13085,nD10,1906-2340,1694016,e5ctbB2,2486.1.1,0.999,0.963,15.3,0.583,1.686,good_domain,11,13,subset_238,435,2,100.0
Q9BQL6,nD1,1-95,136651,e2kmcA1,221.1.1,0.998,0.999,14.0,0.969,1.011,good_domain,3,5,subset_363,95,1,100.0
Q9BQL6,nD2,"96-150,206-275",2629183,e7c3mA4,221.1.1,0.996,1.0,12.4,0.83,1.33,good_domain,5,6,subset_363,125,1,100.0
Q9BQL6,nD3,"276-495,511-565",2629180,e7c3mA1,220.1.1,0.998,1.0,19.2,0.821,2.254,good_domain,8,7,subset_363,275,2,100.0
Q9BQL6,nD4,566-675,2629181,e7c3mA2,220.1.1,0.997,1.0,13.5,0.973,0.902,good_domain,4,5,subset_363,110,1,100.0
Q9UBN1,nD1,"6-35,61-220",2766148,e7oceJ1,633.23.1,0.995,1.0,21.3,0.887,1.016,good_domain,4,4,subset_363,190,2,15.263157894736842
P35998,nD1,"41-75,91-160",2391238,e6fvtK1,2.1.1,0.984,0.0,9.7,0.669,1.01,good_domain,1,5,subset_363,105,1,100.0
P35998,nD2,161-345,1885420,e5l4gL3,2004.1.1,0.998,0.999,27.8,0.974,0.83,good_domain,6,5,subset_363,185,2,100.0
P35998,nD3,346-433,1885414,e5l4gH3,148.1.3,0.997,1.0,14.1,0.822,0.946,good_domain,4,1,subset_363,88,1,100.0
Q9NW13,nD1,1-100,140042,e2km8C2,304.9.1,0.995,0.995,11.4,0.988,1.053,good_domain,2,4,subset_347,100,1,100.0
Q9NW13,nD2,101-205,2103379,e5kw6A1,304.9.1,0.996,0.994,13.3,0.881,1.105,good_domain,4,4,subset_347,105,1,100.0
Q9NW13,nD3,321-435,1482428,e4pkdB2,304.9.1,0.996,0.993,13.0,0.948,1.211,good_domain,2,4,subset_347,115,1,100.0
Q9NW13,nD4,436-580,1548154,e4wijB2,304.9.1,0.993,0.995,5.7,0.759,1.526,good_domain,4,4,subset_347,145,1,100.0
O00555,nD1,396-435,2608170,e6tz4O1,3291.1.1,0.744,0.0,4.0,na,na,simple_topology,1,0,subset_347,40,0,100.0
O00555,nD2,"81-350,461-710,726-760,771-805,1206-1820",2833014,e7rhsD1,5054.1.1,0.998,0.984,9.2,0.811,5.285,good_domain,38,7,subset_347,1205,3,32.28215767634855
O00555,nD3,1821-1950,2496856,e6jp8A4,108.1.1,0.993,1.0,7.3,0.975,1.461,good_domain,6,2,subset_347,130,1,100.0
O00555,nD4,1951-1975,1154750,e4dckA2,6006.1.1,0.834,0.996,0.0,na,na,simple_topology,1,1,subset_347,25,0,100.0
P33981,nD1,51-200,154406,e4h7yA1,109.4.1,0.995,0.989,25.0,1.0,0.524,good_domain,8,2,subset_347,150,1,100.0
P33981,nD2,516-790,2438934,e6gvjA1,206.1.1,0.999,1.0,38.0,0.907,0.914,good_domain,7,8,subset_347,275,2,100.0
P33981,nD3,791-840,1393770,e3lpzA1,109.4.1,0.167,0.0,2.4,na,na,simple_topology,2,0,subset_347,50,0,100.0
P62995,nD1,116-200,2722991,e7dvqY1,304.9.1,0.998,0.985,8.4,0.6,0.895,good_domain,2,4,subset_346,85,0,100.0
P50993,nD1,161-275,2625690,e6lcpA3,10.13.1,0.996,1.0,9.6,0.604,0.991,good_domain,3,5,subset_346,115,1,100.0
P50993,nD2,381-590,1246014,e3kdpC2,267.1.1,0.997,1.0,33.8,0.933,1.273,good_domain,5,9,subset_346,210,2,100.0
P50993,nD3,"31-80,86-160,276-365,761-1020",2768745,e6zhfA2,5073.1.1,1.0,1.0,25.0,0.882,1.007,good_domain,15,3,subset_346,475,2,38.31578947368421
P50993,nD4,"366-380,591-760",2523992,e6jxhA3,2006.1.1,0.997,1.0,33.1,0.963,0.925,good_domain,10,7,subset_346,185,2,100.0
O96013,nD1,16-45,2141414,e5upkA1,577.1.1,0.966,0.931,0.0,0.7,0.632,good_domain,1,2,subset_346,30,0,100.0
O96013,nD2,"66-89,292-585",1386335,e4fieA1,206.1.1,0.999,1.0,41.1,0.957,1.056,good_domain,10,7,subset_346,318,2,100.0
Q92754,nD1,221-305,366288,e3hglA1,3193.1.1,0.316,0.11,0.0,na,na,low_confidence,3,2,subset_99,85,0,100.0
Q92754,nD2,306-425,2387790,e5odwD1,1204.1.1,0.655,0.0,6.9,na,na,low_confidence,5,0,subset_99,120,1,100.0
P30926,nD1,26-230,2527151,e6pv7B2,11.12.1,0.997,1.0,26.9,0.981,0.972,good_domain,2,11,subset_99,205,2,0.0
P30926,nD2,"231-345,416-490",2527148,e6pv7A1,5057.1.1,0.996,1.0,21.0,0.91,1.31,good_domain,5,0,subset_99,190,2,40.526315789473685
P63316,nD1,1-90,2439632,e6mv3A1,108.1.1,0.996,0.989,14.9,0.978,1.011,good_domain,5,2,subset_99,90,1,100.0
P63316,nD2,91-160,2036049,e5e37A1,108.1.1,0.997,0.997,10.8,0.7,0.787,good_domain,4,2,subset_99,70,0,100.0
Q9NYJ7,nD1,26-175,2771050,e7alkA1,11.2.1,0.992,0.998,13.1,0.814,1.064,good_domain,0,8,subset_99,150,1,0.6666666666666666
Q9NYJ7,nD2,176-215,2771051,e7alkA2,389.1.1,0.936,0.998,0.0,0.702,0.941,simple_topology,0,2,subset_99,40,0,0.0
Q9NYJ7,nD3,221-250,1508351,e4xbmA4,389.1.1,1.0,1.0,4.5,0.938,0.706,simple_topology,0,0,subset_99,30,0,0.0
Q9NYJ7,nD4,276-310,1878263,e4xbmB6,389.1.1,1.0,1.0,5.4,0.897,0.824,good_domain,0,2,subset_99,35,0,0.0
Q9NYJ7,nD5,316-355,1878261,e4xbmB4,389.1.1,0.999,1.0,6.2,0.946,0.941,good_domain,1,2,subset_99,40,0,0.0
Q9NYJ7,nD6,356-390,1878263,e4xbmB6,389.1.1,1.0,0.991,5.6,0.897,0.824,good_domain,0,2,subset_99,35,0,0.0
Q9NYJ7,nD7,391-430,2075178,e5ky4B1,389.1.1,0.981,0.0,3.9,1.0,0.941,simple_topology,0,0,subset_99,40,0,0.0
Q9NYJ7,nD8,431-465,1156275,e2vj3A4,389.1.1,0.999,0.908,6.1,0.814,0.824,simple_topology,0,2,subset_99,35,0,0.0
P09874,nD1,6-95,142271,e2l30A1,377.1.2,0.996,0.995,12.5,0.833,0.779,good_domain,3,4,subset_444,90,1,100.0
P09874,nD2,106-205,158834,e2cs2A1,377.1.2,0.996,0.994,12.6,0.724,0.866,good_domain,3,4,subset_444,100,1,100.0
P09874,nD3,231-360,2127059,e4opxD3,130.1.1,0.996,1.0,20.3,0.926,2.364,good_domain,4,3,subset_444,130,1,100.0
P09874,nD4,386-480,2523980,e6j0yA2,7568.1.1,0.998,0.941,7.0,0.586,0.905,good_domain,5,3,subset_444,95,1,100.0
P09874,nD5,521-645,2393468,e6f1kA1,4210.1.1,0.995,0.995,17.2,0.966,1.059,good_domain,1,5,subset_444,125,1,100.0
P09874,nD6,686-775,3854,e1gs0A1,609.1.1,0.999,1.0,16.8,0.672,0.667,good_domain,3,0,subset_444,90,1,100.0
P09874,nD7,"666-685,776-1010",1299799,e4oqaF2,237.1.1,0.996,1.0,33.9,0.979,1.25,good_domain,9,11,subset_444,255,2,100.0
Q16739,nD1,6-390,1902972,e4p02A1,7516.1.1,0.998,1.0,20.3,0.492,1.453,good_domain,13,10,subset_444,385,2,79.48051948051948
P26951,nD1,26-100,2572667,e6nmyF1,11.1.1,0.999,1.0,15.7,1.0,0.694,good_domain,1,6,subset_444,75,0,0.0
P26951,nD2,101-205,2158285,e5uwcG1,11.1.1,0.998,1.0,19.9,0.99,0.972,good_domain,1,8,subset_444,105,1,0.0
P26951,nD3,206-320,2572669,e6nmyF3,11.1.1,0.999,1.0,16.8,0.938,1.065,good_domain,1,7,subset_444,115,1,0.0
P00742,nD1,46-85,001721620,e4ylqL1,393.1.1,0.943,0.967,0.0,0.667,0.909,good_domain,3,0,subset_482,40,0,0.0
P00742,nD2,86-125,001721622,e4ylqL3,389.1.1,1.0,0.967,5.5,0.976,0.941,good_domain,0,2,subset_482,40,0,0.0
P00742,nD3,131-175,001086295,e4bxwB2,389.1.1,0.999,1.0,5.6,0.837,1.059,good_domain,0,4,subset_482,45,0,0.0
P00742,nD4,236-474,000355504,e2jkhA1,1.1.17,0.996,1.0,42.4,0.991,1.035,good_domain,3,12,subset_482,239,2,0.0
O95259,nD1,"6-145,176-195",002644070,e6y7qAAA1,223.1.1,0.996,0.944,19.8,1.0,1.096,good_domain,5,5,subset_482,160,2,100.0
O95259,nD2,211-715,001165465,e3ukmD1,5054.1.1,0.995,0.975,9.0,0.373,2.215,good_domain,15,12,subset_482,505,2,53.26732673267327
O95259,nD3,736-760,na,na,na,na,na,na,na,na,simple_topology,1,0,subset_482,25,0,100.0
Q13641,nD1,61-400,000329106,e2z81A2,207.1.1,0.994,0.987,19.0,0.798,1.197,good_domain,5,11,subset_482,340,2,7.0588235294117645
Q05397,nD1,"36-130,391-400",149640,e4ekuA3,221.1.1,0.994,1.0,12.6,0.783,1.117,good_domain,5,8,subset_191,105,1,100.0
Q05397,nD2,131-250,164738,e2j0jA2,197.1.1,0.995,1.0,20.0,0.976,1.081,good_domain,7,0,subset_191,120,1,100.0
Q05397,nD3,251-370,2443875,e6cb0A1,220.1.1,0.996,1.0,18.9,0.785,0.984,good_domain,2,6,subset_191,120,1,100.0
Q05397,nD4,"401-705,806-830",146736,e2yleA1,206.1.1,0.986,0.949,9.1,0.631,1.096,good_domain,9,10,subset_191,330,2,100.0
Q05397,nD5,916-1050,1721597,e4xekA1,601.16.1,0.992,1.0,14.9,0.978,0.985,good_domain,4,0,subset_191,135,1,100.0
P62263,nD1,16-150,1421633,e4btsCK1,2484.1.1,0.998,1.0,22.9,0.964,0.689,good_domain,2,5,subset_191,135,1,100.0
O00444,nD1,6-274,2095912,e5uuuA1,206.1.1,0.995,0.999,30.2,0.612,0.894,good_domain,8,8,subset_191,269,2,100.0
O00444,nD2,587-700,2626035,e6w3iB1,292.2.1,0.998,1.0,21.1,0.965,1.032,good_domain,3,6,subset_191,114,1,100.0
O00444,nD3,701-805,1299714,e4n9jA1,292.2.1,0.999,1.0,19.1,0.963,0.95,good_domain,2,7,subset_191,105,1,100.0
O00444,nD4,886-965,1481854,e4o56A2,292.2.1,0.998,0.908,8.4,0.76,0.724,good_domain,1,6,subset_191,80,0,100.0
O15360,nD1,36-65,1790185,e5hdtA1,109.4.1,0.941,0.0,5.5,0.022,0.105,simple_topology,2,0,subset_258,30,0,100.0
O15360,nD2,86-525,1074238,e4kk1A1,109.4.1,0.999,0.0,7.6,0.361,1.538,good_domain,21,0,subset_258,440,2,100.0
O15360,nD3,526-630,1780953,e5frpB1,109.4.1,0.966,0.0,6.3,0.091,0.367,partial_domain,4,0,subset_258,105,1,100.0
O15360,nD4,651-930,1148773,e3eijB4,109.4.1,0.999,0.0,7.9,0.785,0.979,good_domain,12,3,subset_258,280,2,100.0
O15360,nD5,931-1440,2387855,e6emfB1,109.4.1,0.999,0.0,6.1,0.435,1.783,good_domain,21,0,subset_258,510,2,100.0
P57789,nD1,61-405,2774428,e7calC1,5054.1.1,0.995,0.985,6.8,0.4,1.513,good_domain,8,0,subset_258,345,2,36.81159420289855
P57789,nD2,466-490,2770733,e7eebC1,5054.1.1,0.178,0.0,4.3,na,na,simple_topology,1,0,subset_258,25,0,100.0
P21452,nD1,11-340,2565169,e6todB1,5001.1.1,0.999,1.0,34.0,0.91,1.156,good_domain,8,2,subset_258,330,2,27.575757575757574
P06241,nD1,86-140,2322692,e6amwA2,4.1.1,0.99,0.994,5.3,0.377,0.688,good_domain,1,4,subset_483,55,0,100.0
P06241,nD2,141-250,2055666,e5mtjA1,214.1.1,0.997,0.982,19.7,0.972,0.991,good_domain,2,3,subset_483,110,1,100.0
P06241,nD3,251-535,2782594,e7ng7A1,206.1.1,0.999,1.0,40.0,0.928,0.947,good_domain,10,7,subset_483,285,2,100.0
Q14003,nD1,86-200,6270,e3kvtA1,226.1.1,0.993,0.987,17.6,1.0,0.983,good_domain,4,4,subset_483,115,1,100.0
Q14003,nD2,271-560,1281106,e4g80I1,5054.1.1,0.991,0.982,9.5,0.878,1.272,good_domain,9,2,subset_483,290,2,28.96551724137931
P06127,nD1,31-135,163610,e2ja4A1,358.1.1,0.995,0.959,10.8,0.921,0.981,good_domain,1,7,subset_483,105,1,0.0
P06127,nD2,156-270,1568680,e5a2eA3,358.1.1,0.992,0.989,10.3,0.913,1.075,good_domain,2,7,subset_483,115,1,0.0
P06127,nD3,271-370,163610,e2ja4A1,358.1.1,0.997,0.969,16.7,0.98,0.935,good_domain,1,7,subset_483,100,1,0.0
P06127,nD4,381-410,389331,e3mhhC1,386.1.1,0.731,0.0,4.1,na,na,simple_topology,1,0,subset_483,30,0,40.0
O14974,nD1,6-170,4529,e1s70B1,109.3.1,1.0,1.0,30.5,0.564,0.829,good_domain,8,1,subset_339,165,2,100.0
O14974,nD2,171-295,142794,e2l6bA1,109.3.1,0.986,0.986,6.1,0.934,0.628,good_domain,6,0,subset_339,125,1,100.0
O14974,nD3,721-755,1715951,e5cj0B2,3939.1.1,0.553,0.0,3.9,na,na,simple_topology,1,0,subset_339,35,0,100.0
O14974,nD4,951-1030,1494453,e4ll7A1,3939.1.1,1.0,0.947,5.3,0.798,1.333,simple_topology,1,0,subset_339,80,0,100.0
P48764,nD1,41-465,2760415,e7dswA1,3236.1.1,1.0,1.0,52.4,0.99,1.107,good_domain,14,1,subset_339,425,2,17.41176470588235
P48764,nD2,601-625,2605319,e6yamq1,3748.1.1,0.044,0.0,2.0,na,na,simple_topology,1,0,subset_339,25,0,100.0
P10916,nD1,16-90,1198731,e3jvtB3,108.1.1,0.998,0.998,12.5,0.867,0.843,good_domain,4,2,subset_339,75,0,100.0
P10916,nD2,91-160,1198732,e3jvtB4,108.1.1,0.998,0.998,11.4,0.904,0.787,good_domain,4,2,subset_339,70,0,100.0
P17947,nD1,166-270,45835,e1gvjB1,101.1.2,0.994,0.99,7.5,0.648,1.105,good_domain,4,4,subset_42,105,1,100.0
P41180,nD1,"26-390,406-540,1011-1020",2121138,e5k5tA3,2007.1.2,0.998,1.0,41.6,0.758,3.566,good_domain,12,19,subset_42,510,2,1.9607843137254901
P41180,nD2,541-600,1883254,e5k5sB2,389.1.3,0.995,1.0,9.6,0.833,1.111,good_domain,0,4,subset_42,60,0,0.0
P41180,nD3,606-870,1291848,e4or2B1,5001.1.1,0.996,1.0,30.6,0.962,0.928,good_domain,7,2,subset_42,265,2,25.28301886792453
P41180,nD4,871-900,1869480,e5jhfF1,3882.1.1,0.439,0.0,5.7,na,na,simple_topology,1,0,subset_42,30,0,100.0
Q9NRX3,nD1,6-40,2540676,e6k61I1,5020.1.1,0.884,0.467,0.0,0.441,1.0,simple_topology,2,0,subset_42,35,0,34.285714285714285
Q9NZD1,nD1,11-275,2763698,e7mtrA4,5001.1.1,0.997,1.0,22.7,0.865,0.928,good_domain,7,0,subset_42,265,2,21.132075471698112
P61026,nD1,1-175,1883887,e5sziA1,2004.1.1,0.998,0.999,29.9,0.989,0.785,good_domain,5,7,subset_337,175,2,100.0
P40238,nD1,31-130,1549420,e4y5vF2,11.1.1,0.999,0.996,14.8,0.852,0.926,good_domain,1,7,subset_337,100,1,0.0
P40238,nD2,"21-30,131-140,156-195,226-280",1162366,e3wcyA9,11.1.1,0.998,0.998,11.5,0.52,1.065,good_domain,2,6,subset_337,115,1,0.8695652173913043
P40238,nD3,"141-155,281-385",1163902,e3v6oB3,11.1.1,0.995,0.99,8.3,0.79,1.111,good_domain,0,10,subset_337,120,1,0.0
P40238,nD4,386-513,2439964,e6dg5B2,11.1.1,0.999,0.99,12.7,0.892,1.185,good_domain,2,8,subset_337,128,1,0.0
Q6UXS9,nD1,1-60,1502549,e3j9kL1,110.1.1,0.837,1.0,0.0,na,na,simple_topology,2,0,subset_337,60,0,100.0
Q6UXS9,nD2,96-340,2642898,e6nryA1,7575.1.1,0.996,1.0,29.4,0.849,0.948,good_domain,5,9,subset_337,245,2,100.0
O43865,nD1,"86-285,451-530",2085583,e5o1pA1,2003.1.1,0.978,0.0,9.7,0.852,1.429,good_domain,9,8,subset_149,280,2,100.0
O43865,nD2,286-450,135114,e3gvpA1,2003.1.1,0.998,1.0,32.4,1.0,0.842,good_domain,5,8,subset_149,165,2,100.0
O14980,nD1,"11-1025,1031-1070",867002,e4fgvA1,109.4.1,1.0,1.0,35.0,0.66,3.689,good_domain,36,3,subset_149,1055,3,100.0
P43220,nD1,21-130,2596888,e6ln2A2,913.1.1,0.994,1.0,16.9,0.952,1.058,good_domain,1,2,subset_149,110,1,2.727272727272727
P43220,nD2,"131-205,221-430",2771106,e7dtyR1,5001.1.1,0.999,1.0,32.4,0.942,0.998,good_domain,9,0,subset_149,285,2,26.31578947368421
O15156,nD1,6-145,2073548,e5nlbA1,226.1.1,0.992,0.994,15.1,0.753,1.197,good_domain,5,3,subset_106,140,1,100.0
O15156,nD2,346-370,2170663,e5v3jF2,386.1.1,0.995,0.986,3.7,0.446,0.758,simple_topology,1,1,subset_106,25,0,100.0
O15156,nD3,371-395,2170663,e5v3jF2,386.1.1,0.999,0.981,3.7,0.446,0.758,simple_topology,1,0,subset_106,25,0,100.0
O15156,nD4,396-425,2772210,e7eyiH1,386.1.1,0.999,0.987,6.7,0.341,0.909,simple_topology,1,0,subset_106,30,0,100.0
O15156,nD5,426-450,1758193,e2i13A1,386.1.1,0.999,0.988,7.7,0.472,0.758,simple_topology,1,0,subset_106,25,0,100.0
P49286,nD1,26-335,2475329,e6me8A2,5001.1.1,1.0,1.0,40.0,0.842,1.086,good_domain,9,1,subset_106,310,2,29.35483870967742
P35557,nD1,6-465,147676,e4db3A1,2484.1.1,0.978,0.998,9.7,0.764,2.347,good_domain,15,14,subset_106,460,2,100.0
P13385,nD1,81-110,1196222,e2wftA5,389.1.1,0.973,0.0,3.2,0.882,0.706,simple_topology,0,2,subset_106,30,0,0.0
P13385,nD2,111-145,8484,e2j5hA1,389.1.1,0.968,0.992,0.0,0.872,0.824,good_domain,0,3,subset_106,35,0,0.0
Q08881,nD1,6-150,1513135,e4y93A2,220.1.1,0.992,1.0,16.9,0.739,1.189,good_domain,2,6,subset_427,145,1,100.0
Q08881,nD2,156-230,501,e1k9aA1,4.1.1,0.983,1.0,8.7,0.817,0.938,good_domain,1,4,subset_427,75,0,100.0
Q08881,nD3,231-340,221371,e4fl2A3,214.1.1,0.996,1.0,15.2,0.795,0.991,good_domain,2,3,subset_427,110,1,100.0
Q08881,nD4,346-615,2460572,e6j5tD1,206.1.1,0.991,0.999,15.3,0.762,0.897,good_domain,10,7,subset_427,270,2,100.0
O60359,nD1,6-220,2766148,e7oceJ1,633.23.1,0.993,1.0,19.7,0.907,1.15,good_domain,4,5,subset_427,215,2,15.348837209302326
P16410,nD1,36-185,407334,e3oskA1,11.1.1,0.998,0.992,21.8,1.0,1.389,good_domain,2,10,subset_427,150,1,1.3333333333333333
Q9UN37,nD1,1-85,1145756,e2cptA1,604.12.1,0.986,0.971,11.0,0.718,0.983,good_domain,3,0,subset_102,85,0,100.0
Q9UN37,nD2,"106-295,421-435",2330329,e6b5cA2,2004.1.1,0.997,0.999,26.1,0.877,0.919,good_domain,9,7,subset_102,205,2,100.0
Q9UN37,nD3,296-420,1758386,e1xwiA1,148.1.3,0.993,1.0,15.9,0.975,1.344,good_domain,4,3,subset_102,125,1,100.0
P43681,nD1,36-240,2527149,e6pv7A2,11.12.1,0.997,1.0,25.4,0.986,0.972,good_domain,1,11,subset_102,205,2,0.0
P43681,nD2,"241-360,561-625",2527148,e6pv7A1,5057.1.1,0.995,1.0,19.1,0.934,1.276,good_domain,5,0,subset_102,185,2,41.08108108108108
P55212,nD1,26-290,1125633,e4nblA1,7575.1.1,0.993,1.0,34.9,0.892,1.025,good_domain,5,12,subset_102,265,2,100.0
Q9UP38,nD1,116-230,2319295,e5wbsA1,543.1.1,0.995,0.995,19.1,0.839,0.706,good_domain,4,3,subset_102,115,1,0.0
Q9UP38,nD2,271-645,2771125,e7evwR1,5001.1.1,1.0,1.0,38.8,0.941,1.313,good_domain,8,5,subset_102,375,2,20.8
O75530,nD1,66-440,2071714,e5wukA1,5.1.4,0.988,1.0,63.1,0.997,1.045,good_domain,3,27,subset_240,375,2,100.0
P00326,nD1,"6-170,341-375",452,e2jhfA1,236.1.1,0.998,1.0,34.4,0.98,1.156,good_domain,3,10,subset_240,200,2,100.0
P00326,nD2,171-340,9018,e2jhfA2,2003.1.1,0.998,1.0,28.9,0.966,0.867,good_domain,7,7,subset_240,170,2,100.0
P14151,nD1,41-160,7344,e1g1tA1,209.1.1,0.999,0.994,24.4,0.983,0.93,good_domain,2,7,subset_240,120,1,0.0
P14151,nD2,161-255,1325375,e4c16B4,389.1.2,0.999,0.999,11.8,0.91,1.508,good_domain,0,8,subset_240,95,1,0.0
P14151,nD3,256-330,8493,e1qubA2,389.1.2,0.998,0.992,8.9,0.968,1.19,good_domain,1,5,subset_240,75,0,0.0
P43490,nD1,"1-160,396-425",1791602,e4lvfB2,325.1.4,0.994,1.0,24.0,0.911,1.484,good_domain,5,7,subset_229,190,2,100.0
P43490,nD2,"161-395,426-490",1174204,e2i14B3,2002.1.1,0.92,1.0,11.8,0.939,0.958,good_domain,10,8,subset_229,300,2,100.0
P62891,nD1,6-50,2675886,e6zj3L11,585.1.1,0.998,0.998,7.1,0.9,0.9,good_domain,1,0,subset_229,45,0,100.0
P01911,nD1,36-120,2711730,e6t3yB1,233.1.1,0.995,0.999,13.6,0.691,0.48,good_domain,1,4,subset_229,85,0,0.0
P01911,nD2,121-250,154648,e4i0pH1,11.1.1,0.998,0.998,19.0,0.971,1.204,good_domain,1,8,subset_229,130,1,1.5384615384615385
O15151,nD1,21-110,2755994,e7el4A1,178.1.1,0.997,0.999,14.2,0.748,0.923,good_domain,4,5,subset_12,90,1,100.0
O15151,nD2,301-330,8003,e2cr8A1,375.1.1,0.965,0.993,0.0,0.732,0.536,simple_topology,0,0,subset_12,30,0,100.0
O15151,nD3,426-490,341791,e2vjfB1,376.1.1,0.993,0.0,8.1,1.0,0.833,good_domain,2,3,subset_12,65,0,100.0
P24530,nD1,96-410,2071219,e5nj6A1,5001.1.1,0.998,1.0,23.1,0.879,1.103,good_domain,7,2,subset_12,315,2,26.666666666666668
P24530,nD2,411-435,1165444,e3wkvA3,5054.1.1,0.379,0.0,4.5,na,na,simple_topology,1,0,subset_12,25,0,100.0
Q9H252,nD1,"6-155,226-235",2644070,e6y7qAAA1,223.1.1,0.993,0.933,20.2,1.0,1.096,good_domain,4,5,subset_12,160,2,100.0
Q9H252,nD2,251-715,2071554,e5va1A3,5054.1.1,0.995,1.0,26.4,0.856,2.039,good_domain,14,11,subset_12,465,2,55.69892473118279
Q9H252,nD3,782-815,2821689,e7rz5A1,5054.1.1,0.99,0.0,7.9,0.054,0.149,simple_topology,1,0,subset_12,34,0,100.0
O43508,nD1,96-249,1030526,e4ht1T1,10.3.1,0.995,0.999,25.1,0.903,1.085,good_domain,0,12,subset_12,154,2,0.0
P08069,nD1,"31-330,336-485",7201,e1igrA1,207.1.1,0.995,1.0,25.1,0.966,1.585,good_domain,5,25,subset_172,450,2,0.0
P08069,nD2,491-610,2415083,e6hn5F2,11.1.1,0.999,1.0,15.5,0.69,1.111,good_domain,0,8,subset_172,120,1,0.0
P08069,nD3,826-935,2165365,e5u8qA1,11.1.1,0.999,1.0,15.7,0.971,1.019,good_domain,1,6,subset_172,110,1,0.0
P08069,nD4,"611-685,701-730,776-825,971-1285",7089,e1p4oA1,206.1.1,0.995,1.0,38.8,0.958,1.561,good_domain,12,15,subset_172,470,2,67.02127659574468
P49207,nD1,"1-40,46-110",2167952,e6ftgg1,377.12.1,1.0,1.0,10.5,0.912,0.981,good_domain,2,2,subset_172,105,1,100.0
P29475,nD1,"11-100,206-215",704,e1qauA1,7.1.1,0.997,0.947,19.5,0.777,1.0,good_domain,2,5,subset_172,100,1,100.0
P29475,nD2,306-720,412216,e3n65B1,262.1.1,0.996,1.0,55.6,0.964,1.07,good_domain,12,15,subset_172,415,2,100.0
P29475,nD3,"756-850,876-960",10003,e1tllA2,2007.2.1,0.997,1.0,31.2,0.944,1.029,good_domain,6,6,subset_172,180,2,100.0
P29475,nD4,"966-1045,1176-1240",1384122,e1tllA4,1.1.7,0.997,1.0,20.1,0.94,1.306,good_domain,3,9,subset_172,145,1,100.0
P29475,nD5,1046-1175,1345910,e1tllA1,3687.1.1,0.997,1.0,20.7,0.985,1.032,good_domain,7,4,subset_172,130,1,100.0
P29475,nD6,1241-1430,1395554,e1tllB3,7514.1.1,0.997,1.0,31.9,0.983,1.297,good_domain,7,5,subset_172,190,2,100.0
P30281,nD1,"16-155,256-265",2706604,e7kpvB1,101.1.10,0.999,0.999,15.9,0.407,1.136,good_domain,7,0,subset_46,150,1,100.0
P30281,nD2,156-255,2724410,e7kueB1,101.1.10,0.998,0.998,14.4,0.347,0.758,good_domain,5,0,subset_46,100,1,100.0
O15554,nD1,"6-170,191-290",2038406,e5u6oD2,5054.1.1,0.999,0.992,12.7,0.714,1.162,good_domain,7,0,subset_46,265,2,26.79245283018868
O15554,nD2,291-375,315449,e2ic6B1,192.8.1,0.959,0.0,9.4,0.987,1.156,simple_topology,2,0,subset_46,85,0,100.0
O15554,nD3,376-410,2821689,e7rz5A1,5054.1.1,0.972,0.0,10.0,0.071,0.154,simple_topology,1,0,subset_46,35,0,100.0
P36897,nD1,31-115,134023,e3evsC1,382.1.1,0.992,0.0,10.4,0.918,1.133,good_domain,1,6,subset_46,85,0,3.5294117647058822
P36897,nD2,136-170,1692489,e5dfzC1,206.1.1,0.84,0.0,5.9,na,na,simple_topology,1,0,subset_46,35,0,65.71428571428571
P36897,nD3,176-500,391538,e3mdyC1,206.1.1,0.999,1.0,47.9,0.972,1.08,good_domain,10,11,subset_46,325,2,100.0
P13762,nD1,36-120,2711730,e6t3yB1,233.1.1,0.995,0.999,14.0,0.691,0.48,good_domain,1,4,subset_46,85,0,0.0
P13762,nD2,121-230,154648,e4i0pH1,11.1.1,0.998,0.998,18.4,0.971,1.019,good_domain,1,8,subset_46,110,1,0.0
P08473,nD1,26-50,2514680,e6hxiD1,172.1.1,0.317,0.0,2.4,na,na,simple_topology,1,0,subset_394,25,0,20.0
P08473,nD2,"56-430,436-750",2628616,e6sukA1,2498.1.1,1.0,1.0,56.7,0.989,2.749,good_domain,26,8,subset_394,690,3,0.0
P23280,nD1,21-280,169768,e3fe4A1,62.1.1,0.996,1.0,38.7,0.984,1.014,good_domain,4,11,subset_394,260,2,0.0
P15692,nD1,221-315,8303,e1wq8A1,385.1.1,0.998,0.997,13.8,0.95,0.896,good_domain,1,5,subset_394,95,1,0.0
P15692,nD2,356-395,91974,e1kmxA1,501.1.1,0.994,0.946,7.3,0.709,0.727,good_domain,0,4,subset_394,40,0,0.0
Q86U70,nD1,66-245,163767,e2gbwB1,243.1.1,0.978,0.552,11.2,0.741,1.353,good_domain,6,8,subset_27,180,2,100.0
Q86U70,nD2,246-280,2723200,e7bqqA1,101.1.4,0.794,0.258,0.0,na,na,low_confidence,2,1,subset_27,35,0,100.0
Q13224,nD1,"31-145,286-360",2816819,e7eu7B2,2007.1.2,0.997,1.0,27.9,0.797,1.329,good_domain,4,5,subset_27,190,2,0.0
Q13224,nD2,"146-285,361-395",2761273,e7epcB4,2007.1.2,0.997,0.997,17.9,0.525,1.224,good_domain,5,8,subset_27,175,2,0.0
Q13224,nD3,"401-530,761-810",2816821,e7eu7B4,7523.1.1,0.996,1.0,24.8,0.904,1.2,good_domain,4,6,subset_27,180,2,0.0
Q13224,nD4,"546-655,811-845",2816920,e7f57A3,5054.1.1,0.992,1.0,10.1,0.77,0.636,good_domain,5,0,subset_27,145,1,35.86206896551724
Q13224,nD5,"531-545,656-760",2062177,e4q0cC4,7523.1.1,0.998,0.978,16.5,0.332,0.8,good_domain,4,4,subset_27,120,1,0.0
P55157,nD1,26-300,2581369,e6i7sG1,5087.2.1,0.994,1.0,35.2,0.975,1.004,good_domain,5,12,subset_27,275,2,0.0
P55157,nD2,301-605,2390636,e6fsqA2,109.4.1,0.983,0.979,7.4,0.85,1.066,good_domain,17,0,subset_27,305,2,0.0
P55157,nD3,611-885,2582184,e6i7sH3,5087.3.1,1.0,1.0,18.3,0.982,0.853,good_domain,2,13,subset_27,275,2,0.0
Q02161,nD1,6-415,1278315,e3hd6A2,5049.1.1,1.0,1.0,55.4,0.938,1.012,good_domain,12,2,subset_27,410,2,23.170731707317074
Q15303,nD1,26-205,389598,e3h3bA1,207.1.1,0.993,0.999,27.1,0.922,0.634,good_domain,2,5,subset_386,180,2,0.0
Q15303,nD2,206-330,1851304,e2ahxA1,389.6.1,0.989,0.997,5.0,0.486,0.94,good_domain,0,12,subset_386,125,1,0.0
Q15303,nD3,331-535,1836033,e3u2pA2,207.1.1,0.994,1.0,36.1,1.0,0.722,good_domain,3,8,subset_386,205,2,0.0
Q15303,nD4,536-645,1851304,e2ahxA1,389.6.1,0.999,1.0,10.1,0.757,0.827,good_domain,0,7,subset_386,110,1,0.0
Q15303,nD5,651-685,184835,e2m20A1,3569.1.1,0.972,0.89,0.0,0.567,0.603,simple_topology,1,0,subset_386,35,0,34.285714285714285
Q15303,nD6,686-1030,1678139,e4r3pA1,206.1.1,0.986,1.0,42.1,0.954,1.146,good_domain,10,10,subset_386,345,2,100.0
Q8WXS5,nD1,"16-50,81-185,201-240",2821690,e7rz5A2,633.23.1,0.995,0.998,13.6,0.717,0.963,good_domain,4,5,subset_386,180,2,16.11111111111111
Q8NBP7,nD1,61-150,352463,e2w2nP1,304.7.1,0.999,0.968,18.4,0.968,0.968,good_domain,3,5,subset_386,90,1,0.0
Q8NBP7,nD2,151-445,1299814,e4ov6B1,2499.1.1,0.991,1.0,47.3,0.939,0.897,good_domain,6,13,subset_386,295,2,0.0
Q8NBP7,nD3,446-530,2121568,e5ocaB3,929.1.1,0.999,1.0,15.5,0.952,1.024,good_domain,0,6,subset_386,85,0,0.0
Q8NBP7,nD4,531-605,1616836,e2qtwB5,929.1.1,0.999,1.0,7.6,0.811,0.904,good_domain,0,3,subset_386,75,0,0.0
Q8NBP7,nD5,606-680,2101431,e5vlpA4,929.1.1,0.999,1.0,13.1,0.753,0.904,good_domain,0,6,subset_386,75,0,0.0
Q13950,nD1,111-235,1295884,e4l0zA1,11.1.5,0.999,1.0,24.0,0.742,0.812,good_domain,0,9,subset_18,125,1,100.0
Q13002,nD1,11-35,1634460,e4l4xA2,2003.1.1,0.725,0.0,6.8,na,na,simple_topology,1,0,subset_18,25,0,84.0
Q13002,nD2,"36-150,281-385",2122609,e5kc9A1,2007.1.2,0.996,1.0,24.4,0.681,1.538,good_domain,6,7,subset_18,220,2,0.0
Q13002,nD3,"151-280,386-430",1873473,e4gpaA2,2007.1.2,0.998,1.0,21.4,0.576,1.224,good_domain,4,9,subset_18,175,2,0.0
Q13002,nD4,"431-535,761-810",1523290,e1yaeB2,7523.1.1,0.997,0.999,27.1,0.948,1.033,good_domain,4,8,subset_18,155,2,0.0
Q13002,nD5,"551-660,811-865",2816822,e7eu7B5,5054.1.1,0.985,1.0,7.7,0.688,0.724,good_domain,5,3,subset_18,165,2,49.09090909090909
Q13002,nD6,"536-550,661-760",2600647,e3g3kB3,7523.1.1,0.997,0.998,22.8,0.981,0.767,good_domain,5,5,subset_18,115,1,0.0
Q16322,nD1,86-180,166293,e2r9rB2,226.1.1,0.996,1.0,20.4,0.931,0.812,good_domain,5,3,subset_18,95,1,100.0
Q16322,nD2,186-495,2794037,e7e7zC1,5054.1.1,1.0,1.0,21.8,0.945,1.36,good_domain,8,0,subset_18,310,2,31.29032258064516
Q9Y6W8,nD1,"26-130,141-165",2665982,e7jooC1,11.1.1,0.998,0.998,16.5,0.936,1.204,good_domain,2,9,subset_18,130,1,3.076923076923077
Q96AC1,nD1,6-95,2629182,e7c3mA3,221.1.1,0.997,1.0,5.1,0.976,0.957,good_domain,2,5,subset_72,90,1,100.0
Q96AC1,nD2,"96-153,216-280",2100902,e5xpyA2,221.1.1,0.996,1.0,9.5,0.831,1.309,good_domain,4,6,subset_72,123,1,100.0
Q96AC1,nD3,"281-340,506-565",2100903,e5xpyA3,197.1.1,0.996,1.0,9.1,0.823,1.081,good_domain,5,0,subset_72,120,1,100.0
Q96AC1,nD4,376-505,2629180,e7c3mA1,220.1.1,0.996,1.0,10.3,0.834,1.066,good_domain,2,7,subset_72,130,1,100.0
Q96AC1,nD5,566-675,2629181,e7c3mA2,220.1.1,0.997,1.0,7.1,0.938,0.902,good_domain,3,6,subset_72,110,1,100.0
P30939,nD1,21-360,1273987,e4amjB2,5001.1.1,0.999,1.0,32.7,0.903,1.191,good_domain,7,0,subset_72,340,2,38.8235294117647
Q16539,nD1,6-360,1885104,e5lohA1,206.1.1,0.994,0.999,21.7,0.567,1.179,good_domain,10,10,subset_72,355,2,100.0
P15248,nD1,21-140,2071151,e5m5eD1,150.3.1,0.991,0.961,10.7,0.769,0.795,good_domain,3,2,subset_72,120,1,0.0
P22234,nD1,6-260,2641399,e6yb8A2,206.1.2,0.994,1.0,36.0,0.996,1.02,good_domain,4,13,subset_11,255,2,100.0
P22234,nD2,266-425,2641398,e6yb8A1,2007.1.9,0.997,1.0,19.2,0.976,0.982,good_domain,6,4,subset_11,160,2,100.0
P30530,nD1,36-135,292575,e2c5dD2,11.1.1,0.998,0.996,16.8,0.962,0.926,good_domain,1,8,subset_11,100,1,0.0
P30530,nD2,136-225,1221392,e2c5dD3,11.1.1,0.999,0.996,15.2,0.92,0.833,good_domain,0,8,subset_11,90,1,0.0
P30530,nD3,226-330,1120363,e4hljA1,11.1.1,0.998,0.992,10.8,0.77,0.972,good_domain,0,7,subset_11,105,1,0.0
P30530,nD4,331-430,2798219,e7mrmA4,11.1.1,0.998,0.989,11.5,0.852,0.926,good_domain,0,7,subset_11,100,1,0.0
P30530,nD5,451-475,2452528,e6ithA1,6169.1.1,0.873,0.405,0.0,0.371,0.641,simple_topology,1,0,subset_11,25,0,12.0
P30530,nD6,496-830,2095882,e5u6bD1,206.1.1,0.988,1.0,41.6,0.95,1.113,good_domain,11,9,subset_11,335,2,100.0
Q7L0J3,nD1,6-40,4700,e2fo1D1,4991.1.1,0.592,0.0,3.7,na,na,simple_topology,1,0,subset_11,35,0,100.0
Q7L0J3,nD2,151-405,1234866,e4gbzA4,5050.1.1,0.993,1.0,19.8,0.875,1.156,good_domain,9,2,subset_11,255,2,36.07843137254902
Q7L0J3,nD3,481-580,2042175,e5moyB1,207.9.1,0.995,0.86,18.9,0.893,0.562,good_domain,0,14,subset_11,100,1,0.0
Q7L0J3,nD4,"421-475,586-735",2811150,e7sp5A1,5050.1.1,0.995,1.0,17.4,0.879,0.93,good_domain,6,0,subset_11,205,2,24.878048780487806
Q8NI17,nD1,21-115,33112,e2d9qB1,11.1.1,0.999,0.995,13.5,0.858,0.88,good_domain,1,7,subset_11,95,1,0.0
Q8NI17,nD2,116-225,2646067,e6o4pA2,11.1.1,0.998,0.993,12.8,0.9,1.019,good_domain,1,8,subset_11,110,1,0.0
Q8NI17,nD3,226-325,390791,e3l5iA2,11.1.1,0.998,0.999,14.8,0.949,0.926,good_domain,1,7,subset_11,100,1,0.0
Q8NI17,nD4,326-420,139234,e3l5hA4,11.1.1,0.999,1.0,13.3,0.957,0.88,good_domain,1,7,subset_11,95,1,0.0
Q8NI17,nD5,421-545,139233,e3l5hA3,11.1.1,0.999,1.0,18.0,0.969,1.157,good_domain,1,8,subset_11,125,1,4.0
P69905,nD1,1-140,50209,e1c7cA1,106.1.1,0.999,0.999,28.6,0.986,0.952,good_domain,5,0,subset_471,140,1,100.0
Q5XXA6,nD1,"51-70,116-440,446-475,506-950",2476775,e6r7xA2,3914.1.1,0.999,1.0,24.7,0.845,1.444,good_domain,23,13,subset_471,820,3,47.4390243902439
P02778,nD1,31-95,26741,e1dokB1,1170.1.1,0.998,0.997,8.6,0.847,0.935,good_domain,2,3,subset_471,65,0,0.0
Q06124,nD1,6-105,158505,e2b3oA2,214.1.1,0.999,1.0,18.7,0.935,0.901,good_domain,2,4,subset_8,100,1,100.0
Q06124,nD2,106-215,158506,e2b3oA3,214.1.1,0.998,1.0,15.9,0.839,0.991,good_domain,2,4,subset_8,110,1,100.0
Q06124,nD3,216-535,180659,e3ps5A3,2007.2.3,0.996,1.0,44.1,0.991,1.407,good_domain,7,12,subset_8,320,2,100.0
P51681,nD1,"1-215,236-330",2428615,e6meoB1,5001.1.1,0.999,1.0,36.5,0.885,1.086,good_domain,8,2,subset_8,310,2,19.35483870967742
Q8NCM2,nD1,"1-135,176-200",2644070,e6y7qAAA1,223.1.1,0.995,0.926,18.8,0.983,1.096,good_domain,5,5,subset_8,160,2,100.0
Q8NCM2,nD2,206-475,1165465,e3ukmD1,5054.1.1,0.994,0.974,12.0,0.376,1.184,good_domain,9,4,subset_8,270,2,37.03703703703704
Q8NCM2,nD3,476-690,1095708,e4lloA1,10.12.1,0.991,0.995,23.6,0.925,1.222,good_domain,7,8,subset_8,215,2,100.0
Q8NCM2,nD4,921-945,2501383,e6nr841,192.2.1,0.933,0.495,0.0,0.212,0.234,simple_topology,1,0,subset_8,25,0,100.0
P15509,nD1,36-110,1712057,e4rs1B3,11.1.1,0.999,0.999,14.1,0.873,0.694,good_domain,0,6,subset_8,75,0,0.0
P15509,nD2,111-215,2158285,e5uwcG1,11.1.1,0.998,0.999,16.4,0.96,0.972,good_domain,1,7,subset_8,105,1,0.0
P15509,nD3,216-320,1712056,e4rs1B2,11.1.1,0.998,0.999,16.4,0.868,0.972,good_domain,1,7,subset_8,105,1,0.0
O00329,nD1,11-105,1574345,e4jpsA5,221.1.1,0.997,1.0,16.7,0.867,1.011,good_domain,2,6,subset_308,95,1,100.0
O00329,nD2,106-300,427179,e3rnfC1,221.1.1,0.993,0.0,9.2,0.953,2.074,good_domain,7,5,subset_308,195,2,100.0
O00329,nD3,316-485,2770207,e7oi4AAA4,11.2.1,0.995,1.0,25.8,0.83,1.206,good_domain,1,7,subset_308,170,2,100.0
O00329,nD4,486-675,1412316,e4uwhA2,109.4.1,0.995,1.0,12.5,0.716,0.664,good_domain,9,0,subset_308,190,2,100.0
O00329,nD5,676-1040,1307466,e4bfrA1,206.1.1,0.997,1.0,45.0,0.945,1.213,good_domain,12,9,subset_308,365,2,100.0
P56282,nD1,6-75,168577,e2v6zM1,148.1.3,0.999,0.989,15.2,0.933,0.753,good_domain,4,2,subset_308,70,0,100.0
P56282,nD2,76-525,1885530,e5iheA1,246.2.1,0.986,1.0,21.3,0.739,1.52,good_domain,13,24,subset_308,450,2,100.0
P55786,nD1,51-255,1725143,e4wz9A2,4081.1.1,0.996,1.0,23.5,0.934,0.99,good_domain,0,14,subset_308,205,2,100.0
P55786,nD2,256-505,1758479,e4kxdA1,2498.1.1,0.997,1.0,35.1,0.988,0.996,good_domain,8,6,subset_308,250,2,100.0
P55786,nD3,506-595,2561035,e6ea4B1,11.1.1,0.989,1.0,9.8,0.901,0.833,good_domain,1,7,subset_308,90,1,100.0
P55786,nD4,596-910,1758482,e4kxdA4,109.4.1,0.992,1.0,18.9,0.969,1.101,good_domain,15,1,subset_308,315,2,100.0
Q93088,nD1,11-405,000008744,e3bofA1,2002.1.1,0.999,1.0,34.8,0.933,1.262,good_domain,13,7,subset_496,395,2,100.0
Q9NSA0,nD1,46-125,na,na,na,na,na,na,na,na,low_confidence,2,4,subset_496,80,0,0.0
Q9NSA0,nD2,"1-45,126-310",001234866,e4gbzA4,5050.1.1,0.997,1.0,21.3,0.812,1.043,good_domain,8,1,subset_496,230,2,30.869565217391305
Q9NSA0,nD3,331-545,001567956,e4zw9A1,5050.1.1,0.996,1.0,21.2,0.84,0.975,good_domain,6,0,subset_496,215,2,33.02325581395349
Q02223,nD1,6-50,000142534,e2kn1A1,389.1.3,0.944,0.99,0.0,0.882,0.833,good_domain,2,2,subset_496,45,0,0.0
Q02223,nD2,56-80,001889975,e2ndjA1,3793.1.1,0.899,0.86,0.0,0.233,0.203,simple_topology,1,0,subset_496,25,0,16.0
P10415,nD1,"6-40,86-225",2499741,e6qghA1,5000.3.1,0.998,1.0,21.5,0.824,1.133,good_domain,7,0,subset_5,175,2,100.0
P17948,nD1,26-135,1678261,e4wrlA2,11.1.1,1.0,0.998,17.6,0.486,1.019,good_domain,1,7,subset_5,110,1,0.9090909090909091
P17948,nD2,136-225,1678261,e4wrlA2,11.1.1,1.0,0.998,17.6,0.432,0.833,good_domain,1,8,subset_5,90,1,0.0
P17948,nD3,226-330,1954714,e5t89X3,11.1.1,1.0,1.0,17.3,0.944,0.972,good_domain,1,7,subset_5,105,1,0.0
P17948,nD4,331-425,1954718,e5t89Y2,11.1.1,1.0,1.0,19.8,0.418,0.88,good_domain,1,7,subset_5,95,1,0.0
P17948,nD5,426-555,1954718,e5t89Y2,11.1.1,1.0,1.0,19.8,0.514,1.204,good_domain,0,8,subset_5,130,1,0.0
P17948,nD6,556-655,1954716,e5t89X5,11.1.1,1.0,1.0,10.5,0.739,0.926,good_domain,2,7,subset_5,100,1,0.0
P17948,nD7,"656-785,801-940,986-1170",2460572,e6j5tD1,206.1.1,0.99,0.999,13.2,0.684,1.512,good_domain,14,16,subset_5,455,2,72.52747252747253
Q9ULS6,nD1,16-125,1760353,e3dryC1,226.1.1,0.993,0.992,10.9,0.551,0.94,good_domain,4,5,subset_5,110,1,100.0
Q9ULS6,nD2,"141-430,441-475",176798,e3lutB1,5054.1.1,0.993,1.0,11.0,0.703,1.425,good_domain,9,1,subset_5,325,2,40.92307692307692
P09758,nD1,31-70,2793961,e7e5nB3,6148.1.1,0.957,1.0,0.0,1.0,1.053,good_domain,0,2,subset_5,40,0,0.0
P09758,nD2,"71-150,266-275",1347543,e4mzvA2,363.1.1,0.996,1.0,5.9,0.987,1.139,good_domain,1,2,subset_5,90,1,0.0
P09758,nD3,151-265,2802320,e7peeC1,304.151.1,0.998,1.0,15.0,0.958,1.1,good_domain,3,4,subset_5,115,1,0.0
P09758,nD4,276-300,1688261,e2n28A1,912.1.1,0.904,0.886,0.0,0.309,0.397,simple_topology,1,0,subset_5,25,0,12.0
O60783,nD1,31-128,2826885,e7rygn1,377.1.1,1.0,1.0,11.2,0.98,1.96,good_domain,4,1,subset_336,98,1,100.0
P09769,nD1,81-135,2322692,e6amwA2,4.1.1,0.992,0.993,5.4,0.384,0.688,good_domain,1,4,subset_336,55,0,100.0
P09769,nD2,136-245,989193,e4f5bA1,214.1.1,0.996,0.981,19.1,0.972,0.991,good_domain,2,3,subset_336,110,1,100.0
P09769,nD3,246-525,2782594,e7ng7A1,206.1.1,0.998,1.0,34.0,0.924,0.93,good_domain,10,7,subset_336,280,2,100.0
Q6UB28,nD1,53-335,152215,e4fukA1,283.1.1,0.996,1.0,41.3,0.836,1.103,good_domain,4,14,subset_336,283,2,100.0
Q07817,nD1,"1-35,81-220",1949072,e5twaA1,5000.3.1,0.997,1.0,14.2,0.783,1.133,good_domain,7,0,subset_311,175,2,100.0
O95299,nD1,41-355,9545,e1p6xA1,2004.1.1,0.999,0.995,14.7,0.598,1.413,good_domain,10,5,subset_311,315,2,100.0
O43895,nD1,31-195,167993,e3ctzA2,2484.3.1,0.996,1.0,24.3,0.912,1.068,good_domain,6,8,subset_311,165,2,0.0
O43895,nD2,201-355,1167958,e3ctzA3,2484.3.1,0.997,1.0,21.7,0.956,1.003,good_domain,7,9,subset_311,155,2,0.0
O43895,nD3,356-645,1548300,e4s2rP3,283.1.1,0.997,1.0,46.5,0.96,1.131,good_domain,7,12,subset_311,290,2,0.0
P56693,nD1,101-175,44940,e1j46A1,190.1.1,0.997,0.984,11.6,0.925,0.904,good_domain,3,0,subset_353,75,0,100.0
Q9NR82,nD1,96-360,2794037,e7e7zC1,5054.1.1,0.999,0.998,16.5,0.941,1.162,good_domain,10,0,subset_353,265,2,36.9811320754717
Q9NR82,nD2,"361-395,516-545",2166091,e6b8qG1,6170.1.1,0.974,0.99,7.7,0.924,0.778,simple_topology,2,0,subset_353,65,0,100.0
Q9NR82,nD3,546-575,217386,e3vouA1,5054.1.1,0.98,0.0,10.5,0.201,0.132,simple_topology,1,0,subset_353,30,0,100.0
Q9NR82,nD4,601-630,2105883,e5xtcW1,1132.1.1,0.088,0.0,3.5,na,na,simple_topology,1,0,subset_353,30,0,100.0
P51449,nD1,16-125,350953,e3e00D2,377.1.1,0.985,1.0,13.1,0.989,2.2,good_domain,4,3,subset_353,110,1,100.0
P51449,nD2,252-510,2512878,e6nwsA1,188.1.1,0.999,0.999,33.3,0.946,1.07,good_domain,12,3,subset_353,259,2,100.0
O75626,nD1,46-220,168652,e3dalA1,70.3.1,0.998,0.999,29.4,0.882,1.054,good_domain,3,10,subset_341,175,2,100.0
O75626,nD2,566-595,2170663,e5v3jF2,386.1.1,1.0,0.994,6.1,0.429,0.909,good_domain,1,2,subset_341,30,0,100.0
O75626,nD3,596-630,2170663,e5v3jF2,386.1.1,0.999,0.994,6.1,0.571,1.061,simple_topology,1,0,subset_341,35,0,100.0
O75626,nD4,631-655,2170664,e5v3jF3,386.1.1,1.0,0.994,6.4,0.446,0.758,simple_topology,1,0,subset_341,25,0,100.0
O75626,nD5,656-685,2772210,e7eyiH1,386.1.1,1.0,0.989,9.1,0.341,0.909,simple_topology,1,0,subset_341,30,0,100.0
O75626,nD6,686-710,2077087,e5kkqD4,386.1.1,1.0,0.994,4.6,0.41,0.758,simple_topology,1,0,subset_341,25,0,100.0
P35372,nD1,36-365,1125533,e4n6hA1,5001.1.1,0.999,1.0,34.9,0.957,1.156,good_domain,9,2,subset_341,330,2,24.545454545454547
O43734,nD1,406-555,1291972,e4nuxA1,2007.9.1,0.997,0.989,14.0,0.671,0.943,good_domain,6,4,subset_341,150,1,100.0
P84077,nD1,6-180,133873,e3doeA1,2004.1.1,0.998,0.998,29.0,0.913,0.785,good_domain,6,6,subset_167,175,2,100.0
P05388,nD1,"6-105,186-279",185377,e3jsyA1,304.60.1,0.997,1.0,15.8,0.876,1.338,good_domain,9,5,subset_167,194,2,100.0
P05388,nD2,106-185,1438109,e4v7eCq2,3310.1.1,0.997,1.0,12.3,1.0,1.053,good_domain,2,6,subset_167,80,0,100.0
P25025,nD1,31-340,2080689,e5vblB1,5001.1.1,0.999,1.0,32.2,0.949,1.086,good_domain,9,2,subset_167,310,2,23.225806451612904
P46109,nD1,6-115,149926,e2lqnA1,214.1.1,0.998,0.995,18.4,0.899,0.991,good_domain,3,6,subset_357,110,1,100.0
P46109,nD2,121-195,149927,e2lqnA2,4.1.1,0.996,0.995,6.9,0.795,0.938,good_domain,2,4,subset_357,75,0,100.0
P46109,nD3,221-303,149928,e2lqnA3,4.1.1,0.996,0.995,7.3,0.708,1.038,good_domain,1,4,subset_357,83,0,100.0
P23975,nD1,56-600,2611140,e6m17C1,5051.1.1,1.0,1.0,42.2,0.848,1.163,good_domain,18,4,subset_357,545,2,25.321100917431192
Q9UK32,nD1,"56-405,411-715,721-745",1166055,e3kn6A2,206.1.1,0.998,0.999,31.9,0.918,2.259,good_domain,23,17,subset_357,680,3,100.0
Q08499,nD1,226-340,1513009,e4wziB2,3954.1.1,0.999,1.0,7.3,0.778,0.983,good_domain,3,0,subset_400,115,1,100.0
Q08499,nD2,381-720,2445359,e6fg5A1,131.1.1,1.0,1.0,51.0,0.991,1.472,good_domain,15,0,subset_400,340,2,100.0
P25021,nD1,6-320,1273987,e4amjB2,5001.1.1,0.999,1.0,35.7,0.963,1.103,good_domain,7,0,subset_400,315,2,29.206349206349206
Q92832,nD1,26-220,1087,e2erfA1,10.1.1,0.995,0.988,24.2,0.932,0.911,good_domain,2,13,subset_400,195,2,0.0
Q92832,nD2,271-330,2084668,e5nb8C1,391.1.2,1.0,0.719,4.0,0.829,0.706,good_domain,0,6,subset_400,60,0,0.0
Q92832,nD3,331-365,1759945,e2mhpA2,391.1.1,0.987,0.0,3.9,0.865,0.761,good_domain,0,5,subset_400,35,0,0.0
Q92832,nD4,391-430,2625952,e6pogB4,389.1.1,1.0,0.986,5.5,1.0,0.941,good_domain,0,4,subset_400,40,0,0.0
Q92832,nD5,431-475,2625951,e6pogB3,389.1.1,1.0,0.986,6.2,0.818,1.059,good_domain,0,3,subset_400,45,0,0.0
Q92832,nD6,476-515,2625949,e6pogB1,389.1.1,1.0,0.986,10.2,0.484,0.941,good_domain,0,3,subset_400,40,0,0.0
Q92832,nD7,516-550,2625949,e6pogB1,389.1.1,1.0,0.986,10.2,0.516,0.824,simple_topology,0,2,subset_400,35,0,0.0
Q92832,nD8,551-595,2102115,e2bouA2,389.1.1,0.998,0.505,4.0,0.725,1.059,good_domain,0,3,subset_400,45,0,0.0
Q92832,nD9,596-625,2067660,e5b4xB4,389.1.1,0.994,0.968,0.0,0.659,0.706,simple_topology,0,2,subset_400,30,0,0.0
Q92832,nD10,631-670,8549,e1o9aA2,391.1.1,0.999,0.506,3.0,0.864,0.87,good_domain,0,5,subset_400,40,0,0.0
Q92832,nD11,691-730,170159,e3ejhA1,391.1.1,0.999,0.635,5.5,0.812,0.87,good_domain,0,3,subset_400,40,0,0.0
Q92832,nD12,766-800,2512605,e6n29A6,391.1.1,0.999,0.254,4.4,0.75,0.761,good_domain,0,5,subset_400,35,0,0.0
Q9UPW6,nD1,56-155,1812437,e4q2jA1,221.1.1,0.991,1.0,18.1,0.875,1.064,good_domain,2,5,subset_130,100,1,100.0
Q9UPW6,nD2,166-240,140816,e2l1pA1,101.1.4,0.986,0.998,6.8,0.889,0.962,good_domain,4,0,subset_130,75,0,100.0
Q9UPW6,nD3,306-330,1510513,e3op9A1,101.1.4,0.625,0.0,3.3,na,na,simple_topology,1,0,subset_130,25,0,100.0
Q9UPW6,nD4,361-440,2782,e1wh8A1,101.1.4,0.993,0.989,9.0,0.667,1.026,good_domain,5,0,subset_130,80,0,100.0
Q9UPW6,nD5,471-570,2782,e1wh8A1,101.1.4,0.991,0.985,8.2,0.793,1.282,good_domain,5,0,subset_130,100,1,100.0
Q9UPW6,nD6,621-670,1159997,e1au7A4,101.1.1,0.995,0.948,9.1,0.662,0.685,good_domain,3,0,subset_130,50,0,100.0
O14764,nD1,51-245,2784791,e6qfaA1,11.12.1,0.997,1.0,28.5,0.911,0.924,good_domain,3,11,subset_130,195,2,0.0
O14764,nD2,"246-350,421-450",2656025,e6x3tE2,5057.1.1,0.993,1.0,17.2,0.946,0.931,good_domain,4,1,subset_130,135,1,22.962962962962962
P42575,nD1,31-130,2067576,e5wvcB1,110.1.1,0.995,0.98,14.4,0.97,1.042,good_domain,6,0,subset_130,100,1,100.0
P42575,nD2,176-450,1107294,e4m9rA1,7575.1.1,0.999,0.999,35.6,0.945,1.064,good_domain,6,9,subset_130,275,2,100.0
O75175,nD1,6-110,2619869,e6tb3BW1,603.1.1,0.994,1.0,15.3,0.92,1.0,good_domain,3,0,subset_234,105,1,100.0
O75175,nD2,111-225,2085433,e5nugB13,148.1.3,0.943,0.915,0.0,0.514,1.237,good_domain,3,0,subset_234,115,1,100.0
O75175,nD3,631-750,1108087,e4c0dC1,4.1.1,0.996,1.0,18.1,0.831,1.5,good_domain,4,3,subset_234,120,1,100.0
Q96SW2,nD1,46-320,2762332,e7lpsE2,1.1.9,1.0,1.0,33.5,0.901,1.993,good_domain,8,7,subset_234,275,2,100.0
Q96SW2,nD2,321-435,1763944,e5fqdB1,708.1.2,0.997,1.0,18.9,0.932,0.833,good_domain,2,8,subset_234,115,1,100.0
Q9NQH7,nD1,51-245,2075599,e5x49A1,2484.3.1,0.996,1.0,28.7,0.958,1.262,good_domain,7,8,subset_234,195,2,100.0
Q9NQH7,nD2,246-505,2075600,e5x49A2,283.1.1,0.999,1.0,46.2,1.0,1.014,good_domain,7,8,subset_234,260,2,100.0
P02766,nD1,31-145,1557559,e4qxvA1,11.1.4,0.998,1.0,21.4,0.991,0.92,good_domain,1,7,subset_418,115,1,0.0
Q9NR96,nD1,"31-430,451-805,811-835",1604287,e4j0mB2,207.1.1,0.982,1.0,20.9,0.831,2.746,good_domain,9,31,subset_418,780,3,0.0
Q9NR96,nD2,856-1025,278131,e1t3gB1,2007.9.1,0.993,0.985,12.0,0.83,1.069,good_domain,6,5,subset_418,170,2,100.0
P19438,nD1,46-125,1066084,e4kgqC1,389.1.3,0.998,0.995,10.9,0.927,1.481,good_domain,0,5,subset_418,80,0,0.0
P19438,nD2,146-200,8515,e1extA3,389.1.3,0.998,0.996,8.8,0.965,1.019,good_domain,1,4,subset_418,55,0,0.0
P19438,nD3,211-235,184906,e2rddB1,6055.1.1,0.848,0.533,0.0,na,na,simple_topology,1,0,subset_418,25,0,8.0
P19438,nD4,356-440,3367,e1ichA1,110.1.1,0.998,0.978,11.1,0.977,0.885,good_domain,6,0,subset_418,85,0,100.0
P0CG48,nD1,1-70,1866805,e2n7eA1,221.1.1,1.0,0.961,11.0,0.875,0.745,good_domain,1,5,subset_320,70,0,0.0
P0CG48,nD2,76-155,2100902,e5xpyA2,221.1.1,1.0,0.966,11.5,0.574,0.851,good_domain,1,6,subset_320,80,0,0.0
P0CG48,nD3,156-225,2813507,e7sbiB1,221.1.1,1.0,0.993,12.4,0.864,0.745,good_domain,1,5,subset_320,70,0,0.0
P0CG48,nD4,231-300,1887533,e5chwD1,221.1.1,1.0,0.993,14.0,0.886,0.745,good_domain,1,5,subset_320,70,0,0.0
P0CG48,nD5,306-375,1887533,e5chwD1,221.1.1,1.0,0.994,13.9,0.886,0.745,good_domain,1,5,subset_320,70,0,0.0
P0CG48,nD6,381-450,1887533,e5chwD1,221.1.1,1.0,0.993,14.0,0.886,0.745,good_domain,1,5,subset_320,70,0,0.0
P0CG48,nD7,456-530,1031603,e1we7A1,221.1.1,1.0,0.954,10.7,0.652,0.798,good_domain,1,5,subset_320,75,0,0.0
P0CG48,nD8,531-605,2813507,e7sbiB1,221.1.1,1.0,0.994,12.4,0.926,0.798,good_domain,2,5,subset_320,75,0,0.0
P0CG48,nD9,611-680,72055,e1xt9B1,221.1.1,1.0,0.976,16.1,0.921,0.745,good_domain,2,5,subset_320,70,0,0.0
Q9H4B7,nD1,1-245,151218,e4drxB2,2003.1.6,0.999,1.0,32.0,0.971,1.189,good_domain,9,7,subset_320,245,2,100.0
Q9H4B7,nD2,246-430,151217,e4drxB1,301.6.1,0.995,1.0,17.4,0.979,1.267,good_domain,5,5,subset_320,185,2,100.0
Q12882,nD1,"26-180,286-440",1270281,e2eq6B5,2003.1.2,0.998,0.998,15.0,0.361,1.319,good_domain,9,8,subset_320,310,2,100.0
Q12882,nD2,"186-285,441-525",9294,e1gteA5,2003.1.3,0.997,1.0,31.8,0.944,0.737,good_domain,5,6,subset_320,185,2,100.0
Q12882,nD3,"526-910,916-1015",8730,e1gteA3,2002.1.1,0.997,1.0,51.3,0.978,1.55,good_domain,11,18,subset_320,485,2,100.0
P25103,nD1,26-340,2565169,e6todB1,5001.1.1,0.999,1.0,35.0,0.901,1.103,good_domain,8,2,subset_421,315,2,33.01587301587302
Q9UF33,nD1,31-205,2131245,e4m4rE4,10.1.2,0.999,1.0,29.6,0.748,1.115,good_domain,3,11,subset_421,175,2,0.0
Q9UF33,nD2,206-265,1758626,e4m4pA2,389.1.1,1.0,1.0,12.2,0.48,1.412,good_domain,0,5,subset_421,60,0,0.0
Q9UF33,nD3,266-330,1758626,e4m4pA2,389.1.1,1.0,1.0,12.2,0.512,1.529,simple_topology,0,2,subset_421,65,0,0.0
Q9UF33,nD4,331-440,2723351,e7k7jA1,11.1.1,0.999,1.0,14.5,0.69,1.019,good_domain,1,7,subset_421,110,1,0.0
Q9UF33,nD5,441-545,2806940,e7s7kA3,11.1.1,0.999,1.0,16.4,0.88,0.972,good_domain,1,7,subset_421,105,1,0.0
Q9UF33,nD6,606-955,2706103,e7kjcA1,206.1.1,0.995,1.0,41.0,0.907,1.163,good_domain,12,11,subset_421,350,2,100.0
Q9UF33,nD7,956-1035,2706104,e7kjcA2,102.1.1,0.999,1.0,12.9,0.91,1.026,good_domain,4,0,subset_421,80,0,100.0
P11836,nD1,"41-150,181-220",2715279,e6wvdA2,174.1.1,0.965,0.806,9.6,0.687,1.027,good_domain,4,0,subset_421,150,1,28.0
P11836,nD2,226-250,2083250,e5vo5A1,3291.1.1,0.043,0.0,5.7,na,na,simple_topology,1,0,subset_421,25,0,100.0
Q8N9N8,nD1,6-105,2720713,e6zxgj1,2.1.1,0.998,1.0,15.8,0.862,0.962,good_domain,2,5,subset_282,100,1,100.0
P49821,nD1,26-270,2117804,e5xtiBA3,4335.1.1,0.999,1.0,34.0,0.988,0.992,good_domain,8,5,subset_282,245,2,100.0
P49821,nD2,271-360,2117803,e5xtiBA2,221.1.4,0.996,1.0,15.2,1.0,1.065,good_domain,3,5,subset_282,90,1,100.0
P49821,nD3,361-464,2800257,e7o71B2,633.11.1,0.995,1.0,19.4,0.797,0.99,good_domain,4,0,subset_282,104,1,100.0
Q9H237,nD1,11-120,2820053,e7ewtA3,7023.1.1,0.91,1.0,4.8,0.826,0.894,good_domain,3,0,subset_282,110,1,13.636363636363637
Q9H237,nD2,121-300,2820051,e7ewtA1,7022.1.1,1.0,1.0,9.3,0.824,0.997,good_domain,5,2,subset_282,180,2,76.66666666666667
Q9H237,nD3,301-460,2820089,e7f40B2,7023.1.1,0.983,1.0,7.1,0.924,1.301,good_domain,6,0,subset_282,160,2,63.125
O75475,nD1,1-90,1175157,e2b8aA2,4.1.1,0.995,0.986,9.5,0.809,1.125,good_domain,2,4,subset_16,90,1,100.0
O75475,nD2,301-325,1596101,e4rv1D1,109.4.1,0.471,0.0,9.0,na,na,simple_topology,1,0,subset_16,25,0,100.0
O75475,nD3,341-440,2442335,e6emqA1,611.3.1,0.996,1.0,16.7,0.885,0.971,good_domain,5,2,subset_16,100,1,100.0
P32297,nD1,36-240,2527149,e6pv7A2,11.12.1,0.998,1.0,30.2,0.981,0.972,good_domain,1,11,subset_16,205,2,0.0
P32297,nD2,"241-355,441-500",2527150,e6pv7B1,5057.1.1,1.0,1.0,19.7,0.961,1.207,good_domain,5,0,subset_16,175,2,40.0
Q9NSA2,nD1,41-150,2820014,e7e87A1,226.1.1,0.994,1.0,18.2,0.948,0.94,good_domain,5,5,subset_16,110,1,100.0
Q9NSA2,nD2,156-435,2794037,e7e7zC1,5054.1.1,1.0,1.0,20.9,0.91,1.228,good_domain,7,2,subset_16,280,2,31.428571428571427
Q08722,nD1,21-130,1144864,e4cmmB1,11.1.1,0.998,0.986,23.5,0.932,1.019,good_domain,3,9,subset_16,110,1,0.0
Q08722,nD2,131-300,1761248,e3ma9A1,3567.1.1,0.946,0.0,13.9,0.731,2.881,good_domain,5,0,subset_16,170,2,18.823529411764707
Q00987,nD1,21-115,2755994,e7el4A1,178.1.1,0.997,0.999,14.8,0.748,0.974,good_domain,4,5,subset_58,95,1,100.0
Q00987,nD2,296-330,88688,e2c6bA1,375.1.1,0.962,0.995,0.0,0.761,0.625,simple_topology,0,0,subset_58,35,0,100.0
Q00987,nD3,431-490,2646180,e6sqpB1,376.1.1,0.993,0.348,11.6,0.882,0.769,good_domain,1,3,subset_58,60,0,100.0
P30518,nD1,36-350,2418907,e6igkA2,5001.1.1,0.999,1.0,28.6,0.83,1.103,good_domain,7,2,subset_58,315,2,32.06349206349206
P07237,nD1,11-135,2140805,e5xf7A2,2485.1.1,0.997,1.0,18.8,0.984,1.106,good_domain,4,5,subset_58,125,1,5.6
P07237,nD2,136-235,1197255,e2k18A3,2485.1.1,0.998,0.998,15.9,0.901,0.885,good_domain,4,4,subset_58,100,1,0.0
P07237,nD3,236-355,169097,e3bj5A1,2485.1.1,0.998,0.983,23.0,0.923,1.062,good_domain,3,5,subset_58,120,1,0.0
P07237,nD4,356-495,2526429,e6i7sB4,2485.1.1,0.997,1.0,23.0,0.984,1.239,good_domain,3,5,subset_58,140,1,0.0
P40933,nD1,46-160,56739,e2z3rG1,150.3.1,0.998,0.999,22.6,0.982,0.762,good_domain,4,2,subset_58,115,1,2.608695652173913
P27986,nD1,1-80,25687,e1pnjA1,4.1.1,0.99,0.0,11.1,0.939,1.0,good_domain,3,4,subset_174,80,0,100.0
P27986,nD2,111-300,2331679,e6d81B1,189.1.1,0.995,0.998,26.5,0.957,0.907,good_domain,8,0,subset_174,190,2,100.0
P27986,nD3,316-440,2327585,e5xghB1,214.1.1,0.994,1.0,20.9,0.992,1.126,good_domain,2,4,subset_174,125,1,100.0
P27986,nD4,446-595,2537293,e6pyrB1,3755.4.1,1.0,0.998,16.2,0.888,0.888,good_domain,2,0,subset_174,150,1,100.0
P27986,nD5,616-720,1838948,e5aulA1,214.1.1,0.996,0.982,22.5,0.954,0.946,good_domain,3,4,subset_174,105,1,100.0
P83731,nD1,1-130,1683210,e4v6wCW1,377.1.1,1.0,1.0,11.3,0.954,2.6,good_domain,4,3,subset_174,130,1,100.0
P53634,nD1,26-140,28376,e1k3bA1,9.8.1,0.99,1.0,17.0,0.966,0.975,good_domain,1,9,subset_174,115,1,0.0
P53634,nD2,166-463,145085,e3pdfA2,219.1.1,0.993,1.0,37.7,0.949,1.33,good_domain,8,10,subset_174,298,2,0.0
Q96PU5,nD1,6-165,331922,e3b7yB1,11.2.1,0.996,0.975,17.6,0.947,1.135,good_domain,0,9,subset_317,160,2,100.0
Q96PU5,nD2,191-230,222939,e4e5rA1,64.1.1,0.999,0.787,4.5,0.679,0.87,good_domain,0,3,subset_317,40,0,100.0
Q96PU5,nD3,386-415,165971,e2ysgA1,64.1.1,0.991,0.0,3.8,0.879,0.652,good_domain,0,3,subset_317,30,0,100.0
Q96PU5,nD4,496-530,2516780,e6j1yB3,64.1.1,0.999,1.0,2.6,0.453,0.761,good_domain,0,3,subset_317,35,0,100.0
Q96PU5,nD5,541-585,2517949,e6j1xB3,64.1.1,0.999,1.0,4.1,0.515,0.978,good_domain,1,3,subset_317,45,0,100.0
Q96PU5,nD6,591-965,2036584,e5lp8A1,261.1.1,1.0,1.0,44.0,0.844,0.997,good_domain,15,10,subset_317,375,2,100.0
P18054,nD1,1-110,31640,e2p0mB1,10.10.1,0.994,1.0,20.4,0.982,0.94,good_domain,0,8,subset_317,110,1,100.0
P18054,nD2,131-663,1273130,e3rdeC2,158.1.1,1.0,1.0,58.1,0.964,0.947,good_domain,18,4,subset_317,533,2,100.0
Q9HD36,nD1,1-180,154891,e4b4sA1,5000.3.1,0.998,1.0,27.5,0.908,1.165,good_domain,9,0,subset_317,180,2,100.0
Q9H444,nD1,"26-120,126-160",2608170,e6tz4O1,3291.1.1,1.0,0.997,9.9,0.739,0.739,good_domain,3,0,subset_123,130,1,100.0
Q13882,nD1,1-70,2322692,e6amwA2,4.1.1,0.98,0.995,5.2,0.428,0.875,good_domain,1,4,subset_123,70,0,100.0
Q13882,nD2,71-175,1223919,e4k2rA7,214.1.1,0.997,1.0,14.8,0.816,0.946,good_domain,2,3,subset_123,105,1,100.0
Q13882,nD3,181-445,2095882,e5u6bD1,206.1.1,1.0,0.999,34.9,0.873,0.88,good_domain,9,8,subset_123,265,2,100.0
P50579,nD1,"116-380,446-478",1723862,e5d6eA2,283.1.1,0.996,1.0,48.1,0.976,1.162,good_domain,5,16,subset_123,298,2,100.0
P50579,nD2,381-445,2680,e1b6aA1,101.1.2,0.999,1.0,7.3,0.878,0.684,good_domain,3,3,subset_123,65,0,100.0
Q12770,nD1,"46-280,626-660",2323948,e5u73A3,304.28.1,0.954,0.999,4.3,0.617,2.596,good_domain,10,9,subset_75,270,2,0.0
Q12770,nD2,"6-45,281-450",2816605,e7dfwA3,5067.1.1,0.996,0.999,24.0,0.853,0.959,good_domain,6,0,subset_75,210,2,31.904761904761905
Q12770,nD3,"756-890,946-1275",1411776,e4wjsA1,5.1.5,0.978,0.999,35.3,0.815,1.195,good_domain,1,31,subset_75,465,2,100.0
P09237,nD1,21-90,3397,e1su3A2,144.1.1,0.994,1.0,5.0,0.776,0.909,good_domain,3,0,subset_75,70,0,0.0
P09237,nD2,96-260,1094878,e4fu4A2,2498.1.1,0.998,0.996,23.2,0.948,0.657,good_domain,3,6,subset_75,165,2,0.0
P09960,nD1,6-210,153284,e3u9wA1,4081.1.1,0.997,1.0,36.9,0.99,0.99,good_domain,2,14,subset_75,205,2,100.0
P09960,nD2,211-465,153286,e3u9wA3,2498.1.1,0.998,1.0,42.3,0.996,1.016,good_domain,8,6,subset_75,255,2,100.0
P09960,nD3,466-610,1030482,e4gaaA2,109.4.1,0.998,1.0,26.5,0.967,0.507,good_domain,9,0,subset_75,145,1,100.0
Q9NYY1,nD1,26-175,990746,e4dohC1,150.3.1,0.999,1.0,29.8,0.98,0.993,good_domain,5,2,subset_75,150,1,0.0
P35240,nD1,21-100,6163,e1h4rA3,221.1.1,0.998,1.0,17.9,0.952,0.851,good_domain,2,6,subset_286,80,0,100.0
P35240,nD2,"101-215,511-575",1716770,e4rm8B1,197.1.1,0.993,1.0,18.9,0.88,1.622,good_domain,7,1,subset_286,180,2,100.0
P35240,nD3,"216-310,316-480",1171038,e4iloB5,3755.3.1,0.948,0.0,9.9,0.775,1.512,good_domain,4,6,subset_286,260,2,100.0
O75251,nD1,51-213,2644079,e6yj4B1,2007.1.3,0.998,1.0,24.5,0.921,1.278,good_domain,6,4,subset_286,163,2,100.0
Q13233,nD1,296-320,1388851,e4qhpA2,109.4.1,0.806,0.0,6.6,na,na,simple_topology,1,1,subset_286,25,0,100.0
Q13233,nD2,356-400,4582,e1wa5C1,109.4.1,0.938,0.0,7.4,0.024,0.157,simple_topology,2,0,subset_286,45,0,100.0
Q13233,nD3,436-500,1819841,e5d1lB3,376.1.1,0.986,0.974,7.1,0.696,0.833,good_domain,2,3,subset_286,65,0,100.0
Q13233,nD4,"546-880,1171-1195,1201-1510",2085272,e5mu7A1,109.4.1,0.995,0.904,9.0,0.458,2.343,good_domain,22,9,subset_286,670,3,100.0
Q07343,nD1,"166-235,241-280",1513009,e4wziB2,3954.1.1,0.999,1.0,8.3,0.744,0.94,good_domain,3,0,subset_412,110,1,100.0
Q07343,nD2,311-655,2445359,e6fg5A1,131.1.1,1.0,1.0,50.3,0.991,1.494,good_domain,15,0,subset_412,345,2,100.0
P0DMS8,nD1,"1-205,221-315",419894,e2ydvA1,5001.1.1,0.999,1.0,33.5,0.889,1.051,good_domain,7,3,subset_412,300,2,26.666666666666668
P29460,nD1,26-110,1942925,e5mj3A2,11.1.1,0.999,1.0,18.1,0.966,0.787,good_domain,1,6,subset_412,85,0,0.0
P29460,nD2,111-235,1942924,e5mj3A1,11.1.1,0.998,1.0,23.8,0.992,1.157,good_domain,1,8,subset_412,125,1,0.0
P29460,nD3,236-328,1942926,e5mj3A3,11.1.1,0.999,1.0,18.2,0.937,0.861,good_domain,0,7,subset_412,93,1,0.0
Q12933,nD1,16-100,001393554,e3knvA1,376.1.1,0.999,0.983,15.4,0.966,1.09,good_domain,3,4,subset_104,85,0,100.0
Q12933,nD2,101-130,001393555,e3knvA2,386.1.1,0.941,0.983,0.0,0.742,0.909,good_domain,1,2,subset_104,30,0,100.0
Q12933,nD3,131-155,002140392,e5vo0D3,386.1.1,0.964,0.995,0.0,0.926,0.758,good_domain,1,2,subset_104,25,0,100.0
Q12933,nD4,156-185,000146860,e3hcsA4,386.1.1,0.959,0.994,0.0,1.0,0.909,good_domain,1,2,subset_104,30,0,100.0
Q12933,nD5,186-210,001178579,e2yreA4,386.1.1,0.96,0.972,0.0,0.444,0.758,simple_topology,1,1,subset_104,25,0,100.0
Q12933,nD6,211-260,001178578,e2yreA3,386.1.1,0.988,0.972,3.1,0.909,1.515,good_domain,1,2,subset_104,50,0,100.0
Q12933,nD7,261-345,na,na,na,na,na,na,na,na,simple_topology,1,0,subset_104,85,0,100.0
Q12933,nD8,346-500,000041559,e1ca9E1,11.10.1,0.997,0.998,27.8,0.993,1.006,good_domain,2,7,subset_104,155,2,100.0
P56696,nD1,71-325,002452530,e6j8eA1,5054.1.1,0.993,0.995,10.6,0.408,1.118,good_domain,10,0,subset_104,255,2,34.509803921568626
P56696,nD2,"326-370,526-555",002166090,e6b8mA1,6170.1.1,0.866,0.993,5.4,0.808,0.898,good_domain,3,0,subset_104,75,0,100.0
P56696,nD3,561-585,000217386,e3vouA1,5054.1.1,0.975,0.0,10.3,0.18,0.11,simple_topology,1,0,subset_104,25,0,100.0
P56696,nD4,616-645,002390905,e6fgzA1,6108.1.1,0.031,0.0,3.8,na,na,simple_topology,1,0,subset_104,30,0,100.0
P55210,nD1,56-303,001406110,e4qu9A1,7575.1.1,0.996,1.0,36.6,0.928,0.959,good_domain,5,11,subset_104,248,2,100.0
Q9BQ51,nD1,21-120,001220114,e3rnqB4,11.1.1,1.0,0.998,22.8,0.482,0.926,good_domain,3,7,subset_104,100,1,0.0
Q9BQ51,nD2,121-210,001220114,e3rnqB4,11.1.1,1.0,0.998,22.8,0.471,0.833,good_domain,1,7,subset_104,90,1,0.0
P28482,nD1,1-355,2462119,e5z33A1,206.1.1,1.0,1.0,44.3,0.907,1.179,good_domain,10,10,subset_118,355,2,100.0
P10253,nD1,81-165,1239214,e3lppC6,355.1.1,0.995,1.0,5.9,0.92,1.545,good_domain,1,2,subset_118,85,0,0.0
P10253,nD2,166-720,2095621,e5kzwA3,2002.1.1,0.898,1.0,52.4,0.997,1.773,good_domain,12,24,subset_118,555,2,0.0
P10253,nD3,721-820,2095622,e5kzwA4,12.1.1,0.999,1.0,18.1,0.888,1.111,good_domain,1,7,subset_118,100,1,0.0
P10253,nD4,821-950,2095620,e5kzwA2,4178.1.1,0.998,1.0,24.3,0.977,0.942,good_domain,0,10,subset_118,130,1,0.0
P29466,nD1,1-95,2415542,e6mksE1,110.1.1,0.997,0.962,16.3,0.944,0.99,good_domain,4,0,subset_118,95,1,100.0
P29466,nD2,131-404,185196,e3e4cA1,7575.1.1,0.999,1.0,38.8,0.932,1.06,good_domain,6,10,subset_118,274,2,100.0
Q13946,nD1,136-465,134645,e3g3nA1,131.1.1,1.0,1.0,51.1,1.0,1.429,good_domain,13,0,subset_463,330,2,100.0
P33402,nD1,91-295,377464,e2kilA1,873.1.1,0.987,0.993,12.9,0.912,1.199,good_domain,7,4,subset_463,205,2,100.0
P33402,nD2,316-455,2816576,e7d9rB3,223.1.1,0.997,1.0,19.8,0.765,0.959,good_domain,6,5,subset_463,140,1,100.0
P33402,nD3,476-700,2773694,e6jt1B2,304.48.1,1.0,1.0,26.9,0.944,1.03,good_domain,7,9,subset_463,225,2,100.0
P20273,nD1,21-140,2124039,e5vkjA2,11.1.1,1.0,1.0,19.0,0.958,1.111,good_domain,1,10,subset_463,120,1,0.0
P20273,nD2,141-240,1933637,e5lf5A4,11.1.1,1.0,1.0,12.2,0.951,0.926,good_domain,0,8,subset_463,100,1,0.0
P20273,nD3,241-330,1887914,e5k6uA1,11.1.1,1.0,0.999,10.9,0.933,0.833,good_domain,1,8,subset_463,90,1,0.0
P20273,nD4,331-415,1954718,e5t89Y2,11.1.1,1.0,1.0,9.3,0.35,0.787,good_domain,1,6,subset_463,85,0,0.0
P20273,nD5,416-500,1954718,e5t89Y2,11.1.1,1.0,1.0,9.3,0.341,0.787,good_domain,0,9,subset_463,85,0,0.0
P20273,nD6,501-590,1221864,e2gi7A4,11.1.1,1.0,0.989,11.2,0.954,0.833,good_domain,1,10,subset_463,90,1,0.0
P20273,nD7,"591-680,686-710,816-845",1218937,e3ojmB4,11.1.1,1.0,0.991,10.5,0.764,1.343,good_domain,2,8,subset_463,145,1,22.06896551724138
P47989,nD1,6-90,000863742,e3zyvA4,221.1.1,0.997,1.0,16.8,0.944,0.904,good_domain,2,6,subset_434,85,0,100.0
P47989,nD2,196-415,000366772,e3hrdG2,217.1.1,0.996,1.0,15.8,0.944,1.038,good_domain,7,10,subset_434,220,2,100.0
P47989,nD3,"91-165,416-695",002772451,e7opnA6,244.3.1,0.998,1.0,20.4,0.95,3.087,good_domain,10,9,subset_434,355,2,100.0
P47989,nD4,696-1333,na,na,na,na,na,na,na,na,low_confidence,19,18,subset_434,638,3,100.0
Q9Y5Y9,nD1,"16-50,81-95",002639168,e6welD1,5054.1.1,0.822,0.0,4.7,na,na,simple_topology,1,1,subset_434,50,0,100.0
Q9Y5Y9,nD2,"56-80,96-440,606-630,636-900,1111-1735",002100243,e5xsyA1,5054.1.1,1.0,1.0,20.4,0.951,5.636,good_domain,40,8,subset_434,1285,3,39.45525291828794
Q9Y5Y9,nD3,1736-1845,001412630,e4ovnJ1,108.1.1,0.996,0.997,13.4,0.844,1.236,good_domain,5,4,subset_434,110,1,100.0
Q9Y5Y9,nD4,1846-1870,001154750,e4dckA2,6006.1.1,0.958,0.997,0.0,0.742,0.769,simple_topology,1,1,subset_434,25,0,100.0
P12314,nD1,16-100,001549294,e4w4oC3,11.1.1,0.999,1.0,15.7,0.928,0.787,good_domain,1,7,subset_434,85,0,0.0
P12314,nD2,101-185,000429333,e3rjdA4,11.1.1,0.999,1.0,17.6,0.988,0.787,good_domain,2,9,subset_434,85,0,0.0
P12314,nD3,186-320,001549292,e4w4oC1,11.1.1,0.999,1.0,19.3,0.979,1.25,good_domain,2,8,subset_434,135,1,5.185185185185185
P04035,nD1,"6-15,51-240",2157278,e5yhfA3,5067.1.1,0.998,0.991,16.2,0.827,0.913,good_domain,7,0,subset_437,200,2,35.5
P04035,nD2,586-700,65381,e1dqaC1,304.31.1,0.996,1.0,26.2,0.974,0.983,good_domain,3,5,subset_437,115,1,100.0
P04035,nD3,"441-585,701-870",343598,e3cd5B2,304.31.2,1.0,1.0,39.3,0.984,1.137,good_domain,12,7,subset_437,315,2,100.0
O00591,nD1,31-240,2388936,e6d6tE1,11.12.1,0.996,1.0,25.5,0.732,0.995,good_domain,3,12,subset_437,210,2,0.0
O00591,nD2,"241-370,386-440",420458,e3ri5C2,5057.1.1,0.996,1.0,19.4,0.961,1.276,good_domain,5,0,subset_437,185,2,42.16216216216216
Q8TDQ0,nD1,"6-140,171-200",317692,e2or8B1,11.1.1,0.996,0.982,20.1,0.991,1.528,good_domain,3,9,subset_437,165,2,9.696969696969697
Q8TDQ0,nD2,201-240,1764134,e2n2aA1,3569.1.1,0.907,0.943,0.0,0.345,0.69,simple_topology,1,0,subset_437,40,0,40.0
P22459,nD1,21-50,2083250,e5vo5A1,3291.1.1,0.274,0.0,4.3,na,na,simple_topology,1,0,subset_355,30,0,100.0
P22459,nD2,176-280,166293,e2r9rB2,226.1.1,0.994,1.0,19.7,0.99,0.897,good_domain,5,3,subset_355,105,1,100.0
P22459,nD3,286-600,176798,e3lutB1,5054.1.1,0.992,1.0,11.6,0.759,1.382,good_domain,9,0,subset_355,315,2,29.523809523809526
Q04912,nD1,26-525,1916717,e5m11A2,5.1.4,0.91,0.0,19.2,0.854,1.393,good_domain,3,28,subset_355,500,2,0.0
Q04912,nD2,526-565,151779,e4fwwA2,355.1.1,1.0,1.0,8.5,0.889,0.727,good_domain,1,2,subset_355,40,0,0.0
Q04912,nD3,566-680,1862369,e5l5gC5,11.1.1,1.0,1.0,11.9,0.582,1.065,good_domain,0,8,subset_355,115,1,0.0
Q04912,nD4,681-770,1862373,e5l5kA3,11.1.1,1.0,1.0,15.0,1.0,0.833,good_domain,0,8,subset_355,90,1,0.0
Q04912,nD5,771-860,1862378,e5l5kA8,11.1.1,1.0,1.0,10.8,0.481,0.833,good_domain,0,8,subset_355,90,1,0.0
Q04912,nD6,861-950,1862367,e5l5gC3,11.1.1,1.0,0.986,6.9,0.894,0.833,good_domain,1,6,subset_355,90,1,0.0
Q04912,nD7,1056-1360,2460572,e6j5tD1,206.1.1,0.997,0.999,14.4,0.67,1.013,good_domain,9,9,subset_355,305,2,100.0
Q01201,nD1,116-300,135652,e3do7A1,11.1.5,0.995,1.0,25.6,0.963,1.201,good_domain,1,9,subset_359,185,2,100.0
Q01201,nD2,301-410,32461,e1oy3C1,11.1.1,0.998,0.999,13.0,0.991,1.019,good_domain,1,8,subset_359,110,1,100.0
Q8WXA8,nD1,38-245,2714268,e6w1mA1,11.12.1,0.996,1.0,16.9,0.97,0.986,good_domain,3,11,subset_359,208,2,0.0
Q8WXA8,nD2,"246-355,406-445",2714266,e6w1jE1,5057.1.1,0.994,1.0,9.9,0.818,1.034,good_domain,5,0,subset_359,150,1,35.333333333333336
Q16186,nD1,21-130,146644,e2kr0A1,220.1.1,0.997,1.0,17.5,0.833,0.902,good_domain,1,8,subset_359,110,1,100.0
Q16186,nD2,"151-175,276-400",146985,e2kr0A2,3206.1.1,0.975,1.0,6.1,0.349,0.545,partial_domain,8,0,subset_359,150,1,100.0
Q9BRT2,nD1,1-105,2791481,e7aqrW1,1128.1.1,0.984,0.792,4.7,0.508,1.055,good_domain,5,0,subset_140,105,1,100.0
P31213,nD1,11-254,185634,e4a2nB1,3447.1.1,0.986,0.992,9.9,0.87,1.208,good_domain,7,2,subset_140,244,2,34.42622950819672
O00206,nD1,31-335,2770911,e7mlmA1,207.1.1,0.997,1.0,33.4,0.512,1.074,good_domain,3,13,subset_140,305,2,0.0
O00206,nD2,"336-625,631-660",1557589,e4u06A1,207.1.1,0.994,0.997,19.9,0.602,1.127,good_domain,5,16,subset_140,320,2,2.5
O00206,nD3,661-820,1684203,e4w8hA1,2007.9.1,0.994,0.984,18.4,1.0,1.006,good_domain,6,4,subset_140,160,2,100.0
